timestamp,capacity,voltage_now,v_ocv_uv,current_now,status,health,temp,charge_now,charge_full,charge_full_design,time_to_full_now,time_to_empty_avg,ina228_current_ua,ina228_bus_uv,ina228_power_mw,ina228_dietemp_mdeg_c,fg_mode
2026-07-24T00:40:49.605709,78,4049804,4105148,-672923,Charging,Good,370,2964000,3800000,3800000,3762,0,-672923,4049804,2725,40367,charging
2026-07-24T00:40:59.618309,78,4076953,4105063,-1058969,Charging,Good,370,2964000,3800000,3800000,2866,0,-1058969,4076953,4317,40375,charging
2026-07-24T00:41:09.631406,78,4082031,4104707,-1113876,Charging,Good,370,2964000,3800000,3800000,3540,0,-1113876,4082031,4546,40398,charging
2026-07-24T00:41:19.643442,78,4067968,4104497,-912546,Charging,Good,370,2964000,3800000,3800000,4012,0,-912546,4067968,3712,40429,charging
2026-07-24T00:41:29.655864,78,4083984,4104466,-1128634,Charging,Good,370,2964000,3800000,3800000,2736,0,-1128634,4083984,4609,40468,charging
2026-07-24T00:41:39.668289,78,4083789,4104236,-1127755,Charging,Good,370,2964000,3800000,3800000,2866,0,-1127755,4083789,4605,40500,charging
2026-07-24T00:41:49.680660,78,4080664,4104302,-1066183,Charging,Good,370,2964000,3800000,3800000,2617,0,-1066183,4080664,4350,40554,charging
2026-07-24T00:41:59.718228,78,4085742,4104453,-1127560,Charging,Good,370,2964000,3800000,3800000,2736,0,-1127560,4085742,4606,40585,charging
2026-07-24T00:42:09.730636,78,4078515,4104879,-1029892,Charging,Good,370,2964000,3800000,3800000,2866,0,-1029892,4078515,4200,40617,charging
2026-07-24T00:42:19.743009,78,4086523,4105060,-1125216,Charging,Good,370,2964000,3800000,3800000,2617,0,-1125216,4086523,4598,40632,charging
2026-07-24T00:42:29.755419,79,4082617,4105173,-1060861,Charging,Good,370,3002000,3800000,3800000,2498,0,-1060861,4082617,4331,40656,charging
2026-07-24T00:42:39.767896,79,4102343,4105586,-1305404,Charging,Good,370,3002000,3800000,3800000,2128,0,-1305404,4102343,5355,40687,charging
2026-07-24T00:42:49.780042,79,4074023,4105701,-936850,Charging,Good,370,3002000,3800000,3800000,3192,0,-936850,4074023,3816,40718,charging
2026-07-24T00:42:59.792396,79,4091992,4105876,-1166403,Charging,Good,370,3002000,3800000,3800000,2394,0,-1166403,4091992,4772,40726,charging
2026-07-24T00:43:09.804894,79,4092578,4106482,-1167868,Charging,Good,370,3002000,3800000,3800000,2498,0,-1167868,4092578,4779,40757,charging
2026-07-24T00:43:19.867913,79,4088671,4106713,-1101523,Charging,Good,370,3002000,3800000,3800000,2611,0,-1101523,4088671,4503,40765,charging
2026-07-24T00:43:29.880311,79,4093945,4106959,-1166488,Charging,Good,370,3002000,3800000,3800000,2394,0,-1166488,4093945,4775,40781,charging
2026-07-24T00:43:39.892661,79,4089648,4107703,-1098422,Charging,Good,370,3002000,3800000,3800000,2498,0,-1098422,4089648,4492,40804,charging
2026-07-24T00:43:49.905109,79,4090039,4107953,-1099338,Charging,Good,370,3002000,3800000,3800000,2611,0,-1099338,4090039,4496,40804,charging
2026-07-24T00:43:59.917582,79,4106250,4108314,-1291305,Charging,Good,370,3002000,3800000,3800000,2209,0,-1291305,4106250,5302,40835,charging
2026-07-24T00:44:09.930027,79,4106835,4109557,-1295504,Charging,Good,370,3002000,3800000,3800000,2209,0,-1295504,4106835,5320,40875,charging
2026-07-24T00:44:19.942468,79,4107421,4109910,-1287264,Charging,Good,370,3002000,3800000,3800000,2298,0,-1287264,4107421,5287,40921,charging
2026-07-24T00:44:29.954902,80,4107617,4110328,-1285665,Charging,Good,370,3040000,3800000,3800000,2188,0,-1285665,4107617,5280,40953,charging
2026-07-24T00:44:39.967368,80,4103906,4111660,-1220895,Charging,Good,370,3040000,3800000,3800000,2280,0,-1220895,4103906,5010,40984,charging
2026-07-24T00:44:49.979961,80,4109375,4112127,-1280099,Charging,Good,370,3040000,3800000,3800000,2104,0,-1280099,4109375,5260,41015,charging
2026-07-24T00:44:59.992517,80,4104492,4112498,-1213815,Charging,Good,370,3040000,3800000,3800000,2188,0,-1213815,4104492,4982,41062,charging
2026-07-24T00:45:09.994566,80,4105078,4113670,-1231759,Charging,Good,370,3040000,3800000,3800000,2280,0,-1231759,4105078,5056,41078,charging
2026-07-24T00:45:20.007044,80,4109765,4114098,-1275924,Charging,Good,370,3040000,3800000,3800000,2188,0,-1275924,4109765,5243,41132,charging
2026-07-24T00:45:30.019493,80,4110546,4114542,-1277145,Charging,Good,370,3040000,3800000,3800000,2188,0,-1277145,4110546,5249,41171,charging
2026-07-24T00:45:40.031933,80,4111718,4115436,-1277084,Charging,Good,370,3040000,3800000,3800000,2280,0,-1277084,4111718,5250,41210,charging
2026-07-24T00:45:50.044371,80,4106445,4116313,-1211520,Charging,Good,370,3040000,3800000,3800000,2280,0,-1211520,4106445,4975,41250,charging
2026-07-24T00:46:00.056840,80,4107812,4116753,-1214840,Charging,Good,370,3040000,3800000,3800000,2379,0,-1214840,4107812,4990,41273,charging
2026-07-24T00:46:10.069340,80,4108203,4117619,-1211862,Charging,Good,370,3040000,3800000,3800000,2104,0,-1211862,4108203,4978,41312,charging
2026-07-24T00:46:20.081835,80,4108593,4118461,-1214962,Charging,Good,370,3040000,3800000,3800000,2188,0,-1214962,4108593,4991,41328,charging
2026-07-24T00:46:30.094266,81,4108789,4118875,-1203085,Charging,Good,370,3078000,3800000,3800000,2475,0,-1203085,4108789,4943,41367,charging
2026-07-24T00:46:40.106735,81,4114257,4119685,-1272860,Charging,Good,370,3078000,3800000,3800000,1999,0,-1272860,4114257,5236,41390,charging
2026-07-24T00:46:50.119207,81,4109765,4120376,-1205660,Charging,Good,370,3078000,3800000,3800000,2166,0,-1205660,4109765,4955,41429,charging
2026-07-24T00:47:00.131701,81,4115625,4120699,-1267391,Charging,Good,370,3078000,3800000,3800000,2079,0,-1267391,4115625,5216,41445,charging
2026-07-24T00:47:10.144114,81,4110351,4121038,-1202572,Charging,Good,370,3078000,3800000,3800000,2079,0,-1202572,4110351,4942,41492,charging
2026-07-24T00:47:20.156608,81,4116015,4122039,-1265377,Charging,Good,370,3078000,3800000,3800000,1999,0,-1265377,4116015,5208,41531,charging
2026-07-24T00:47:30.169067,81,4111718,4122379,-1202243,Charging,Good,370,3078000,3800000,3800000,2260,0,-1202243,4111718,4943,41578,charging
2026-07-24T00:47:40.240398,81,4116601,4122829,-1259359,Charging,Good,370,3078000,3800000,3800000,1999,0,-1259359,4116601,5184,41617,charging
2026-07-24T00:47:50.252917,81,4117578,4124176,-1259298,Charging,Good,370,3078000,3800000,3800000,1999,0,-1259298,4117578,5185,41640,charging
2026-07-24T00:48:00.265461,81,4116796,4124600,-1258236,Charging,Good,370,3078000,3800000,3800000,2166,0,-1258236,4116796,5179,41656,charging
2026-07-24T00:48:10.278108,81,4096484,4124875,-999130,Charging,Good,370,3078000,3800000,3800000,3249,0,-999130,4096484,4093,41648,charging
2026-07-24T00:48:20.290183,81,4093164,4125527,-961325,Charging,Good,370,3078000,3800000,3800000,2736,0,-961325,4093164,3934,41640,charging
2026-07-24T00:48:30.302677,82,4098632,4125737,-1024399,Charging,Good,370,3116000,3800000,3800000,2141,0,-1024399,4098632,4199,41632,charging
2026-07-24T07:02:05.449416,81,3989257,4003312,1652998,Discharging,Good,370,3114114,3800000,3800000,0,1883918,1652998,3989257,6623,24789,resting
2026-07-24T07:02:15.536559,81,4050195,4002488,1091610,Discharging,Good,370,3111181,3800000,3800000,0,2850084,1091610,4050195,4421,25000,resting
2026-07-24T07:02:25.620495,81,4004296,4001878,1548323,Discharging,Good,370,3106881,3800000,3800000,0,2006610,1548323,4004296,6199,25242,resting
2026-07-24T07:02:35.714965,81,4053710,4004000,954550,Discharging,Good,370,3104379,3800000,3800000,0,3252191,954550,4053710,3869,25531,resting
2026-07-24T07:02:45.800738,81,4014843,4003782,1413680,Discharging,Good,370,3100453,3800000,3800000,0,2193178,1413680,4014843,5675,25718,resting
2026-07-24T07:02:55.887319,81,4043359,4003640,1042355,Discharging,Good,370,3097558,3800000,3800000,0,2971691,1042355,4043359,4231,25882,resting
2026-07-24T07:03:05.971469,81,4057812,4003399,883518,Discharging,Good,370,3095150,3800000,3800000,0,3503211,883518,4057812,3585,25976,resting
2026-07-24T07:03:16.067607,81,4056250,4003517,890927,Discharging,Good,370,3092676,3800000,3800000,0,3471301,890927,4056250,3613,26070,resting
2026-07-24T07:03:26.163204,81,4072460,4003815,696177,Discharging,Good,370,3090743,3800000,3800000,0,4439593,696177,4072460,2835,26148,resting
2026-07-24T07:03:36.250316,81,4072851,4004851,692490,Discharging,Good,370,3089033,3800000,3800000,0,4460761,692490,4072851,2820,26195,resting
2026-07-24T07:03:46.347019,81,4073242,4005329,696091,Discharging,Good,370,3087100,3800000,3800000,0,4434908,696091,4073242,2835,26242,resting
2026-07-24T07:03:56.446093,81,4075976,4005854,657566,Discharging,Good,370,3085274,3800000,3800000,0,4691960,657566,4075976,2680,26289,resting
2026-07-24T07:04:06.543726,81,4079101,4007425,602085,Discharging,Good,370,3083909,3800000,3800000,0,5122049,602085,4079101,2455,26335,resting
2026-07-24T07:04:16.632219,81,4071289,4007973,701914,Discharging,Good,370,3081960,3800000,3800000,0,4390794,701914,4071289,2857,26390,resting
2026-07-24T07:04:26.717985,81,4078320,4008529,605747,Discharging,Good,370,3080278,3800000,3800000,0,5085089,605747,4078320,2470,26421,resting
2026-07-24T07:04:36.804604,81,4053515,4010010,906528,Discharging,Good,370,3078212,3800000,3800000,0,3395606,906528,4053515,3674,26476,resting
2026-07-24T07:04:46.901060,80,4069531,4010342,693870,Discharging,Good,370,3076285,3800000,3800000,0,4433517,693870,4069531,2823,26500,resting
2026-07-24T07:04:56.982281,80,4033398,4010415,1093649,Discharging,Good,370,3073248,3800000,3800000,0,2810086,1093649,4033398,4411,26578,resting
2026-07-24T07:05:07.065962,80,4046875,4010461,895920,Discharging,Good,370,3071077,3800000,3800000,0,3427847,895920,4046875,3625,26718,resting
2026-07-24T07:05:17.157616,80,4039648,4010423,981345,Discharging,Good,370,3068352,3800000,3800000,0,3126680,981345,4039648,3964,26890,resting
2026-07-24T07:05:27.235906,80,4038281,4010363,982016,Discharging,Good,370,3065625,3800000,3800000,0,3121766,982016,4038281,3965,27039,resting
2026-07-24T07:05:37.315724,80,4044726,4010158,887302,Discharging,Good,370,3063401,3800000,3800000,0,3452489,887302,4044726,3588,27164,resting
2026-07-24T07:05:47.394504,80,4035742,4010077,993076,Discharging,Good,370,3060643,3800000,3800000,0,3081982,993076,4035742,4007,27320,resting
2026-07-24T07:05:57.488224,80,4020117,4009773,1160128,Discharging,Good,370,3057421,3800000,3800000,0,2635416,1160128,4020117,4663,27500,resting
2026-07-24T07:06:07.587694,80,4033984,4008831,990720,Discharging,Good,370,3054966,3800000,3800000,0,3083581,990720,4033984,3996,27710,resting
2026-07-24T07:06:17.671899,80,4000976,4008378,1342794,Discharging,Good,370,3051237,3800000,3800000,0,2272304,1342794,4000976,5370,27875,resting
2026-07-24T07:06:27.770141,80,4030468,4007948,998508,Discharging,Good,370,3048464,3800000,3800000,0,3053019,998508,4030468,4024,28062,resting
2026-07-24T07:06:37.852290,80,4024023,4006473,1072812,Discharging,Good,370,3046074,3800000,3800000,0,2839336,1072812,4024023,4316,28273,resting
2026-07-24T07:06:47.940107,80,4036328,4006223,908774,Discharging,Good,370,3043550,3800000,3800000,0,3349072,908774,4036328,3668,28476,resting
2026-07-24T07:06:58.022515,80,4028515,4005938,993198,Discharging,Good,370,3040792,3800000,3800000,0,3061617,993198,4028515,4001,28632,resting
2026-07-24T07:07:08.104849,79,3995117,4004863,1399141,Discharging,Good,370,3038183,3800000,3800000,0,2171463,1399141,3995117,5587,28789,resting
2026-07-24T07:07:18.204641,79,4031250,4004575,928513,Discharging,Good,370,3035604,3800000,3800000,0,3269317,928513,4031250,3742,28914,resting
2026-07-24T07:07:28.287077,79,3955664,4003728,1800068,Discharging,Good,370,3030604,3800000,3800000,0,1683605,1800068,3955664,7119,29148,resting
2026-07-24T07:07:38.368304,79,4004101,4001417,1194540,Discharging,Good,370,3027319,3800000,3800000,0,2534296,1194540,4004101,4782,29343,resting
2026-07-24T07:07:48.449106,79,3987109,4000617,1379159,Discharging,Good,370,3023489,3800000,3800000,0,2192270,1379159,3987109,5494,29632,resting
2026-07-24T07:07:58.531901,79,4033203,4000111,840000,Discharging,Good,370,3021156,3800000,3800000,0,3596614,840000,4033203,3387,29757,resting
2026-07-24T07:08:08.623054,79,4019140,3998602,988815,Discharging,Good,370,3018676,3800000,3800000,0,3052821,988815,4019140,3974,29890,resting
2026-07-24T07:08:18.700555,79,4027539,3998208,886728,Discharging,Good,370,3016213,3800000,3800000,0,3401508,886728,4027539,3571,30023,resting
2026-07-24T07:08:28.787423,79,4027929,3997872,887607,Discharging,Good,370,3013748,3800000,3800000,0,3395363,887607,4027929,3575,30203,resting
2026-07-24T07:08:38.873237,79,4019726,3996972,974289,Discharging,Good,370,3011619,3800000,3800000,0,3091094,974289,4019726,3916,30375,resting
2026-07-24T07:08:48.971314,79,4028125,3996821,870627,Discharging,Good,370,3009201,3800000,3800000,0,3456360,870627,4028125,3507,30546,resting
2026-07-24T07:08:59.068928,79,4012695,3996652,1049435,Discharging,Good,370,3006286,3800000,3800000,0,2864670,1049435,4012695,4210,30703,resting
2026-07-24T07:09:09.152501,79,3994531,3996043,1263827,Discharging,Good,370,3003634,3800000,3800000,0,2376618,1263827,3994531,5047,30921,resting
2026-07-24T07:09:19.229905,78,4020703,3995826,935483,Discharging,Good,370,3001036,3800000,3800000,0,3208006,935483,4020703,3761,31062,resting
2026-07-24T07:09:29.325688,78,4030273,3995729,828659,Discharging,Good,370,2998735,3800000,3800000,0,3618780,828659,4030273,3339,31140,resting
2026-07-24T07:09:39.412648,78,4028125,3995284,838071,Discharging,Good,370,2996361,3800000,3800000,0,3575306,838071,4028125,3375,31242,resting
2026-07-24T07:09:49.485984,90,4157617,3998049,-674583,Charging,Good,370,3420000,3800000,3800000,2104,0,-674583,4157617,2804,31320,charging
2026-07-24T07:09:59.570217,90,4159960,4000769,-609544,Charging,Good,370,3420000,3800000,3800000,2736,0,-609544,4159960,2535,31328,charging
2026-07-24T07:10:09.650675,90,4160546,4011210,-575010,Charging,Good,370,3420000,3800000,3800000,3040,0,-575010,4160546,2392,31312,charging
2026-07-24T07:10:19.652761,90,4161523,4023327,-546202,Charging,Good,370,3420000,3800000,3800000,3420,0,-546202,4161523,2273,31289,charging
2026-07-24T07:10:29.739676,90,4162304,4025633,-523619,Charging,Good,370,3420000,3800000,3800000,3420,0,-523619,4162304,2179,31242,charging
2026-07-24T07:10:39.741682,90,4163281,4027901,-507689,Charging,Good,370,3420000,3800000,3800000,3420,0,-507689,4163281,2113,31195,charging
2026-07-24T07:10:49.743765,90,4163671,4030132,-493626,Charging,Good,370,3420000,3800000,3800000,4560,0,-493626,4163671,2055,31148,charging
2026-07-24T07:10:59.830260,90,4164062,4032326,-478966,Charging,Good,370,3420000,3800000,3800000,3908,0,-478966,4164062,1994,31101,charging
2026-07-24T07:11:09.984077,90,4164648,4034484,-467332,Charging,Good,380,3420000,3800000,3800000,4560,0,-467564,4164453,1947,31054,charging
2026-07-24T07:11:19.986114,90,4164843,4038695,-459532,Charging,Good,380,3420000,3800000,3800000,3908,0,-459532,4164843,1913,31015,charging
2026-07-24T07:11:30.070261,90,4164843,4040749,-451390,Charging,Good,370,3420000,3800000,3800000,3420,0,-451390,4164843,1879,30976,charging
2026-07-24T07:11:40.158245,90,4165429,4042769,-442723,Charging,Good,380,3420000,3800000,3800000,3908,0,-442723,4165429,1844,30945,charging
2026-07-24T07:11:50.160303,90,4165820,4046710,-437413,Charging,Good,380,3420000,3800000,3800000,4560,0,-437413,4165820,1822,30921,charging
2026-07-24T07:12:00.245209,90,4165429,4048632,-428648,Charging,Good,380,3420000,3800000,3800000,5472,0,-428648,4165429,1785,30914,charging
2026-07-24T07:12:10.317085,90,4166601,4050523,-423668,Charging,Good,370,3420000,3800000,3800000,4560,0,-423668,4166601,1765,30898,charging
2026-07-24T07:12:20.319089,90,4165820,4054212,-419225,Charging,Good,380,3420000,3800000,3800000,5472,0,-419225,4165820,1746,30890,charging
2026-07-24T07:12:30.402241,90,4166406,4056011,-414073,Charging,Good,370,3420000,3800000,3800000,5472,0,-414073,4166406,1725,30890,charging
2026-07-24T07:12:40.477287,90,4166796,4057781,-408214,Charging,Good,380,3420000,3800000,3800000,4560,0,-408214,4166796,1700,30890,charging
2026-07-24T07:12:50.479268,90,4166210,4061234,-403734,Charging,Good,380,3420000,3800000,3800000,5472,0,-403734,4166210,1682,30898,charging
2026-07-24T07:13:00.565094,90,4166601,4062918,-399010,Charging,Good,380,3420000,3800000,3800000,5472,0,-399010,4166601,1662,30906,charging
2026-07-24T07:13:10.657384,90,4166796,4064575,-395775,Charging,Good,370,3420000,3800000,3800000,5472,0,-395775,4166796,1649,30914,charging
2026-07-24T07:13:20.746046,90,4167187,4069383,-391820,Charging,Good,370,3420000,3800000,3800000,5472,0,-391820,4167187,1632,30929,charging
2026-07-24T07:13:30.817070,90,4167187,4070934,-386082,Charging,Good,370,3420000,3800000,3800000,5472,0,-386082,4167187,1608,30945,charging
2026-07-24T07:13:40.894622,90,4167382,4072459,-383885,Charging,Good,370,3420000,3800000,3800000,5472,0,-383885,4167382,1599,30960,charging
2026-07-24T07:13:50.978243,90,4167773,4076886,-378795,Charging,Good,380,3420000,3800000,3800000,5472,0,-378795,4167773,1578,30984,charging
2026-07-24T07:14:01.063706,90,4167578,4078314,-375304,Charging,Good,370,3420000,3800000,3800000,6840,0,-375304,4167578,1564,31007,charging
2026-07-24T07:14:11.145417,90,4167382,4079718,-372398,Charging,Good,380,3420000,3800000,3800000,5472,0,-372398,4167382,1551,31046,charging
2026-07-24T07:14:21.233113,90,4167968,4083794,-368407,Charging,Good,380,3420000,3800000,3800000,5472,0,-368407,4167968,1535,31070,charging
2026-07-24T07:14:31.305832,90,4167968,4085108,-365062,Charging,Good,380,3420000,3800000,3800000,6840,0,-365062,4167968,1521,31109,charging
2026-07-24T07:14:41.383313,90,4167773,4086401,-362181,Charging,Good,370,3420000,3800000,3800000,6840,0,-362181,4167773,1509,31140,charging
2026-07-24T07:14:51.477126,90,4168164,4090154,-358812,Charging,Good,380,3420000,3800000,3800000,6840,0,-358812,4168164,1495,31171,charging
2026-07-24T07:15:01.566439,90,4168359,4091364,-355748,Charging,Good,380,3420000,3800000,3800000,5472,0,-355748,4168359,1482,31203,charging
2026-07-24T07:15:11.640596,90,4168750,4092554,-351744,Charging,Good,370,3420000,3800000,3800000,4560,0,-351744,4168750,1466,31242,charging
2026-07-24T07:15:21.729324,90,4168750,4096010,-349559,Charging,Good,380,3420000,3800000,3800000,4560,0,-349559,4168750,1457,31273,charging
2026-07-24T07:15:31.803339,90,4168750,4097124,-346544,Charging,Good,380,3420000,3800000,3800000,6840,0,-346544,4168750,1444,31312,charging
2026-07-24T07:15:41.894405,90,4168945,4098220,-342650,Charging,Good,380,3420000,3800000,3800000,6840,0,-342650,4168945,1428,31359,charging
2026-07-24T07:15:51.969317,90,4169140,4101401,-340526,Charging,Good,370,3420000,3800000,3800000,5472,0,-340526,4169140,1419,31390,charging
2026-07-24T07:16:02.059628,90,4168554,4102427,-336949,Charging,Good,370,3420000,3800000,3800000,6840,0,-336949,4168554,1404,31421,charging
2026-07-24T07:16:12.134686,90,4169140,4103436,-334972,Charging,Good,380,3420000,3800000,3800000,5472,0,-334972,4169140,1396,31468,charging
2026-07-24T07:16:22.219611,90,4169140,4106364,-331322,Charging,Good,370,3420000,3800000,3800000,6840,0,-331322,4169140,1381,31523,charging
2026-07-24T07:16:32.308267,90,4168945,4107308,-329271,Charging,Good,380,3420000,3800000,3800000,6840,0,-329271,4168945,1372,31546,charging
2026-07-24T07:16:42.396960,90,4168750,4108237,-326976,Charging,Good,380,3420000,3800000,3800000,4560,0,-326976,4168750,1363,31601,charging
2026-07-24T07:16:52.479019,90,4168750,4110934,-323583,Charging,Good,380,3420000,3800000,3800000,5472,0,-323583,4168750,1348,31648,charging
2026-07-24T07:17:02.559899,90,4169531,4111803,-320275,Charging,Good,380,3420000,3800000,3800000,6840,0,-320275,4169531,1335,31687,charging
2026-07-24T07:17:12.647939,90,4169726,4112658,-320189,Charging,Good,370,3420000,3800000,3800000,5472,0,-320189,4169726,1335,31750,charging
2026-07-24T07:17:22.737292,90,4169335,4115140,-316722,Charging,Good,380,3420000,3800000,3800000,6840,0,-316722,4169335,1320,31796,charging
2026-07-24T07:17:32.813775,90,4169531,4115940,-314073,Charging,Good,370,3420000,3800000,3800000,5472,0,-314073,4169531,1309,31843,charging
2026-07-24T07:17:42.901694,90,4169921,4116727,-311400,Charging,Good,380,3420000,3800000,3800000,6840,0,-311400,4169921,1298,31882,charging
2026-07-24T07:17:52.990366,90,4170312,4119012,-308763,Charging,Good,370,3420000,3800000,3800000,9120,0,-308763,4170312,1287,31929,charging
2026-07-24T07:18:03.079064,90,4170117,4119749,-306395,Charging,Good,380,3420000,3800000,3800000,6840,0,-306395,4170117,1277,31968,charging
2026-07-24T07:18:13.154289,90,4169531,4120474,-306188,Charging,Good,370,3420000,3800000,3800000,6840,0,-306188,4169531,1276,32007,charging
2026-07-24T07:18:23.238243,90,4169726,4121888,-299925,Charging,Good,380,3420000,3800000,3800000,9120,0,-299925,4169726,1250,32062,charging
2026-07-24T07:22:28.093315,90,3988085,4161450,1857844,Discharging,Good,370,3456477,3800000,3800000,0,1860477,1857844,3988085,7406,33171,resting
2026-07-24T07:22:38.180398,90,4038085,4158801,1167587,Discharging,Good,370,3453500,3800000,3800000,0,2957809,1167587,4038085,4714,33328,resting
2026-07-24T07:22:48.262331,90,4042382,4156939,1025388,Discharging,Good,370,3450652,3800000,3800000,0,3365215,1025388,4042382,4144,33632,resting
2026-07-24T07:22:57.937727,90,4005078,3884398,1422799,Discharging,Good,370,3447085,3800000,3800000,0,2422749,1422799,4005078,5697,33757,resting
2026-07-24T07:23:08.015934,90,4038085,3885096,1045175,Discharging,Good,370,3444182,3800000,3800000,0,3295316,1045175,4038085,4220,33929,resting
2026-07-24T07:23:18.111754,90,4004882,3885876,1396651,Discharging,Good,370,3440303,3800000,3800000,0,2463251,1396651,4004882,5593,34062,resting
2026-07-24T07:23:28.193025,90,4011328,3887998,1318807,Discharging,Good,370,3436700,3800000,3800000,0,2605915,1318807,4011328,5289,34406,resting
2026-07-24T07:23:38.275084,90,3959765,3888502,1868574,Discharging,Good,370,3431510,3800000,3800000,0,1836432,1868574,3959765,7392,34632,resting
2026-07-24T07:23:48.367541,90,4015234,3889245,1204196,Discharging,Good,370,3428166,3800000,3800000,0,2846850,1204196,4015234,4833,34835,resting
2026-07-24T07:23:58.452768,90,4002343,3891646,1324740,Discharging,Good,370,3424942,3800000,3800000,0,2585369,1324740,4002343,5301,35000,resting
2026-07-24T07:24:08.533706,90,3980078,3892021,1629866,Discharging,Good,370,3420415,3800000,3800000,0,2098586,1629866,3980078,6483,35179,resting
2026-07-24T07:24:18.618623,89,4001171,3892551,1314230,Discharging,Good,370,3416765,3800000,3800000,0,2599822,1314230,4001171,5257,35335,resting
2026-07-24T07:24:28.700439,89,4026171,3894552,1027560,Discharging,Good,370,3414077,3800000,3800000,0,3322508,1027560,4026171,4137,35453,resting
2026-07-24T07:24:38.796387,89,4021289,3895460,1085922,Discharging,Good,370,3411061,3800000,3800000,0,3141165,1085922,4021289,4366,35539,resting
2026-07-24T07:24:48.883426,89,4028320,3896539,980539,Discharging,Good,370,3408338,3800000,3800000,0,3475984,980539,4028320,3949,35601,resting
2026-07-24T07:24:58.961910,89,4029882,3899889,970664,Discharging,Good,370,3405946,3800000,3800000,0,3508882,970664,4029882,3911,35609,resting
2026-07-24T07:25:09.053896,89,4027734,3902131,975192,Discharging,Good,370,3403333,3800000,3800000,0,3489910,975192,4027734,3927,35609,resting
2026-07-24T07:25:19.155078,89,4026367,3903222,939816,Discharging,Good,370,3400723,3800000,3800000,0,3618498,939816,4026367,3783,35703,resting
2026-07-24T07:25:29.239335,89,4013476,3905933,1143002,Discharging,Good,370,3397445,3800000,3800000,0,2972387,1143002,4013476,4586,35734,resting
2026-07-24T07:25:39.318391,89,4019726,3906700,1027927,Discharging,Good,370,3394590,3800000,3800000,0,3302364,1027927,4019726,4131,35718,resting
2026-07-24T07:25:49.417950,89,4014843,3907516,1073617,Discharging,Good,370,3391608,3800000,3800000,0,3159048,1073617,4014843,4310,35695,resting
2026-07-24T07:25:59.504837,89,4022460,3910014,986301,Discharging,Good,370,3389376,3800000,3800000,0,3436451,986301,4022460,3967,35671,resting
2026-07-24T07:26:09.585622,89,3973046,3910660,1551973,Discharging,Good,370,3385065,3800000,3800000,0,2181136,1551973,3973046,6165,35640,resting
2026-07-24T07:26:19.670050,89,4023242,3911484,951926,Discharging,Good,370,3382421,3800000,3800000,0,3553239,951926,4023242,3829,35640,resting
2026-07-24T07:26:29.759461,88,4019726,3913906,984543,Discharging,Good,370,3379882,3800000,3800000,0,3432945,984543,4019726,3957,35601,resting
2026-07-24T07:26:39.844839,88,4010937,3914736,1106137,Discharging,Good,370,3376810,3800000,3800000,0,3052795,1106137,4010937,4436,35562,resting
2026-07-24T07:26:49.943632,88,4019726,3915659,974411,Discharging,Good,370,3374104,3800000,3800000,0,3462711,974411,4019726,3916,35546,resting
2026-07-24T07:27:00.030031,88,4007617,3918436,1094198,Discharging,Good,370,3371598,3800000,3800000,0,3081341,1094198,4007617,4228,35523,resting
2026-07-24T07:27:10.111597,88,4009960,3919270,1069076,Discharging,Good,370,3368629,3800000,3800000,0,3150972,1069076,4009960,4286,35500,resting
2026-07-24T07:27:20.201962,88,4010742,3920061,1056467,Discharging,Good,370,3365695,3800000,3800000,0,3185802,1056467,4010742,4237,35476,resting
2026-07-24T07:27:30.297995,88,4009570,3922521,1062192,Discharging,Good,370,3363218,3800000,3800000,0,3166299,1062192,4009570,4258,35476,resting
2026-07-24T07:27:40.377967,88,4017382,3923162,943857,Discharging,Good,370,3360597,3800000,3800000,0,3560493,943857,4017382,3791,35453,resting
2026-07-24T07:27:50.464551,88,4002539,3923806,1089779,Discharging,Good,370,3357570,3800000,3800000,0,3080964,1089779,4002539,4361,35468,resting
2026-07-24T07:28:00.563922,88,4008984,3925722,1042013,Discharging,Good,370,3354950,3800000,3800000,0,3219681,1042013,4008984,4177,35468,resting
2026-07-24T07:28:10.646755,88,4012304,3926347,990500,Discharging,Good,370,3352199,3800000,3800000,0,3384350,990500,4012304,3973,35453,resting
2026-07-24T07:28:20.742611,88,3993945,3926853,1202584,Discharging,Good,370,3348859,3800000,3800000,0,2784719,1202584,3993945,4802,35460,resting
2026-07-24T07:28:30.836926,88,4007031,3928410,1021555,Discharging,Good,370,3346332,3800000,3800000,0,3275723,1021555,4007031,4093,35460,resting
2026-07-24T07:28:40.919680,87,4016210,3928944,910691,Discharging,Good,370,3343803,3800000,3800000,0,3671720,910691,4016210,3657,35445,resting
2026-07-24T07:28:51.015921,87,4016210,3929486,910263,Discharging,Good,370,3341275,3800000,3800000,0,3670669,910263,4016210,3655,35429,resting
2026-07-24T07:29:01.097986,87,4006640,3931164,1018942,Discharging,Good,370,3338828,3800000,3800000,0,3276759,1018942,4006640,4082,35429,resting
2026-07-24T07:29:11.184755,87,4006640,3931713,1025082,Discharging,Good,370,3335981,3800000,3800000,0,3254355,1025082,4006640,4107,35429,resting
2026-07-24T07:29:21.262532,87,4005664,3932250,1011118,Discharging,Good,370,3333173,3800000,3800000,0,3296522,1011118,4005664,4050,35437,resting
2026-07-24T07:29:31.349629,87,4013085,3934074,911789,Discharging,Good,370,3330880,3800000,3800000,0,3653125,911789,4013085,3659,35437,resting
2026-07-24T07:29:41.437994,87,4005078,3934530,1017429,Discharging,Good,370,3328054,3800000,3800000,0,3271042,1017429,4005078,4074,35429,resting
2026-07-24T07:29:51.523419,87,4004296,3934990,1013913,Discharging,Good,370,3325238,3800000,3800000,0,3279608,1013913,4004296,4060,35445,resting
2026-07-24T07:30:01.607755,87,3986328,3936313,1222054,Discharging,Good,370,3322645,3800000,3800000,0,2718901,1222054,3986328,4871,35453,resting
2026-07-24T07:30:11.684155,87,3984375,3936517,1251205,Discharging,Good,370,3319170,3800000,3800000,0,2652778,1251205,3984375,4983,35484,resting
2026-07-24T07:30:21.769897,87,4002539,3936582,1012558,Discharging,Good,370,3316358,3800000,3800000,0,3275227,1012558,4002539,4052,35476,resting
2026-07-24T07:30:31.771858,87,4001953,3936921,1017929,Discharging,Good,370,3314208,3800000,3800000,0,3255834,1017929,4001953,4073,35492,resting
2026-07-24T07:30:41.857583,87,4000976,3937183,1015182,Discharging,Good,370,3311389,3800000,3800000,0,3261867,1015182,4000976,4061,35500,resting
2026-07-24T07:30:51.953620,87,4000390,3937392,1016476,Discharging,Good,370,3308566,3800000,3800000,0,3254937,1016476,4000390,4066,35515,resting
2026-07-24T07:31:01.955687,87,3999218,3937933,1015073,Discharging,Good,370,3306017,3800000,3800000,0,3256925,1015073,3999218,4059,35531,resting
2026-07-24T07:31:12.040967,86,3998828,3938147,1017697,Discharging,Good,370,3303191,3800000,3800000,0,3245750,1017697,3998828,4069,35546,resting
2026-07-24T07:31:22.119510,86,3998046,3938429,1012277,Discharging,Good,370,3300380,3800000,3800000,0,3260352,1012277,3998046,4047,35570,resting
2026-07-24T07:31:32.197273,86,4005078,3939061,921054,Discharging,Good,370,3297890,3800000,3800000,0,3580560,921054,4005078,3688,35585,resting
2026-07-24T07:31:42.280019,86,3998046,3939714,1016086,Discharging,Good,370,3295068,3800000,3800000,0,3242902,1016086,3998046,4062,35593,resting
2026-07-24T07:31:52.367189,86,4004687,3940069,915805,Discharging,Good,370,3292525,3800000,3800000,0,3595224,915805,4004687,3667,35617,resting
2026-07-24T07:32:02.444526,86,3995507,3940323,1023740,Discharging,Good,370,3289682,3800000,3800000,0,3213395,1023740,3995507,4090,35632,resting
2026-07-24T07:32:12.522028,86,3995507,3940756,1020798,Discharging,Good,370,3286847,3800000,3800000,0,3219879,1020798,3995507,4078,35656,resting
2026-07-24T07:32:22.606175,86,3995117,3940893,1017209,Discharging,Good,370,3284022,3800000,3800000,0,3228463,1017209,3995117,4063,35679,resting
2026-07-24T07:32:32.690427,86,3993945,3941000,1019907,Discharging,Good,370,3281189,3800000,3800000,0,3217145,1019907,3993945,4073,35703,resting
2026-07-24T07:32:42.789616,86,3993945,3941214,1016855,Discharging,Good,370,3278674,3800000,3800000,0,3224327,1016855,3993945,4061,35718,resting
2026-07-24T07:32:52.873949,86,3993554,3941292,1020651,Discharging,Good,370,3275839,3800000,3800000,0,3209558,1020651,3993554,4075,35757,resting
2026-07-24T07:33:02.875973,86,3992578,3941359,1023630,Discharging,Good,370,3273280,3800000,3800000,0,3197717,1023630,3992578,4086,35773,resting
2026-07-24T08:13:44.830413,85,3935351,3923564,1884443,Discharging,Good,370,3265973,3800000,3800000,0,1733123,1884443,3935351,7413,33476,resting
2026-07-24T08:13:54.911588,85,3994335,3923322,1091293,Discharging,Good,370,3263070,3800000,3800000,0,2990095,1091293,3994335,4359,33640,resting
2026-07-24T08:14:04.990778,85,3996875,3923510,982651,Discharging,Good,370,3260341,3800000,3800000,0,3317903,982651,3996875,3927,33828,resting
2026-07-24T08:14:15.074242,85,3982617,3963915,1169723,Discharging,Good,370,3257522,3800000,3800000,0,2784866,1169723,3982617,4657,33867,resting
2026-07-24T08:14:25.153059,85,3991601,3963751,1044614,Discharging,Good,370,3254621,3800000,3800000,0,3115620,1044614,3991601,4169,33953,resting
2026-07-24T08:14:35.239575,85,3995117,3963536,986179,Discharging,Good,370,3251882,3800000,3800000,0,3297456,986179,3995117,3939,34046,resting
2026-07-24T08:14:45.326490,85,4003125,3963021,883945,Discharging,Good,370,3249707,3800000,3800000,0,3676367,883945,4003125,3538,34132,resting
2026-07-24T08:14:55.423915,85,4007617,3962939,823459,Discharging,Good,370,3247420,3800000,3800000,0,3943632,823459,4007617,3300,34226,resting
2026-07-24T08:15:05.518882,85,4023437,3962820,630784,Discharging,Good,370,3245257,3800000,3800000,0,5144799,630784,4023437,2537,34296,resting
2026-07-24T08:15:15.603986,85,4019531,3963136,693894,Discharging,Good,370,3243551,3800000,3800000,0,4674418,693894,4019531,2789,34375,resting
2026-07-24T08:15:25.684993,85,4024609,3963459,632139,Discharging,Good,370,3241796,3800000,3800000,0,5128296,632139,4024609,2544,34468,resting
2026-07-24T08:15:35.764823,85,4021875,3963783,654063,Discharging,Good,370,3239980,3800000,3800000,0,4953620,654063,4021875,2630,34531,resting
2026-07-24T08:15:45.850541,85,4023828,3964823,633079,Discharging,Good,370,3238575,3800000,3800000,0,5115593,633079,4023828,2547,34585,resting
2026-07-24T08:15:55.935145,85,4023632,3965292,632420,Discharging,Good,370,3236819,3800000,3800000,0,5118147,632420,4023632,2544,34640,resting
2026-07-24T08:16:06.022227,85,4022460,3965702,630406,Discharging,Good,370,3235068,3800000,3800000,0,5131721,630406,4022460,2535,34679,resting
2026-07-24T08:16:16.109282,85,4023046,3966830,629222,Discharging,Good,370,3233494,3800000,3800000,0,5138876,629222,4023046,2531,34718,resting
2026-07-24T08:16:26.203198,85,4022070,3967157,631944,Discharging,Good,370,3231739,3800000,3800000,0,5113964,631944,4022070,2541,34757,resting
2026-07-24T08:16:36.296656,84,4022070,3967463,630454,Discharging,Good,370,3229988,3800000,3800000,0,5123273,630454,4022070,2535,34812,resting
2026-07-24T08:16:46.381397,84,4022070,3968333,633763,Discharging,Good,370,3228407,3800000,3800000,0,5094028,633763,4022070,2549,34890,resting
2026-07-24T08:16:56.462546,84,4021679,3968603,632725,Discharging,Good,370,3226650,3800000,3800000,0,5099608,632725,4021679,2544,34945,resting
2026-07-24T08:17:06.549603,84,4020507,3968864,633055,Discharging,Good,370,3224892,3800000,3800000,0,5094173,633055,4020507,2545,34992,resting
2026-07-24T08:17:16.633292,84,4020898,3969615,634483,Discharging,Good,370,3223307,3800000,3800000,0,5080210,634483,4020898,2551,35054,resting
2026-07-24T08:17:26.719967,84,4019726,3969854,634471,Discharging,Good,370,3221545,3800000,3800000,0,5077529,634471,4019726,2550,35109,resting
2026-07-24T08:17:36.811988,84,4020117,3970088,634007,Discharging,Good,370,3219784,3800000,3800000,0,5078467,634007,4020117,2548,35156,resting
2026-07-24T08:17:46.898211,84,3989062,3970657,1004379,Discharging,Good,370,3217786,3800000,3800000,0,3203756,1004379,3989062,4006,35218,resting
2026-07-24T08:17:56.982587,84,3999414,3970694,854441,Discharging,Good,370,3215413,3800000,3800000,0,3763177,854441,3999414,3417,35304,resting
2026-07-24T08:18:07.078272,84,3978906,3970464,1093380,Discharging,Good,370,3212376,3800000,3800000,0,2938023,1093380,3978906,4349,35375,resting
2026-07-24T08:18:17.177331,84,3991601,3969479,905625,Discharging,Good,370,3210114,3800000,3800000,0,3544639,905625,3991601,3614,35445,resting
2026-07-24T08:18:27.258715,84,3986914,3969118,959445,Discharging,Good,370,3207449,3800000,3800000,0,3343025,959445,3986914,3824,35492,resting
2026-07-24T08:18:37.356461,84,3995117,3968853,845591,Discharging,Good,370,3205101,3800000,3800000,0,3790367,845591,3995117,3378,35546,resting
2026-07-24T08:18:47.439013,84,3971875,3967703,1118185,Discharging,Good,370,3202331,3800000,3800000,0,2863865,1118185,3971875,4440,35609,resting
2026-07-24T08:18:57.522789,84,3987695,3967265,931223,Discharging,Good,370,3199745,3800000,3800000,0,3436067,931223,3987695,3712,35664,resting
2026-07-24T08:19:07.606756,84,3982421,3966851,961411,Discharging,Good,370,3197075,3800000,3800000,0,3325398,961411,3982421,3828,35710,resting
2026-07-24T08:19:17.689491,84,3967382,3965320,1118124,Discharging,Good,370,3194084,3800000,3800000,0,2856645,1118124,3967382,4435,35820,resting
2026-07-24T08:19:27.770314,83,3936914,3964286,1493025,Discharging,Good,370,3189937,3800000,3800000,0,2136559,1493025,3936914,5876,35875,resting
2026-07-24T08:30:07.255027,82,3927148,3923196,1722285,Discharging,Good,370,3152026,3800000,3800000,0,1830141,1722285,3927148,6762,33875,resting
2026-07-24T08:30:17.339627,82,3975781,3922529,1095566,Discharging,Good,370,3149176,3800000,3800000,0,2874474,1095566,3975781,4355,33968,resting
2026-07-24T08:30:27.419252,82,3974414,3922464,1090780,Discharging,Good,370,3146147,3800000,3800000,0,2884309,1090780,3974414,4334,33976,resting
2026-07-24T08:30:37.518239,82,3966601,3864226,1111935,Discharging,Good,370,3142608,3800000,3800000,0,2826251,1111935,3966601,4410,34140,resting
2026-07-24T08:30:47.598315,82,3973828,3864701,1019076,Discharging,Good,370,3139778,3800000,3800000,0,3081004,1019076,3973828,4049,34226,resting
2026-07-24T08:30:57.698540,82,3967773,3865336,1075583,Discharging,Good,370,3136791,3800000,3800000,0,2916363,1075583,3967773,4267,34335,resting
2026-07-24T08:31:07.783040,82,3974414,3867185,990720,Discharging,Good,370,3134131,3800000,3800000,0,3163488,990720,3974414,3936,34492,resting
2026-07-24T08:31:17.862690,82,3959960,3867784,1180709,Discharging,Good,370,3130852,3800000,3800000,0,2651671,1180709,3959960,4674,34617,resting
2026-07-24T08:31:27.947788,82,3910742,3868047,1803877,Discharging,Good,370,3125842,3800000,3800000,0,1732846,1803877,3910742,7053,34710,resting
2026-07-24T08:31:38.030745,82,3904101,3868757,1803877,Discharging,Good,370,3121944,3800000,3800000,0,1730685,1803877,3904101,7041,35015,resting
2026-07-24T08:31:48.116206,82,3916210,3868687,1639241,Discharging,Good,370,3117391,3800000,3800000,0,1901728,1639241,3916210,6417,35218,resting
2026-07-24T08:31:58.211231,81,3962500,3868942,1044650,Discharging,Good,370,3114490,3800000,3800000,0,2981371,1044650,3962500,4139,35390,resting
2026-07-24T08:32:08.289604,81,3951953,3869919,1178268,Discharging,Good,370,3111974,3800000,3800000,0,2641142,1178268,3951953,4656,35484,resting
2026-07-24T08:32:18.373896,81,3877539,3869870,2119696,Discharging,Good,370,3106086,3800000,3800000,0,1465345,2119696,3877539,8218,35640,resting
2026-07-24T08:32:28.458290,81,3929687,3869914,1434188,Discharging,Good,370,3102103,3800000,3800000,0,2162968,1434188,3929687,5635,35820,resting
2026-07-24T08:32:38.542319,81,3942382,3870081,1281869,Discharging,Good,370,3099022,3800000,3800000,0,2417580,1281869,3942382,5053,35945,resting
2026-07-24T08:32:48.639351,81,3957812,3870459,1049155,Discharging,Good,370,3096108,3800000,3800000,0,2951049,1049155,3957812,4152,36085,resting
2026-07-24T08:32:58.718765,81,3939453,3870890,1254183,Discharging,Good,370,3092625,3800000,3800000,0,2465848,1254183,3939453,4940,36210,resting
2026-07-24T08:33:08.797258,81,3934570,3872316,1332442,Discharging,Good,370,3089681,3800000,3800000,0,2318810,1332442,3934570,5242,36304,resting
2026-07-24T08:33:18.893972,81,3951562,3872775,1108932,Discharging,Good,370,3086601,3800000,3800000,0,2783399,1108932,3951562,4382,36421,resting
2026-07-24T08:33:28.978425,81,3936328,3873137,1315121,Discharging,Good,370,3082948,3800000,3800000,0,2344231,1315121,3936328,5175,36523,resting
2026-07-24T08:33:39.058656,81,3946289,3874111,1136447,Discharging,Good,370,3080248,3800000,3800000,0,2710419,1136447,3946289,4484,36625,resting
2026-07-24T08:33:49.142484,80,3912500,3874274,1580086,Discharging,Good,370,3075859,3800000,3800000,0,1946640,1580086,3912500,6181,36734,resting
2026-07-24T08:33:59.226716,80,3946484,3874543,1119845,Discharging,Good,370,3072749,3800000,3800000,0,2743905,1119845,3946484,4419,36859,resting
2026-07-24T08:34:09.310349,80,3932226,3875345,1293880,Discharging,Good,370,3069788,3800000,3800000,0,2372544,1293880,3932226,5087,36929,resting
2026-07-24T08:34:19.390715,80,3948632,3875535,1103732,Discharging,Good,370,3066723,3800000,3800000,0,2778503,1103732,3948632,4357,36976,resting
2026-07-24T08:34:29.474960,80,3926367,3875596,1404793,Discharging,Good,370,3062821,3800000,3800000,0,2180264,1404793,3926367,5514,37039,resting
2026-07-24T08:34:39.559005,80,3944140,3876090,1161239,Discharging,Good,370,3060110,3800000,3800000,0,2635211,1161239,3944140,4578,37109,resting
2026-07-24T08:34:49.642534,80,3952343,3876476,1018210,Discharging,Good,370,3057282,3800000,3800000,0,3002604,1018210,3952343,4023,37156,resting
2026-07-24T08:34:59.737486,80,3954101,3876989,1021872,Discharging,Good,370,3054444,3800000,3800000,0,2989067,1021872,3954101,4040,37179,resting
2026-07-24T08:36:01.046899,79,3868554,3863572,2083283,Discharging,Good,370,3037744,3800000,3800000,0,1458152,2083283,3868554,8057,37234,resting
2026-07-24T08:36:11.144740,79,3940039,3863357,1144381,Discharging,Good,370,3034613,3800000,3800000,0,2651750,1144381,3940039,4508,37265,resting
2026-07-24T08:36:02.528284,78,3878906,3883285,1971747,Discharging,Good,370,2999827,3800000,3800000,0,1521405,1971747,3878906,7647,37171,resting
2026-07-24T08:36:12.615397,78,3937695,3882806,1155575,Discharging,Good,370,2996780,3800000,3800000,0,2593323,1155575,3937695,4550,37250,resting
2026-07-24T08:36:22.698166,78,3926367,3882416,1225216,Discharging,Good,370,2993651,3800000,3800000,0,2443365,1225216,3926367,4809,37421,resting
2026-07-24T08:37:45.841644,78,3909765,3883830,1484957,Discharging,Good,370,2990121,3800000,3800000,0,2013607,1484957,3909765,5805,37437,resting
2026-07-24T08:37:55.922366,78,3942382,3883829,1047177,Discharging,Good,370,2987213,3800000,3800000,0,2852634,1047177,3942382,4128,37429,resting
2026-07-24T08:38:06.012626,78,3942968,3883829,1053476,Discharging,Good,370,2984287,3800000,3800000,0,2832800,1053476,3942968,4140,37445,resting
2026-07-24T08:38:16.092780,78,3915039,3883910,1375277,Discharging,Good,370,2980975,3800000,3800000,0,2167545,1375277,3915039,5383,37476,resting
2026-07-24T10:51:35.010389,77,3891601,3903137,1886726,Discharging,Good,370,2961970,3800000,3800000,0,1569899,1886726,3891601,7341,31718,resting
2026-07-24T10:51:45.097003,77,3952343,3902494,1079757,Discharging,Good,370,2959184,3800000,3800000,0,2740601,1079757,3952343,4267,31906,resting
2026-07-24T10:51:55.190223,77,3953515,3902327,1037778,Discharging,Good,370,2956302,3800000,3800000,0,2848684,1037778,3953515,4102,32015,resting
2026-07-24T10:52:05.270760,77,3904882,3844000,1590205,Discharging,Good,370,2952180,3800000,3800000,0,1856477,1590205,3904882,6209,32289,resting
2026-07-24T10:52:15.354845,77,3935156,3844109,1197482,Discharging,Good,370,2948854,3800000,3800000,0,2462545,1197482,3935156,4711,32437,resting
2026-07-24T10:52:25.431033,77,3931640,3844398,1228805,Discharging,Good,370,2945441,3800000,3800000,0,2396996,1228805,3931640,4831,32570,resting
2026-07-24T10:52:35.513415,77,3936328,3845421,1142343,Discharging,Good,370,2942607,3800000,3800000,0,2575939,1142343,3936328,4496,32718,resting
2026-07-24T10:52:46.119553,77,3943359,3845999,1060519,Discharging,Good,370,2939662,3800000,3800000,0,2771908,1060519,3943359,4181,32796,resting
2026-07-24T10:52:56.202673,77,3944335,3846585,1067148,Discharging,Good,370,2936698,3800000,3800000,0,2751912,1067148,3944335,4207,32906,resting
2026-07-24T10:53:06.286039,77,3933398,3848140,1138998,Discharging,Good,370,2933677,3800000,3800000,0,2575664,1138998,3933398,4479,33070,resting
2026-07-24T10:53:16.370865,77,3932421,3848530,1151229,Discharging,Good,370,2930480,3800000,3800000,0,2545523,1151229,3932421,4526,33179,resting
2026-07-24T10:53:26.456322,76,3889257,3848434,1698164,Discharging,Good,370,2925763,3800000,3800000,0,1722897,1698164,3889257,6603,33273,resting
2026-07-24T10:53:36.542339,76,3940039,3848551,1051132,Discharging,Good,370,2922891,3800000,3800000,0,2780707,1051132,3940039,4141,33445,resting
2026-07-24T10:53:46.626724,76,3922851,3848865,1205123,Discharging,Good,370,2919544,3800000,3800000,0,2422610,1205123,3922851,4545,33664,resting
2026-07-24T10:53:56.703231,76,3918164,3849154,1251022,Discharging,Good,370,2916069,3800000,3800000,0,2330949,1251022,3918164,4901,33804,resting
2026-07-24T10:54:06.798306,76,3908007,3850084,1397628,Discharging,Good,370,2912767,3800000,3800000,0,2084078,1397628,3908007,5461,33914,resting
2026-07-24T10:54:16.898884,76,3944335,3850461,942343,Discharging,Good,370,2910150,3800000,3800000,0,3088206,942343,3944335,3716,34007,resting
2026-07-24T10:54:26.984818,76,3935546,3851001,1063913,Discharging,Good,370,2907195,3800000,3800000,0,2732549,1063913,3935546,4186,34054,resting
2026-07-24T10:54:37.063677,76,3918554,3851723,1235946,Discharging,Good,370,2903322,3800000,3800000,0,2349068,1235946,3918554,4841,34226,resting
2026-07-24T10:54:47.146221,76,3908203,3851764,1376363,Discharging,Good,370,2899499,3800000,3800000,0,2106638,1376363,3908203,5378,34304,resting
2026-07-24T10:54:57.230022,76,3912304,3851749,1292648,Discharging,Good,370,2895909,3800000,3800000,0,2240292,1292648,3912304,5056,34429,resting
2026-07-24T10:55:07.312273,76,3921289,3851842,1161154,Discharging,Good,370,2892850,3800000,3800000,0,2491357,1161154,3921289,4552,34515,resting
2026-07-24T10:55:17.395113,76,3914843,3851863,1259542,Discharging,Good,370,2889352,3800000,3800000,0,2293970,1259542,3914843,4929,34578,resting
2026-07-24T10:55:27.478270,75,3918554,3852052,1187826,Discharging,Good,370,2886053,3800000,3800000,0,2429693,1187826,3918554,4653,34640,resting
2026-07-24T10:55:37.562312,75,3913281,3852663,1234872,Discharging,Good,370,2883060,3800000,3800000,0,2334703,1234872,3913281,4831,34703,resting
2026-07-24T10:55:47.638307,75,3919335,3852663,1162606,Discharging,Good,370,2879831,3800000,3800000,0,2477048,1162606,3919335,4555,34742,resting
2026-07-24T10:55:57.730323,75,3924218,3852834,1089352,Discharging,Good,370,2876806,3800000,3800000,0,2640841,1089352,3924218,4274,34789,resting
2026-07-24T10:56:07.816069,75,3917578,3853576,1173410,Discharging,Good,370,2873875,3800000,3800000,0,2449165,1173410,3917578,4596,34843,resting
2026-07-24T10:56:17.894280,75,3919921,3853922,1139071,Discharging,Good,370,2870711,3800000,3800000,0,2520221,1139071,3919921,4464,34890,resting
2026-07-24T10:56:27.978407,75,3918554,3853877,1184628,Discharging,Good,370,2867421,3800000,3800000,0,2420524,1184628,3918554,4639,34921,resting
2026-07-24T10:56:38.062325,75,3917773,3853799,1229525,Discharging,Good,370,2864107,3800000,3800000,0,2329441,1229525,3917773,4816,34953,resting
2026-07-24T10:56:48.146177,75,3911914,3853874,1240536,Discharging,Good,370,2860662,3800000,3800000,0,2305988,1240536,3911914,4852,34984,resting
2026-07-24T10:56:58.232992,75,3917578,3853978,1199252,Discharging,Good,370,2857331,3800000,3800000,0,2382594,1199252,3917578,4697,35031,resting
2026-07-24T10:57:08.313998,75,3897460,3854418,1371419,Discharging,Good,370,2854472,3800000,3800000,0,2081400,1371419,3897460,5343,35085,resting
2026-07-24T10:57:18.406470,75,3907421,3854655,1256381,Discharging,Good,370,2850983,3800000,3800000,0,2269202,1256381,3907421,4908,35148,resting
2026-07-24T10:57:28.490113,74,3883007,3854644,1510713,Discharging,Good,370,2846787,3800000,3800000,0,1884399,1510713,3883007,5865,35195,resting
2026-07-24T10:57:38.571135,74,3901757,3854651,1323202,Discharging,Good,370,2843626,3800000,3800000,0,2149049,1323202,3901757,5162,35281,resting
2026-07-24T10:57:48.654300,74,3912695,3854344,1153244,Discharging,Good,370,2840423,3800000,3800000,0,2462985,1153244,3912695,4510,35289,resting
2026-07-24T10:57:58.738028,74,3906054,3854087,1250460,Discharging,Good,370,2836950,3800000,3800000,0,2268725,1250460,3906054,4884,35296,resting
2026-07-24T10:58:08.819047,74,3914062,3853473,1144882,Discharging,Good,370,2833767,3800000,3800000,0,2475160,1144882,3914062,4480,35320,resting
2026-07-24T10:58:18.897990,74,3900585,3853209,1303866,Discharging,Good,370,2830146,3800000,3800000,0,2170580,1303866,3900585,5083,35335,resting
2026-07-24T10:58:28.994147,74,3902343,3853095,1267184,Discharging,Good,370,2826627,3800000,3800000,0,2230636,1267184,3902343,4944,35367,resting
2026-07-24T10:58:39.078320,74,3908007,3852971,1218478,Discharging,Good,370,2823768,3800000,3800000,0,2317455,1218478,3908007,4761,35382,resting
2026-07-24T10:58:49.162163,74,3897656,3852892,1335396,Discharging,Good,370,2820059,3800000,3800000,0,2111777,1335396,3897656,5204,35398,resting
2026-07-24T10:58:59.258042,74,3905859,3852900,1216671,Discharging,Good,370,2816680,3800000,3800000,0,2315071,1216671,3905859,4751,35429,resting
2026-07-24T10:59:09.259683,74,3902148,3852355,1262875,Discharging,Good,370,2813994,3800000,3800000,0,2228244,1262875,3902148,4927,35460,resting
2026-07-24T10:59:19.334339,73,3910742,3852249,1151376,Discharging,Good,370,2810796,3800000,3800000,0,2441249,1151376,3910742,4502,35492,resting
2026-07-24T10:59:29.419461,73,3896679,3852025,1277206,Discharging,Good,370,2807249,3800000,3800000,0,2197961,1277206,3896679,4975,35523,resting
2026-07-24T10:59:39.421724,73,3899218,3851670,1316000,Discharging,Good,370,2804095,3800000,3800000,0,2130771,1316000,3899218,5130,35562,resting
2026-07-24T10:59:49.502769,73,3890039,3851306,1354989,Discharging,Good,370,2800332,3800000,3800000,0,2066682,1354989,3890039,5268,35609,resting
2026-07-24T10:59:59.586771,73,3889453,3850809,1382808,Discharging,Good,370,2796491,3800000,3800000,0,2022327,1382808,3889453,5377,35640,resting
2026-07-24T11:00:09.594158,73,3899218,3850019,1226339,Discharging,Good,370,2793375,3800000,3800000,0,2277816,1226339,3899218,4780,35679,resting
2026-07-24T11:00:19.679343,73,3886328,3849518,1410921,Discharging,Good,370,2789456,3800000,3800000,0,1977046,1410921,3886328,5481,35742,resting
2026-07-24T11:00:29.762264,73,3900976,3849236,1209945,Discharging,Good,370,2786096,3800000,3800000,0,2302663,1209945,3900976,4719,35789,resting
2026-07-24T11:00:39.763955,73,3895507,3849018,1279757,Discharging,Good,370,2782897,3800000,3800000,0,2174551,1279757,3895507,4984,35812,resting
2026-07-24T11:00:49.846034,73,3894726,3848645,1254781,Discharging,Good,370,2779413,3800000,3800000,0,2215058,1254781,3894726,4886,35843,resting
2026-07-24T11:00:59.942008,73,3895507,3848511,1221383,Discharging,Good,370,2776021,3800000,3800000,0,2272850,1221383,3895507,4757,35898,resting
2026-07-24T11:01:09.943947,72,3918359,3848600,968503,Discharging,Good,370,2773600,3800000,3800000,0,2863801,968503,3918359,3795,35914,resting
2026-07-24T11:01:20.026243,72,3914843,3848808,1020383,Discharging,Good,370,2770988,3800000,3800000,0,2715635,1020383,3914843,3994,35953,resting
2026-07-24T11:01:30.125498,72,3919531,3848975,971555,Discharging,Good,370,2768290,3800000,3800000,0,2849339,971555,3919531,3807,35976,resting
2026-07-24T11:01:40.223703,72,3919921,3849275,964487,Discharging,Good,370,2765611,3800000,3800000,0,2867442,964487,3919921,3780,36007,resting
2026-07-24T11:01:50.318768,72,3918750,3850260,984506,Discharging,Good,370,2763172,3800000,3800000,0,2806658,984506,3918750,3782,36031,resting
2026-07-24T11:02:00.404849,72,3929492,3850689,854074,Discharging,Good,370,2760800,3800000,3800000,0,3232506,854074,3929492,3356,36054,resting
2026-07-24T11:02:10.495491,72,3938281,3851261,754331,Discharging,Good,370,2758705,3800000,3800000,0,3657154,754331,3938281,2970,36078,resting
2026-07-24T11:02:20.582594,72,3940820,3852503,737522,Discharging,Good,370,2756860,3800000,3800000,0,3738003,737522,3940820,2906,36078,resting
2026-07-24T11:02:30.674452,72,3919140,3852993,1009970,Discharging,Good,370,2754055,3800000,3800000,0,2726868,1009970,3919140,3954,36078,resting
2026-07-24T11:02:40.752551,72,3939257,3853593,785581,Discharging,Good,370,2751873,3800000,3800000,0,3502978,785581,3939257,3093,36093,resting
2026-07-24T11:02:50.837544,72,3942382,3854759,735178,Discharging,Good,370,2749903,3800000,3800000,0,3740458,735178,3942382,2898,36117,resting
2026-07-24T11:03:00.936249,72,3942773,3855430,735483,Discharging,Good,370,2747860,3800000,3800000,0,3736129,735483,3942773,2899,36125,resting
2026-07-24T11:03:11.019042,72,3941406,3856136,749851,Discharging,Good,370,2745778,3800000,3800000,0,3661764,749851,3941406,2955,36164,resting
2026-07-24T11:03:21.105167,72,3941992,3857554,734397,Discharging,Good,370,2743942,3800000,3800000,0,3736319,734397,3941992,2894,36179,resting
2026-07-24T11:03:31.190554,72,3941015,3858275,756968,Discharging,Good,370,2741840,3800000,3800000,0,3622134,756968,3941015,2983,36187,resting
2026-07-24T11:03:41.273570,72,3942578,3858997,738364,Discharging,Good,370,2739789,3800000,3800000,0,3710621,738364,3942578,2911,36210,resting
2026-07-24T11:03:51.365720,72,3941601,3860419,736777,Discharging,Good,370,2737935,3800000,3800000,0,3716097,736777,3941601,2904,36234,resting
2026-07-24T11:04:01.452875,72,3946484,3861230,690818,Discharging,Good,370,2736017,3800000,3800000,0,3960546,690818,3946484,2726,36242,resting
2026-07-24T11:04:11.507884,71,3945898,3862105,700156,Discharging,Good,370,2734073,3800000,3800000,0,3904948,700156,3945898,2762,36250,resting
2026-07-24T11:04:21.589907,71,3940429,3863720,750913,Discharging,Good,370,2732013,3800000,3800000,0,3638255,750913,3940429,2958,36257,resting
2026-07-24T11:04:31.675413,71,3927929,3864345,901889,Discharging,Good,370,2729508,3800000,3800000,0,3026434,901889,3927929,3542,36273,resting
2026-07-24T11:04:41.755710,71,3936132,3864971,790281,Discharging,Good,370,2727313,3800000,3800000,0,3451067,790281,3936132,3110,36281,resting
2026-07-24T11:04:51.846298,71,3938671,3866803,773252,Discharging,Good,370,2725414,3800000,3800000,0,3524612,773252,3938671,3045,36289,resting
2026-07-24T11:05:01.848188,71,3890039,3867096,1352840,Discharging,Good,370,2722032,3800000,3800000,0,2012087,1352840,3890039,5260,36320,resting
2026-07-24T11:05:11.930144,71,3897656,3867162,1192306,Discharging,Good,370,2718721,3800000,3800000,0,2280220,1192306,3897656,4646,36445,resting
2026-07-24T11:05:22.010239,71,3846093,3866737,1897224,Discharging,Good,370,2714647,3800000,3800000,0,1430852,1897224,3846093,7294,36515,resting
2026-07-24T11:05:32.097256,71,3913476,3866619,979257,Discharging,Good,370,2711927,3800000,3800000,0,2769372,979257,3913476,3832,36578,resting
2026-07-24T11:05:42.189982,71,3886718,3866418,1352523,Discharging,Good,370,2708170,3800000,3800000,0,2002309,1352523,3886718,5253,36601,resting
2026-07-24T11:05:52.191696,71,3838476,3865162,1868623,Discharging,Good,370,2704792,3800000,3800000,0,1447478,1868623,3838476,7172,36664,resting
2026-07-24T11:06:02.193673,71,3828515,3861550,1945661,Discharging,Good,370,2699334,3800000,3800000,0,1387360,1945661,3828515,7448,36867,resting
2026-07-24T11:06:12.274275,70,3830664,3856161,1857758,Discharging,Good,370,2693751,3800000,3800000,0,1450001,1857758,3830664,7115,37062,resting
2026-07-24T11:06:22.358143,70,3832421,3849900,1827192,Discharging,Good,370,2689385,3800000,3800000,0,1471867,1827192,3832421,7002,37250,resting
2026-07-24T11:06:32.438172,70,3824218,3843440,1899018,Discharging,Good,370,2684727,3800000,3800000,0,1413744,1899018,3824218,7262,37382,resting
2026-07-24T11:06:42.522097,70,3828515,3837266,1829902,Discharging,Good,370,2680105,3800000,3800000,0,1464616,1829902,3828515,7005,37523,resting
2026-07-24T11:06:52.523838,70,3827734,3831522,1820954,Discharging,Good,370,2676022,3800000,3800000,0,1469571,1820954,3827734,6970,37640,resting
2026-07-24T11:07:02.525590,70,3825390,3826154,1815241,Discharging,Good,370,2670905,3800000,3800000,0,1471377,1815241,3825390,6943,37750,resting
2026-07-24T11:07:12.579498,70,3825195,3820986,1820722,Discharging,Good,370,2665777,3800000,3800000,0,1464131,1820722,3825195,6964,37843,resting
2026-07-24T11:07:22.666112,70,3815429,3815973,1912104,Discharging,Good,370,2661548,3800000,3800000,0,1391947,1912104,3815429,7295,37929,resting
2026-07-24T11:07:32.751994,69,3822656,3811117,1831745,Discharging,Good,370,2656875,3800000,3800000,0,1450461,1831745,3822656,7002,38015,resting
2026-07-24T11:07:42.834560,69,3819921,3806681,1833088,Discharging,Good,370,2652290,3800000,3800000,0,1446897,1833088,3819921,7002,38093,resting
2026-07-24T11:07:52.836356,69,3817187,3802430,1871711,Discharging,Good,370,2648177,3800000,3800000,0,1414842,1871711,3817187,7143,38195,resting
2026-07-24T11:08:02.838069,69,3819140,3798321,1807136,Discharging,Good,370,2643065,3800000,3800000,0,1462571,1807136,3819140,6900,38273,resting
2026-07-24T11:08:12.918072,69,3817382,3794567,1833051,Discharging,Good,370,2638056,3800000,3800000,0,1439161,1833051,3817382,6996,38359,resting
2026-07-24T11:08:22.998114,69,3821875,3790220,1781147,Discharging,Good,370,2633565,3800000,3800000,0,1478578,1781147,3821875,6807,38445,resting
2026-07-24T11:08:33.078145,69,3838671,3787006,1542452,Discharging,Good,370,2629306,3800000,3800000,0,1704627,1542452,3838671,5920,38531,resting
2026-07-24T11:08:43.158110,69,3842187,3784622,1523128,Discharging,Good,370,2625428,3800000,3800000,0,1723708,1523128,3842187,5852,38546,resting
2026-07-24T11:08:53.238129,68,3838867,3782909,1562825,Discharging,Good,370,2621917,3800000,3800000,0,1677677,1562825,3838867,5999,38585,resting
2026-07-24T11:09:03.239856,68,3837304,3781660,1567561,Discharging,Good,370,2617915,3800000,3800000,0,1670056,1567561,3837304,6014,38648,resting
2026-07-24T11:09:13.241560,68,3835742,3780779,1594746,Discharging,Good,370,2613409,3800000,3800000,0,1638761,1594746,3835742,6116,38703,resting
2026-07-24T11:09:23.243275,68,3807421,3779392,1909321,Discharging,Good,370,2609142,3800000,3800000,0,1366528,1909321,3807421,7269,38820,resting
2026-07-24T11:09:33.326145,68,3806640,3777410,1862714,Discharging,Good,370,2604398,3800000,3800000,0,1398173,1862714,3806640,7090,38984,resting
2026-07-24T11:09:43.406085,68,3807031,3775173,1876716,Discharging,Good,370,2599660,3800000,3800000,0,1385217,1876716,3807031,7144,39078,resting
2026-07-24T11:09:53.474079,68,3808593,3772838,1829804,Discharging,Good,370,2594930,3800000,3800000,0,1418146,1829804,3808593,6968,39015,resting
2026-07-24T11:10:03.475752,68,3808398,3770481,1822212,Discharging,Good,370,2589739,3800000,3800000,0,1421206,1822212,3808398,6939,38906,resting
2026-07-24T11:10:13.558069,68,3801757,3768100,1878291,Discharging,Good,370,2584577,3800000,3800000,0,1376025,1878291,3801757,7139,38773,resting
2026-07-24T11:10:23.638123,67,3808203,3765831,1806440,Discharging,Good,370,2579955,3800000,3800000,0,1428198,1806440,3808203,6879,38679,resting
2026-07-24T11:10:33.718049,67,3805859,3763336,1822627,Discharging,Good,370,2575362,3800000,3800000,0,1412994,1822627,3805859,6936,38648,resting
2026-07-24T11:10:43.798067,67,3796093,3761555,1931037,Discharging,Good,370,2570761,3800000,3800000,0,1331285,1931037,3796093,7330,38601,resting
2026-07-24T11:10:53.799775,67,3799609,3760179,1889729,Discharging,Good,370,2566164,3800000,3800000,0,1357953,1889729,3799609,7178,38578,resting
2026-07-24T11:11:03.801460,67,3803906,3757943,1806672,Discharging,Good,370,2561586,3800000,3800000,0,1417847,1806672,3803906,6872,38375,resting
2026-07-24T11:11:13.882038,67,3804492,3756029,1786042,Discharging,Good,370,2556494,3800000,3800000,0,1431373,1786042,3804492,6794,37867,resting
2026-07-24T11:11:23.962012,67,3805273,3754339,1775044,Discharging,Good,370,2551951,3800000,3800000,0,1437683,1775044,3805273,6754,37156,resting
2026-07-24T11:11:34.042171,67,3805468,3752953,1765510,Discharging,Good,370,2547965,3800000,3800000,0,1443189,1765510,3805468,6718,36664,resting
2026-07-24T11:11:44.126056,66,3802539,3751576,1786445,Discharging,Good,370,2543493,3800000,3800000,0,1423773,1786445,3802539,6792,36156,resting
2026-07-24T11:11:54.127743,66,3801757,3750519,1783796,Discharging,Good,370,2539498,3800000,3800000,0,1423648,1783796,3801757,6781,35882,resting
2026-07-24T11:12:04.129551,66,3798046,3748778,1818318,Discharging,Good,370,2534808,3800000,3800000,0,1394039,1818318,3798046,6905,35578,resting
2026-07-24T11:12:14.162114,66,3795117,3747376,1837837,Discharging,Good,370,2529812,3800000,3800000,0,1376515,1837837,3795117,6973,35343,resting
2026-07-24T11:12:24.242030,66,3799609,3746103,1767927,Discharging,Good,370,2525279,3800000,3800000,0,1428384,1767927,3799609,6717,35117,resting
2026-07-24T11:12:34.322082,66,3799218,3744619,1776301,Discharging,Good,370,2520768,3800000,3800000,0,1419110,1776301,3799218,6748,34906,resting
2026-07-24T11:12:44.402292,66,3797265,3743550,1770515,Discharging,Good,370,2516256,3800000,3800000,0,1421200,1770515,3797265,6722,34648,resting
2026-07-24T11:12:54.404011,66,3791015,3742610,1849897,Discharging,Good,370,2512226,3800000,3800000,0,1358035,1849897,3791015,7012,34406,resting
2026-07-24T11:13:04.405670,65,3793750,3741386,1799678,Discharging,Good,370,2507231,3800000,3800000,0,1393155,1799678,3793750,6827,34117,resting
2026-07-24T11:13:14.486104,65,3790429,3740134,1854047,Discharging,Good,370,2502179,3800000,3800000,0,1349576,1854047,3790429,7026,33921,resting
2026-07-24T11:13:24.570892,65,3791015,3738844,1802094,Discharging,Good,370,2497639,3800000,3800000,0,1385964,1802094,3791015,6831,33812,resting
2026-07-24T11:13:34.654072,65,3791406,3737534,1782551,Discharging,Good,370,2493646,3800000,3800000,0,1398919,1782551,3791406,6757,33812,resting
2026-07-24T11:13:44.734681,65,3787695,3736374,1819306,Discharging,Good,370,2489100,3800000,3800000,0,1368159,1819306,3787695,6890,33867,resting
2026-07-24T11:13:54.736379,65,3788085,3735435,1789533,Discharging,Good,370,2485084,3800000,3800000,0,1388677,1789533,3788085,6778,33960,resting
2026-07-24T11:14:04.738117,65,3785937,3734406,1816072,Discharging,Good,370,2480523,3800000,3800000,0,1365872,1816072,3785937,6875,34078,resting
2026-07-24T11:14:14.739847,65,3784570,3733343,1810224,Discharging,Good,370,2475272,3800000,3800000,0,1367384,1810224,3784570,6850,34226,resting
2026-07-24T11:14:24.822068,65,3783984,3732316,1815925,Discharging,Good,370,2470623,3800000,3800000,0,1360531,1815925,3783984,6871,34375,resting
2026-07-24T11:14:34.902057,64,3782031,3731034,1824323,Discharging,Good,370,2466540,3800000,3800000,0,1352030,1824323,3782031,6899,34546,resting
2026-07-24T11:14:44.982080,64,3776367,3729912,1868916,Discharging,Good,370,2461938,3800000,3800000,0,1317308,1868916,3776367,7057,34703,resting
2026-07-24T11:14:54.983754,64,3773046,3728919,1908405,Discharging,Good,370,2457816,3800000,3800000,0,1287890,1908405,3773046,6875,34906,resting
2026-07-24T11:15:04.985444,64,3773828,3727373,1883857,Discharging,Good,370,2453198,3800000,3800000,0,1302220,1883857,3773828,7108,35093,resting
2026-07-24T11:15:15.018118,64,3778125,3726051,1829145,Discharging,Good,370,2448020,3800000,3800000,0,1338341,1829145,3778125,6910,35265,resting
2026-07-24T11:15:25.098033,64,3752343,3724507,2124237,Discharging,Good,370,2443107,3800000,3800000,0,1150110,2124237,3752343,7970,35453,resting
2026-07-24T11:15:35.178100,64,3750976,3722316,2103351,Discharging,Good,370,2438342,3800000,3800000,0,1159265,2103351,3750976,7889,35703,resting
2026-07-24T11:15:45.258037,64,3750000,3719585,2089948,Discharging,Good,370,2433020,3800000,3800000,0,1164153,2089948,3750000,7837,35937,resting
2026-07-24T11:15:55.259732,63,3743359,3717214,2173212,Discharging,Good,370,2428291,3800000,3800000,0,1117374,2173212,3743359,8135,36195,resting
2026-07-24T11:16:05.261656,63,3748632,3714205,2086798,Discharging,Good,370,2423614,3800000,3800000,0,1161403,2086798,3748632,7822,36453,resting
2026-07-24T11:16:15.263302,63,3740625,3711126,2155792,Discharging,Good,370,2417646,3800000,3800000,0,1121465,2155792,3740625,8062,36687,resting
2026-07-24T11:16:25.346205,63,3745312,3707875,2089118,Discharging,Good,370,2412360,3800000,3800000,0,1154726,2089118,3745312,7824,36882,resting
2026-07-24T11:16:35.430139,63,3741601,3704157,2115985,Discharging,Good,370,2407038,3800000,3800000,0,1137549,2115985,3741601,7916,37117,resting
2026-07-24T11:16:45.513140,63,3734375,3701206,2199335,Discharging,Good,370,2401683,3800000,3800000,0,1092004,2199335,3734375,8213,37296,resting
2026-07-24T11:16:55.514856,63,3740625,3698914,2096723,Discharging,Good,370,2396924,3800000,3800000,0,1143176,2096723,3740625,7843,37492,resting
2026-07-24T11:17:05.516527,62,3740625,3695563,2095380,Discharging,Good,370,2391604,3800000,3800000,0,1141370,2095380,3740625,7837,37703,resting
2026-07-24T11:17:15.597986,62,3736914,3692768,2102875,Discharging,Good,370,2385575,3800000,3800000,0,1134434,2102875,3736914,7858,37898,resting
2026-07-24T11:17:25.678045,62,3738867,3690102,2096100,Discharging,Good,370,2380272,3800000,3800000,0,1135571,2096100,3738867,7836,38062,resting
2026-07-24T11:17:35.758058,62,3737890,3687162,2084613,Discharging,Good,370,2374948,3800000,3800000,0,1139275,2084613,3737890,7791,38234,resting
2026-07-24T11:17:45.838159,62,3735351,3684939,2105658,Discharging,Good,370,2369610,3800000,3800000,0,1125353,2105658,3735351,7893,38429,resting
2026-07-24T11:17:55.839861,62,3729882,3683081,2147626,Discharging,Good,370,2364891,3800000,3800000,0,1101165,2147626,3729882,8009,38601,resting
2026-07-24T11:18:05.841610,62,3733984,3680783,2099164,Discharging,Good,370,2359557,3800000,3800000,0,1124046,2099164,3733984,7838,38773,resting
2026-07-24T11:18:15.922323,61,3726757,3678450,2158600,Discharging,Good,370,2353581,3800000,3800000,0,1090327,2158600,3726757,8043,39007,resting
2026-07-24T11:18:26.006060,61,3730078,3676101,2117194,Discharging,Good,370,2348232,3800000,3800000,0,1109124,2117194,3730078,7897,39148,resting
2026-07-24T11:18:36.007733,61,3728906,3674064,2117194,Discharging,Good,370,2343502,3800000,3800000,0,1106890,2117194,3728906,7894,39218,resting
2026-07-24T11:18:46.091314,61,3718554,3671991,2257049,Discharging,Good,370,2338134,3800000,3800000,0,1035925,2257049,3718554,8392,39265,resting
2026-07-24T11:18:56.093242,61,3709375,3670082,2323138,Discharging,Good,370,2332984,3800000,3800000,0,1004238,2323138,3709375,8614,39328,resting
2026-07-24T11:19:06.095018,61,3717968,3667402,2192975,Discharging,Good,370,2326609,3800000,3800000,0,1060937,2192975,3717968,8152,39367,resting
2026-07-24T11:19:16.181007,61,3713476,3664435,2250543,Discharging,Good,370,2321042,3800000,3800000,0,1031325,2250543,3713476,8357,39375,resting
2026-07-24T11:19:26.264771,60,3713671,3661821,2254767,Discharging,Good,370,2315390,3800000,3800000,0,1026886,2254767,3713671,8373,39343,resting
2026-07-24T11:19:36.350824,60,3712695,3659255,2224444,Discharging,Good,370,2309680,3800000,3800000,0,1038317,2224444,3712695,8258,39273,resting
2026-07-24T11:19:46.434458,60,3720117,3656519,2122394,Discharging,Good,370,2304182,3800000,3800000,0,1085652,2122394,3720117,7895,39187,resting
2026-07-24T11:19:56.436193,60,3704296,3654527,2308856,Discharging,Good,370,2298536,3800000,3800000,0,995530,2308856,3704296,8552,39109,resting
2026-07-24T11:20:06.437873,60,3702734,3652471,2295331,Discharging,Good,370,2292771,3800000,3800000,0,998884,2295331,3702734,8498,39085,resting
2026-07-24T11:20:16.523536,60,3703710,3650447,2285736,Discharging,Good,370,2287721,3800000,3800000,0,1000868,2285736,3703710,8465,39062,resting
2026-07-24T11:20:26.606119,60,3700195,3648407,2317389,Discharging,Good,370,2281971,3800000,3800000,0,984716,2317389,3700195,8574,39070,resting
2026-07-24T11:20:36.691061,59,3699609,3646306,2290924,Discharging,Good,370,2276236,3800000,3800000,0,993588,2290924,3699609,8474,39101,resting
2026-07-24T11:20:46.775066,59,3698046,3644074,2301873,Discharging,Good,370,2271196,3800000,3800000,0,986673,2301873,3698046,8512,39132,resting
2026-07-24T11:20:56.776835,59,3699609,3641981,2289520,Discharging,Good,370,2265545,3800000,3800000,0,989528,2289520,3699609,8469,39117,resting
2026-07-24T11:21:06.778499,59,3696289,3640070,2297711,Discharging,Good,370,2259256,3800000,3800000,0,983263,2297711,3696289,8493,39109,resting
2026-07-24T11:21:16.862079,59,3697070,3637839,2302020,Discharging,Good,370,2254262,3800000,3800000,0,979253,2302020,3697070,8510,39101,resting
2026-07-24T11:21:26.942118,59,3697851,3636071,2268731,Discharging,Good,370,2248714,3800000,3800000,0,991177,2268731,3697851,8389,39109,resting
2026-07-24T11:21:37.022090,59,3695312,3634457,2268988,Discharging,Good,370,2243054,3800000,3800000,0,988570,2268988,3695312,8384,39125,resting
2026-07-24T11:21:47.023813,58,3674218,3632569,2540594,Discharging,Good,370,2237967,3800000,3800000,0,880883,2540594,3674218,9334,39148,resting
2026-07-24T11:21:57.025554,58,3715820,3631598,2004938,Discharging,Good,370,2232475,3800000,3800000,0,1113488,2004938,3715820,7449,39117,resting
2026-07-24T11:22:07.106026,58,3716992,3631393,2010309,Discharging,Good,370,2226946,3800000,3800000,0,1107763,2010309,3716992,7472,39054,resting
2026-07-24T11:22:17.186119,58,3725585,3631633,1892744,Discharging,Good,370,2222660,3800000,3800000,0,1174305,1892744,3725585,7051,39031,resting
2026-07-24T11:22:27.266055,58,3714843,3632014,1999030,Discharging,Good,370,2217567,3800000,3800000,0,1109321,1999030,3714843,7425,39031,resting
2026-07-24T11:22:37.346073,58,3724609,3632803,1884785,Discharging,Good,370,2212730,3800000,3800000,0,1173995,1884785,3724609,7019,39015,resting
2026-07-24T11:22:47.426058,58,3720507,3633722,1924213,Discharging,Good,370,2208381,3800000,3800000,0,1147680,1924213,3720507,7158,39007,resting
2026-07-24T11:22:57.427736,57,3721289,3634650,1919404,Discharging,Good,370,2203460,3800000,3800000,0,1147991,1919404,3721289,7141,39031,resting
2026-07-24T11:23:07.429800,57,3715625,3635416,1982075,Discharging,Good,370,2198095,3800000,3800000,0,1108986,1982075,3715625,7364,39031,resting
2026-07-24T11:23:17.510048,57,3722656,3636160,1895795,Discharging,Good,370,2193174,3800000,3800000,0,1156862,1895795,3722656,7057,39046,resting
2026-07-24T11:23:27.597635,57,3797265,3637375,963547,Discharging,Good,370,2189530,3800000,3800000,0,2272364,963547,3797265,3658,38968,resting
2026-07-24T11:23:37.682248,57,3792773,3641034,1059115,Discharging,Good,370,2186858,3800000,3800000,0,2064797,1059115,3792773,4016,38742,resting
2026-07-24T11:23:47.766261,57,3801953,3646590,962900,Discharging,Good,370,2184104,3800000,3800000,0,2268256,962900,3801953,3660,38640,resting
2026-07-24T11:23:57.767972,57,3768945,3650883,1378963,Discharging,Good,370,2180098,3800000,3800000,0,1580969,1378963,3768945,5196,38671,resting
2026-07-24T11:24:07.770050,57,3776171,3654788,1270895,Discharging,Good,370,2176342,3800000,3800000,0,1712448,1270895,3776171,4798,38593,resting
2026-07-24T11:24:17.850024,57,3768554,3659385,1425960,Discharging,Good,370,2173597,3800000,3800000,0,1524304,1425960,3768554,5372,38546,resting
2026-07-24T11:24:27.934203,57,3775781,3664282,1307479,Discharging,Good,370,2170382,3800000,3800000,0,1659974,1307479,3775781,4935,38515,resting
2026-07-24T11:24:38.018395,57,3783203,3669487,1225729,Discharging,Good,370,2167350,3800000,3800000,0,1768213,1225729,3783203,4636,38468,resting
2026-07-24T11:24:48.102545,56,3780468,3674183,1234640,Discharging,Good,370,2164839,3800000,3800000,0,1753417,1234640,3780468,4665,38414,resting
2026-07-24T11:24:58.104401,56,3770703,3677523,1397359,Discharging,Good,370,2161825,3800000,3800000,0,1547079,1397359,3770703,5266,38390,resting
2026-07-24T11:25:08.106313,56,3786914,3681418,1156259,Discharging,Good,370,2158297,3800000,3800000,0,1866620,1156259,3786914,4375,38351,resting
2026-07-24T11:25:18.190009,56,3784179,3685836,1200497,Discharging,Good,370,2154943,3800000,3800000,0,1795042,1200497,3784179,4541,38312,resting
2026-07-24T11:25:28.270122,56,3771093,3689463,1377620,Discharging,Good,370,2151639,3800000,3800000,0,1561852,1377620,3771093,5194,38304,resting
2026-07-24T11:25:38.362312,56,3782421,3692728,1260226,Discharging,Good,370,2148528,3800000,3800000,0,1704875,1260226,3782421,4765,38281,resting
2026-07-24T11:25:48.442329,56,3779492,3696176,1250753,Discharging,Good,370,2145718,3800000,3800000,0,1715540,1250753,3779492,4726,38250,resting
2026-07-24T11:25:58.444042,56,3738476,3698002,1792402,Discharging,Good,370,2142645,3800000,3800000,0,1195404,1792402,3738476,6698,38234,resting
2026-07-24T11:26:08.445935,56,3777343,3699737,1309884,Discharging,Good,370,2139098,3800000,3800000,0,1633043,1309884,3777343,4946,38210,resting
2026-07-24T11:26:18.526167,56,3771679,3702380,1331478,Discharging,Good,370,2135766,3800000,3800000,0,1604056,1331478,3771679,5020,38171,resting
2026-07-24T11:26:28.610313,56,3780078,3704206,1237582,Discharging,Good,370,2132715,3800000,3800000,0,1723291,1237582,3780078,4677,38140,resting
2026-07-24T11:26:38.694194,56,3779296,3706049,1242709,Discharging,Good,370,2129758,3800000,3800000,0,1713802,1242709,3779296,4696,38117,resting
2026-07-24T11:26:48.778241,55,3789648,3707928,1114035,Discharging,Good,370,2127028,3800000,3800000,0,1909300,1114035,3789648,4221,38093,resting
2026-07-24T11:26:58.780411,55,3775976,3709572,1286117,Discharging,Good,370,2124325,3800000,3800000,0,1651735,1286117,3775976,4855,38078,resting
2026-07-24T11:27:08.782340,55,3790820,3711635,1086007,Discharging,Good,370,2120744,3800000,3800000,0,1952790,1086007,3790820,4116,38054,resting
2026-07-24T11:27:18.784386,55,3787500,3713437,1140182,Discharging,Good,370,2117744,3800000,3800000,0,1857373,1140182,3787500,4317,38031,resting
2026-07-24T11:27:28.866283,55,3788085,3714821,1087839,Discharging,Good,370,2114799,3800000,3800000,0,1944036,1087839,3788085,4120,38007,resting
2026-07-24T11:27:38.950803,55,3777148,3716089,1263924,Discharging,Good,370,2111676,3800000,3800000,0,1670730,1263924,3777148,4773,38000,resting
2026-07-24T11:27:48.952778,55,3775781,3717657,1262692,Discharging,Good,370,2108905,3800000,3800000,0,1670165,1262692,3775781,4766,37976,resting
2026-07-24T11:27:58.954651,55,3787304,3719297,1155978,Discharging,Good,370,2105946,3800000,3800000,0,1821787,1155978,3787304,4376,37960,resting
2026-07-24T11:28:08.956543,55,3776757,3720717,1256722,Discharging,Good,370,2102494,3800000,3800000,0,1672998,1256722,3776757,4744,37945,resting
2026-07-24T11:28:19.038351,55,3785156,3721605,1145419,Discharging,Good,370,2099462,3800000,3800000,0,1832920,1145419,3785156,4335,37921,resting
2026-07-24T11:28:29.122282,55,3773046,3722251,1232345,Discharging,Good,370,2096391,3800000,3800000,0,1701139,1232345,3773046,4648,37906,resting
2026-07-24T11:28:39.206249,55,3784765,3722709,1130539,Discharging,Good,370,2093282,3800000,3800000,0,1851578,1130539,3784765,4278,37898,resting
2026-07-24T11:28:49.302429,55,3776367,3723135,1211312,Discharging,Good,370,2090638,3800000,3800000,0,1725928,1211312,3776367,4573,37875,resting
2026-07-24T11:28:59.304396,54,3779492,3723184,1172580,Discharging,Good,370,2087406,3800000,3800000,0,1780182,1172580,3779492,4430,37882,resting
2026-07-24T11:29:09.306309,54,3771875,3723173,1235677,Discharging,Good,370,2084063,3800000,3800000,0,1686575,1235677,3771875,4659,37859,resting
2026-07-24T11:29:19.386284,54,3777343,3723477,1187753,Discharging,Good,370,2081076,3800000,3800000,0,1752111,1187753,3777343,4217,37851,resting
2026-07-24T11:29:29.471515,54,3770898,3723579,1254293,Discharging,Good,370,2078389,3800000,3800000,0,1657020,1254293,3770898,4728,37835,resting
2026-07-24T11:29:39.554308,54,3780859,3723648,1101071,Discharging,Good,370,2075184,3800000,3800000,0,1884695,1101071,3780859,4162,37843,resting
2026-07-24T11:29:49.638293,54,3768359,3723830,1292110,Discharging,Good,370,2072089,3800000,3800000,0,1603647,1292110,3768359,4868,37828,resting
2026-07-24T11:29:59.640351,54,3774218,3724044,1219601,Discharging,Good,370,2069079,3800000,3800000,0,1696521,1219601,3774218,4602,37820,resting
2026-07-24T11:30:09.642204,54,3777343,3724156,1164144,Discharging,Good,370,2065776,3800000,3800000,0,1774502,1164144,3777343,4395,37812,resting
2026-07-24T11:30:19.738716,54,3770703,3724428,1204367,Discharging,Good,370,2062760,3800000,3800000,0,1712733,1204367,3770703,4540,37796,resting
2026-07-24T11:30:29.822515,54,3771289,3724940,1212704,Discharging,Good,370,2059846,3800000,3800000,0,1698556,1212704,3771289,4572,37781,resting
2026-07-24T11:30:39.906289,54,3767382,3724748,1255648,Discharging,Good,370,2056779,3800000,3800000,0,1638021,1255648,3767382,4729,37773,resting
2026-07-24T11:30:49.908234,54,3773828,3724499,1171212,Discharging,Good,370,2054085,3800000,3800000,0,1753811,1171212,3773828,4418,37765,resting
2026-07-24T11:30:59.910232,53,3759375,3724227,1351717,Discharging,Good,370,2051225,3800000,3800000,0,1517495,1351717,3759375,5081,37757,resting
2026-07-24T11:31:09.912139,53,3767187,3723877,1214681,Discharging,Good,370,2047794,3800000,3800000,0,1685869,1214681,3767187,4575,37757,resting
2026-07-24T11:31:19.994600,53,3767382,3723109,1207919,Discharging,Good,370,2044814,3800000,3800000,0,1692840,1207919,3767382,4550,37742,resting
2026-07-24T11:31:30.078273,53,3769921,3722111,1173654,Discharging,Good,370,2042188,3800000,3800000,0,1740025,1173654,3769921,4423,37726,resting
2026-07-24T11:31:40.161987,53,3737304,3721337,1595918,Discharging,Good,370,2038974,3800000,3800000,0,1277618,1595918,3737304,5961,37726,resting
2026-07-24T11:31:50.163597,53,3738671,3720811,1521602,Discharging,Good,370,2036157,3800000,3800000,0,1338166,1521602,3738671,5687,37750,resting
2026-07-24T11:32:00.165222,53,3742773,3719518,1457503,Discharging,Good,370,2032287,3800000,3800000,0,1394362,1457503,3742773,5452,37812,resting
2026-07-24T11:32:10.238590,53,3752539,3717990,1341329,Discharging,Good,370,2028157,3800000,3800000,0,1512050,1341329,3752539,5031,37867,resting
2026-07-24T11:32:20.323601,53,3758398,3716521,1299679,Discharging,Good,370,2025004,3800000,3800000,0,1558080,1299679,3758398,4882,37882,resting
2026-07-24T11:32:30.406484,53,3740625,3714591,1492244,Discharging,Good,370,2021987,3800000,3800000,0,1354997,1492244,3740625,5580,37921,resting
2026-07-24T11:32:40.490393,53,3749414,3712146,1348263,Discharging,Good,370,2017837,3800000,3800000,0,1496619,1348263,3749414,5054,38007,resting
2026-07-24T11:32:50.492400,53,3745898,3710296,1368136,Discharging,Good,370,2014807,3800000,3800000,0,1472665,1368136,3745898,5123,38031,resting
2026-07-24T11:33:00.494378,52,3746289,3708340,1391854,Discharging,Good,370,2010815,3800000,3800000,0,1444702,1391854,3746289,5213,38054,resting
2026-07-24T11:33:10.522226,52,3719335,3706063,1653633,Discharging,Good,370,2006248,3800000,3800000,0,1213236,1653633,3719335,6148,38125,resting
2026-07-24T11:33:20.602641,52,3752343,3702681,1233505,Discharging,Good,370,2001936,3800000,3800000,0,1622965,1233505,3752343,4627,38265,resting
2026-07-24T11:33:30.687979,52,3754296,3700505,1256368,Discharging,Good,370,1999158,3800000,3800000,0,1591220,1256368,3754296,4715,38234,resting
2026-07-24T11:33:40.766453,52,3759960,3698878,1172091,Discharging,Good,370,1996017,3800000,3800000,0,1702953,1172091,3759960,4406,38242,resting
2026-07-24T11:33:50.768477,52,3709570,3697941,1797444,Discharging,Good,370,1992802,3800000,3800000,0,1108686,1797444,3709570,6666,38234,resting
2026-07-24T11:34:00.770594,52,3752539,3696487,1259518,Discharging,Good,370,1989909,3800000,3800000,0,1579897,1259518,3752539,4725,38250,resting
2026-07-24T11:34:10.772498,52,3744531,3695185,1376217,Discharging,Good,370,1986211,3800000,3800000,0,1443239,1376217,3744531,5151,38250,resting
2026-07-24T11:34:20.854364,52,3702343,3694456,1851423,Discharging,Good,370,1982794,3800000,3800000,0,1070956,1851423,3702343,6851,38250,resting
2026-07-24T13:17:47.678809,42,3801171,3804614,-1772334,Charging,Good,370,1596000,3800000,3800000,4288,0,-1772334,3801171,6737,44414,charging
2026-07-24T13:17:57.691793,42,3809570,3805212,-1888386,Charging,Good,370,1596000,3800000,3800000,4533,0,-1888386,3809570,7193,44492,charging
2026-07-24T13:18:07.704254,42,3810156,3864000,-1886140,Charging,Good,370,1596000,3800000,3800000,4288,0,-1886140,3810156,7186,44562,charging
2026-07-24T13:18:17.716321,42,3806640,3864000,-1829145,Charging,Good,370,1596000,3800000,3800000,4533,0,-1829145,3806640,6962,44656,charging
2026-07-24T13:18:21.857250,42,3783203,3864054,-1508846,Charging,Good,370,1596000,3800000,3800000,4176,0,-1508846,3783203,5711,44679,charging
2026-07-24T13:18:31.869619,42,3812304,3864089,-1886518,Charging,Good,370,1596000,3800000,3800000,4176,0,-1886518,3812304,7192,44734,charging
2026-07-24T13:18:41.881698,42,3802343,3864095,-1737141,Charging,Good,370,1596000,3800000,3800000,4667,0,-1737141,3802343,6605,44828,charging
2026-07-24T13:18:51.893983,42,3821679,3864168,-1985969,Charging,Good,370,1596000,3800000,3800000,4068,0,-1985969,3821679,7589,44890,charging
2026-07-24T13:19:01.906386,42,3822656,3864324,-1983368,Charging,Good,370,1596000,3800000,3800000,4068,0,-1983368,3822656,7581,44992,charging
2026-07-24T13:19:11.918802,42,3816406,3864450,-1889423,Charging,Good,370,1596000,3800000,3800000,4288,0,-1889423,3816406,7210,45062,charging
2026-07-24T13:19:21.931285,42,3816796,3864470,-1876093,Charging,Good,370,1596000,3800000,3800000,4408,0,-1876093,3816796,7143,45156,charging
2026-07-24T13:19:31.943699,43,3825000,3864572,-1976642,Charging,Good,370,1634000,3800000,3800000,3898,0,-1976642,3825000,7560,45203,charging
2026-07-24T13:19:42.002002,43,3825585,3864925,-1972162,Charging,Good,370,1634000,3800000,3800000,4104,0,-1972162,3825585,7544,45289,charging
2026-07-24T13:19:52.014028,43,3807226,3865009,-1734419,Charging,Good,370,1634000,3800000,3800000,4586,0,-1734419,3807226,6603,45328,charging
2026-07-24T13:20:02.015943,43,3816210,3864858,-1831770,Charging,Good,370,1634000,3800000,3800000,5377,0,-1831770,3816210,6990,45390,charging
2026-07-24T13:20:12.028376,43,3821289,3864584,-1884467,Charging,Good,370,1634000,3800000,3800000,3998,0,-1884467,3821289,7200,45476,charging
2026-07-24T13:20:22.040716,43,3802929,3864662,-1623433,Charging,Good,370,1634000,3800000,3800000,3998,0,-1623433,3802929,6173,45578,charging
2026-07-24T13:20:32.053070,43,3823632,3864819,-1886689,Charging,Good,370,1634000,3800000,3800000,4214,0,-1886689,3823632,7214,45671,charging
2026-07-24T13:20:42.065506,44,3823632,3865391,-1884126,Charging,Good,370,1672000,3800000,3800000,4140,0,-1884126,3823632,7204,45734,charging
2026-07-24T13:20:52.077898,44,3832226,3865622,-1976533,Charging,Good,370,1672000,3800000,3800000,4032,0,-1976533,3832226,7574,45812,charging
2026-07-24T13:21:02.090326,44,3823632,3865764,-1856049,Charging,Good,370,1672000,3800000,3800000,4140,0,-1856049,3823632,7096,45867,charging
2026-07-24T13:21:12.102390,44,3812500,3866218,-1719941,Charging,Good,370,1672000,3800000,3800000,4506,0,-1719941,3812500,6557,45914,charging
2026-07-24T13:21:22.114755,44,3825195,3866401,-1863923,Charging,Good,370,1672000,3800000,3800000,4140,0,-1863923,3825195,7129,45945,charging
2026-07-24T13:21:32.126775,44,3814648,3866508,-1726155,Charging,Good,370,1672000,3800000,3800000,4506,0,-1726155,3814648,6584,45992,charging
2026-07-24T13:21:42.139300,44,3805859,3866696,-1608577,Charging,Good,370,1672000,3800000,3800000,4256,0,-1608577,3805859,6123,45984,charging
2026-07-24T13:21:52.151674,44,3819140,3866609,-1768440,Charging,Good,370,1672000,3800000,3800000,4788,0,-1768440,3819140,6754,46023,charging
2026-07-24T13:22:02.164085,45,3816015,3866538,-1718489,Charging,Good,370,1710000,3800000,3800000,4854,0,-1718489,3816015,6558,46031,charging
2026-07-24T13:22:12.166487,45,3758593,3865843,-992502,Charging,Good,370,1710000,3800000,3800000,8360,0,-992502,3758593,3731,46039,charging
2026-07-24T13:22:22.178963,45,3758203,3865258,-1023605,Charging,Good,370,1710000,3800000,3800000,6840,0,-1023605,3758203,3847,45945,charging
2026-07-24T13:22:32.191057,45,3807031,3864758,-1624568,Charging,Good,370,1710000,3800000,3800000,5016,0,-1624568,3807031,6184,46000,charging
2026-07-24T13:22:42.193244,45,3811523,3864078,-1686799,Charging,Good,370,1710000,3800000,3800000,4854,0,-1686799,3811523,6430,46078,charging
2026-07-24T13:22:52.205443,45,3818554,3863857,-1750703,Charging,Good,370,1710000,3800000,3800000,4299,0,-1750703,3818554,6685,46148,charging
2026-07-24T13:23:02.217600,45,3812695,3863713,-1653560,Charging,Good,370,1710000,3800000,3800000,4560,0,-1653560,3812695,6304,46179,charging
2026-07-24T13:23:12.219592,45,3820898,3863718,-1768171,Charging,Good,370,1710000,3800000,3800000,4180,0,-1768171,3820898,6755,46226,charging
2026-07-24T13:23:22.232057,45,3823437,3863753,-1747517,Charging,Good,370,1710000,3800000,3800000,4299,0,-1747517,3823437,6681,46296,charging
2026-07-24T13:23:32.290210,45,3824804,3863873,-1760566,Charging,Good,370,1710000,3800000,3800000,4560,0,-1760566,3824804,6733,46343,charging
2026-07-24T13:23:42.292236,46,3825195,3863955,-1766999,Charging,Good,370,1748000,3800000,3800000,5276,0,-1766999,3825195,6759,46390,charging
2026-07-24T13:23:52.304697,46,3833007,3864173,-1834443,Charging,Good,370,1748000,3800000,3800000,4221,0,-1834443,3833007,7031,46445,charging
2026-07-24T13:24:02.317075,46,3826757,3864376,-1758589,Charging,Good,370,1748000,3800000,3800000,4221,0,-1758589,3826757,6729,46507,charging
2026-07-24T13:24:12.329528,46,3835156,3864616,-1850886,Charging,Good,370,1748000,3800000,3800000,4104,0,-1850886,3835156,7098,46554,charging
2026-07-24T13:24:22.342102,46,3829296,3865346,-1766243,Charging,Good,370,1748000,3800000,3800000,4221,0,-1766243,3829296,6763,46617,charging
2026-07-24T13:24:32.354608,46,3830664,3865615,-1767134,Charging,Good,370,1748000,3800000,3800000,4221,0,-1767134,3830664,6769,46648,charging
2026-07-24T13:24:42.440460,46,3786523,3865673,-1189999,Charging,Good,370,1748000,3800000,3800000,7387,0,-1189999,3786523,4507,46687,charging
2026-07-24T13:24:52.452696,46,3806640,3865515,-1512105,Charging,Good,370,1748000,3800000,3800000,4924,0,-1512105,3806640,5756,46625,charging
2026-07-24T13:25:02.455215,46,3781835,3865119,-1170346,Charging,Good,370,1748000,3800000,3800000,6715,0,-1170346,3781835,4426,46617,charging
2026-07-24T13:25:12.468022,47,3798632,3864744,-1396529,Charging,Good,370,1786000,3800000,3800000,5577,0,-1396529,3798632,5305,46601,charging
2026-07-24T13:25:22.480026,47,3820898,3863747,-1659846,Charging,Good,370,1786000,3800000,3800000,4531,0,-1659846,3820898,6342,46601,charging
2026-07-24T13:26:30.278565,41,3772070,3903312,-903977,Charging,Good,370,1558000,3800000,3800000,5207,0,-903977,3772070,3415,47242,charging
2026-07-24T13:26:40.291770,41,3790039,3902466,-1166525,Charging,Good,370,1558000,3800000,3800000,5765,0,-1166525,3790039,4421,47250,charging
2026-07-24T13:26:50.303732,41,3826562,3902069,-1667732,Charging,Good,370,1558000,3800000,3800000,5566,0,-1667732,3826562,6384,47210,charging
2026-07-24T13:27:00.316123,41,3839062,3884000,-1784492,Charging,Good,370,1558000,3800000,3800000,4612,0,-1784492,3839062,6850,47312,charging
2026-07-24T13:27:10.328001,41,3833007,3884000,-1693879,Charging,Good,370,1558000,3800000,3800000,5978,0,-1693879,3833007,6492,47359,charging
2026-07-24T13:27:20.341905,41,3841210,3884000,-1774617,Charging,Good,370,1558000,3800000,3800000,4747,0,-1774617,3841210,6816,47421,charging
2026-07-24T13:27:30.354231,41,3839843,3884079,-1755806,Charging,Good,370,1558000,3800000,3800000,4891,0,-1755806,3839843,6742,47476,charging
2026-07-24T13:27:40.816214,41,3837500,3884201,-1692622,Charging,Good,370,1558000,3800000,3800000,4484,0,-1692622,3837500,6495,47523,charging
2026-07-24T13:27:50.828414,41,3812304,3884280,-1340121,Charging,Good,370,1558000,3800000,3800000,4612,0,-1340121,3812304,5109,47515,charging
2026-07-24T13:28:00.842797,41,3849609,3884645,-1823054,Charging,Good,370,1558000,3800000,3800000,4747,0,-1823054,3849609,7017,47546,charging
2026-07-24T13:28:10.858014,41,3849023,3884868,-1816792,Charging,Good,370,1558000,3800000,3800000,4891,0,-1816792,3849023,6992,47562,charging
2026-07-24T13:28:20.918359,42,3859765,3885036,-1934797,Charging,Good,370,1596000,3800000,3800000,4176,0,-1934797,3859765,7467,47554,charging
2026-07-24T13:28:30.930776,42,3868750,3885621,-2041779,Charging,Good,370,1596000,3800000,3800000,4068,0,-2041779,3868750,7899,47609,charging
2026-07-24T13:28:40.944064,42,3873242,3885938,-2064069,Charging,Good,370,1596000,3800000,3800000,4176,0,-2064069,3873242,7994,47710,charging
2026-07-24T13:28:50.956501,42,3882812,3886463,-2162055,Charging,Good,370,1596000,3800000,3800000,3967,0,-2162055,3882812,8394,47804,charging
2026-07-24T13:29:00.968950,42,3884179,3888117,-2141803,Charging,Good,370,1596000,3800000,3800000,3870,0,-2141803,3884179,8319,47921,charging
2026-07-24T13:29:10.981351,42,3873437,3888705,-2002057,Charging,Good,370,1596000,3800000,3800000,4176,0,-2002057,3873437,7754,48023,charging
2026-07-24T13:29:20.994145,42,3887695,3889283,-2160700,Charging,Good,370,1596000,3800000,3800000,3870,0,-2160700,3887695,8400,48109,charging
2026-07-24T13:29:31.006499,42,3878710,3890990,-2033210,Charging,Good,370,1596000,3800000,3800000,4176,0,-2033210,3878710,7886,48195,charging
2026-07-24T13:29:41.018828,43,3889453,3891649,-2158112,Charging,Good,370,1634000,3800000,3800000,3803,0,-2158112,3889453,8394,48296,charging
2026-07-24T13:29:51.031256,43,3890234,3892367,-2158026,Charging,Good,370,1634000,3800000,3800000,3998,0,-2158026,3890234,8395,48375,charging
2026-07-24T13:30:01.043706,43,3891601,3894367,-2162396,Charging,Good,370,1634000,3800000,3800000,3998,0,-2162396,3891601,8415,48445,charging
2026-07-24T13:30:11.056160,43,3884179,3895732,-2067524,Charging,Good,370,1634000,3800000,3800000,3998,0,-2067524,3884179,8030,48492,charging
2026-07-24T13:30:21.068598,43,3893945,3896455,-2163153,Charging,Good,370,1634000,3800000,3800000,3713,0,-2163153,3893945,8423,48562,charging
2026-07-24T13:30:31.119921,43,3889062,3898350,-2080353,Charging,Good,370,1634000,3800000,3800000,3998,0,-2080353,3889062,8090,48632,charging
2026-07-24T13:30:41.132369,43,3895898,3898995,-2148932,Charging,Good,370,1634000,3800000,3800000,3803,0,-2148932,3895898,8371,48679,charging
2026-07-24T13:30:51.144829,44,3889062,3899555,-2046723,Charging,Good,370,1672000,3800000,3800000,4377,0,-2046723,3889062,7959,48734,charging
2026-07-24T13:31:01.157263,44,3897851,3901324,-2152374,Charging,Good,370,1672000,3800000,3800000,3648,0,-2152374,3897851,8389,48789,charging
2026-07-24T13:31:11.169686,44,3898437,3902053,-2155292,Charging,Good,370,1672000,3800000,3800000,3736,0,-2155292,3898437,8415,48828,charging
2026-07-24T13:31:21.182219,44,3893554,3902760,-2066571,Charging,Good,370,1672000,3800000,3800000,4032,0,-2066571,3893554,8046,48851,charging
2026-07-24T13:31:31.194627,44,3902539,3904827,-2155841,Charging,Good,370,1672000,3800000,3800000,3928,0,-2155841,3902539,8413,48898,charging
2026-07-24T13:31:41.207023,44,3895703,3905498,-2074726,Charging,Good,370,1672000,3800000,3800000,4140,0,-2074726,3895703,8082,48945,charging
2026-07-24T13:31:51.219227,44,3871093,3906039,-1764546,Charging,Good,370,1672000,3800000,3800000,4506,0,-1764546,3871093,6830,48945,charging
2026-07-24T13:32:01.221223,45,3903320,3906799,-2138568,Charging,Good,370,1710000,3800000,3800000,3858,0,-2138568,3903320,8347,48906,charging
2026-07-24T13:32:11.234893,45,3905273,3907248,-2167255,Charging,Good,370,1710000,3800000,3800000,3960,0,-2167255,3905273,8463,48984,charging
2026-07-24T13:32:21.247355,45,3899609,3907852,-2070087,Charging,Good,370,1710000,3800000,3800000,3582,0,-2070087,3899609,8072,49031,charging
2026-07-24T13:32:31.249054,45,3852343,3909030,-1407821,Charging,Good,370,1710000,3800000,3800000,3762,0,-1407821,3852343,5423,49054,charging
2026-07-24T13:32:41.262310,45,3901953,3909604,-2066779,Charging,Good,370,1710000,3800000,3800000,4067,0,-2066779,3901953,8064,49054,charging
2026-07-24T13:32:51.274785,45,3902734,3910277,-2065241,Charging,Good,370,1710000,3800000,3800000,4067,0,-2065241,3902734,8060,49093,charging
2026-07-24T13:33:01.276850,45,3909375,3911007,-2154083,Charging,Good,370,1710000,3800000,3800000,3670,0,-2154083,3909375,8421,49148,charging
2026-07-24T13:33:11.289436,45,3904687,3912362,-2056842,Charging,Good,370,1710000,3800000,3800000,3960,0,-2056842,3904687,8031,49203,charging
2026-07-24T13:33:21.301987,46,3907226,3913177,-2084589,Charging,Good,370,1748000,3800000,3800000,3603,0,-2084589,3907226,8144,49226,charging
2026-07-24T13:33:31.304046,46,3914648,3913784,-2164545,Charging,Good,370,1748000,3800000,3800000,3603,0,-2164545,3914648,8473,49257,charging
2026-07-24T13:33:41.316452,46,3908789,3914975,-2076190,Charging,Good,370,1748000,3800000,3800000,3788,0,-2076190,3908789,8115,49296,charging
2026-07-24T13:33:51.329676,46,3909375,3915618,-2073188,Charging,Good,370,1748000,3800000,3800000,3788,0,-2073188,3909375,8104,49312,charging
2026-07-24T13:34:01.344611,46,3918164,3916304,-2166461,Charging,Good,370,1748000,3800000,3800000,3693,0,-2166461,3918164,8488,49320,charging
2026-07-24T13:34:11.357017,46,3911718,3918340,-2052558,Charging,Good,370,1748000,3800000,3800000,3993,0,-2052558,3911718,8028,49351,charging
2026-07-24T13:34:21.371561,46,3912500,3919040,-2066022,Charging,Good,370,1748000,3800000,3800000,3603,0,-2066022,3912500,8083,49359,charging
2026-07-24T13:34:31.383943,47,3921093,3919744,-2149481,Charging,Good,370,1786000,3800000,3800000,3919,0,-2149481,3921093,8428,49382,charging
2026-07-24T13:34:41.396369,47,3921093,3921844,-2158661,Charging,Good,370,1786000,3800000,3800000,3718,0,-2158661,3921093,8464,49398,charging
2026-07-24T13:34:51.433549,47,3916406,3922418,-2059015,Charging,Good,370,1786000,3800000,3800000,4143,0,-2059015,3916406,8063,49406,charging
2026-07-24T13:35:01.435320,47,3907226,3923121,-1933625,Charging,Good,370,1786000,3800000,3800000,4264,0,-1933625,3907226,7555,49421,charging
2026-07-24T13:35:11.447711,47,3924414,3925155,-2147003,Charging,Good,370,1786000,3800000,3800000,3625,0,-2147003,3924414,8425,49414,charging
2026-07-24T13:35:21.460211,47,3917773,3925843,-2035517,Charging,Good,370,1786000,3800000,3800000,3919,0,-2035517,3917773,7974,49437,charging
2026-07-24T13:35:31.474393,47,3919726,3926502,-2055060,Charging,Good,370,1786000,3800000,3800000,3718,0,-2055060,3919726,8055,49445,charging
2026-07-24T13:35:41.486911,48,3919921,3928475,-2027997,Charging,Good,370,1824000,3800000,3800000,3845,0,-2027997,3919921,7949,49437,charging
2026-07-24T13:35:51.501484,48,3920898,3929087,-2054047,Charging,Good,370,1824000,3800000,3800000,3845,0,-2054047,3920898,8053,49406,charging
2026-07-24T13:36:01.513685,48,3885351,3929460,-1595454,Charging,Good,370,1824000,3800000,3800000,4905,0,-1595454,3885351,6199,49390,charging
2026-07-24T13:36:11.526039,48,3913281,3930300,-1956098,Charging,Good,370,1824000,3800000,3800000,3952,0,-1956098,3913281,7654,49312,charging
2026-07-24T13:36:21.538473,48,3904296,3930581,-1824409,Charging,Good,370,1824000,3800000,3800000,4311,0,-1824409,3904296,7122,49250,charging
2026-07-24T13:36:31.550861,48,3905468,3930729,-1849458,Charging,Good,370,1824000,3800000,3800000,4184,0,-1849458,3905468,7222,49203,charging
2026-07-24T13:36:41.586215,48,3836328,3930496,-967990,Charging,Good,370,1824000,3800000,3800000,7113,0,-967990,3836328,3713,49062,charging
2026-07-24T13:36:51.598931,48,3845117,3929987,-1111520,Charging,Good,370,1824000,3800000,3800000,7488,0,-1111520,3845117,4273,48960,charging
2026-07-24T13:37:01.614550,48,3863281,3929511,-1332296,Charging,Good,370,1824000,3800000,3800000,6185,0,-1332296,3863281,5147,48835,charging
2026-07-24T13:37:11.628614,48,3906445,3928073,-1891047,Charging,Good,370,1824000,3800000,3800000,4184,0,-1891047,3906445,7387,48796,charging
2026-07-24T13:37:21.640844,49,3921875,3927992,-2033234,Charging,Good,370,1862000,3800000,3800000,3672,0,-2033234,3921875,7974,48851,charging
2026-07-24T13:37:31.653193,49,3925585,3928135,-2048664,Charging,Good,370,1862000,3800000,3800000,3672,0,-2048664,3925585,8042,48945,charging
2026-07-24T13:38:15.095877,45,3844335,3943231,-951486,Charging,Good,370,1710000,3800000,3800000,5016,0,-951486,3844335,3662,48976,charging
2026-07-24T13:38:25.108609,45,3898046,3942644,-1663679,Charging,Good,370,1710000,3800000,3800000,4854,0,-1663679,3898046,6485,48937,charging
2026-07-24T13:38:35.122677,45,3894140,3942382,-1648372,Charging,Good,370,1710000,3800000,3800000,5016,0,-1648372,3894140,6419,48875,charging
2026-07-24T13:38:45.136740,45,3892187,3924000,-1603633,Charging,Good,370,1710000,3800000,3800000,5016,0,-1603633,3892187,6242,48898,charging
2026-07-24T13:38:55.148715,45,3889062,3924109,-1558308,Charging,Good,370,1710000,3800000,3800000,5188,0,-1558308,3889062,5193,48890,charging
2026-07-24T13:39:05.161003,45,3904882,3924180,-1720356,Charging,Good,370,1710000,3800000,3800000,5016,0,-1720356,3904882,6717,48882,charging
2026-07-24T13:39:15.175456,45,3908789,3924514,-1744746,Charging,Good,370,1710000,3800000,3800000,4702,0,-1744746,3908789,6819,48890,charging
2026-07-24T13:39:25.187864,45,3912695,3924718,-1785054,Charging,Good,370,1710000,3800000,3800000,4702,0,-1785054,3912695,6984,48898,charging
2026-07-24T13:39:35.202117,45,3913476,3924957,-1783186,Charging,Good,370,1710000,3800000,3800000,4854,0,-1783186,3913476,6978,48906,charging
2026-07-24T13:39:45.214466,45,3916992,3925694,-1801655,Charging,Good,370,1710000,3800000,3800000,4425,0,-1801655,3916992,7057,48929,charging
2026-07-24T13:39:55.226816,45,3917968,3925960,-1806843,Charging,Good,370,1710000,3800000,3800000,4560,0,-1806843,3917968,7079,48937,charging
2026-07-24T13:40:05.239106,45,3911132,3926400,-1712507,Charging,Good,370,1710000,3800000,3800000,5374,0,-1712507,3911132,6698,48929,charging
2026-07-24T13:40:15.251617,46,3915625,3927338,-1732832,Charging,Good,370,1748000,3800000,3800000,4924,0,-1732832,3915625,6784,48953,charging
2026-07-24T13:40:25.263901,46,3917382,3927774,-1784248,Charging,Good,370,1748000,3800000,3800000,4477,0,-1784248,3917382,6989,48945,charging
2026-07-24T13:40:35.276259,46,3921875,3928258,-1810627,Charging,Good,370,1748000,3800000,3800000,4617,0,-1810627,3921875,7101,48976,charging
2026-07-24T13:40:45.288745,46,3911132,3929885,-1626497,Charging,Good,370,1748000,3800000,3800000,4477,0,-1626497,3911132,6362,49000,charging
2026-07-24T13:40:55.303293,46,3914257,3930424,-1670869,Charging,Good,370,1748000,3800000,3800000,5094,0,-1670869,3914257,6540,48984,charging
2026-07-24T13:41:05.340247,46,3928515,3930961,-1855488,Charging,Good,370,1748000,3800000,3800000,4765,0,-1855488,3928515,7289,48984,charging
2026-07-24T13:41:15.352802,46,3914453,3932448,-1666621,Charging,Good,370,1748000,3800000,3800000,5472,0,-1666621,3914453,6524,48984,charging
2026-07-24T13:41:25.368275,46,3916210,3932786,-1686519,Charging,Good,370,1748000,3800000,3800000,6715,0,-1686519,3916210,6605,48906,charging
2026-07-24T13:41:35.381065,46,3915039,3932959,-1657649,Charging,Good,370,1748000,3800000,3800000,6423,0,-1657649,3915039,6490,48835,charging
2026-07-24T13:41:45.393784,46,3915820,3933512,-1664046,Charging,Good,370,1748000,3800000,3800000,4924,0,-1664046,3915820,6517,48773,charging
2026-07-24T13:41:55.406316,47,3924609,3933707,-1748213,Charging,Good,370,1786000,3800000,3800000,4264,0,-1748213,3924609,6862,48718,charging
2026-07-24T13:42:05.422049,47,3919726,3934001,-1666817,Charging,Good,370,1786000,3800000,3800000,4264,0,-1666817,3919726,6534,48679,charging
2026-07-24T13:42:15.434568,47,3919335,3934703,-1675313,Charging,Good,370,1786000,3800000,3800000,4394,0,-1675313,3919335,6567,48648,charging
2026-07-24T13:42:25.447036,47,3919726,3935030,-1674348,Charging,Good,370,1786000,3800000,3800000,5370,0,-1674348,3919726,6563,48632,charging
2026-07-24T13:42:35.510259,47,3925000,3935184,-1700581,Charging,Good,370,1786000,3800000,3800000,4264,0,-1700581,3925000,6675,48609,charging
2026-07-24T13:42:45.523767,47,3903320,3936140,-1426632,Charging,Good,370,1786000,3800000,3800000,4531,0,-1426632,3903320,5571,48617,charging
2026-07-24T13:42:55.539008,47,3922460,3936285,-1662117,Charging,Good,370,1786000,3800000,3800000,4677,0,-1662117,3922460,6520,48609,charging
2026-07-24T13:43:05.553563,47,3922070,3936641,-1681392,Charging,Good,370,1786000,3800000,3800000,4264,0,-1681392,3922070,6595,48593,charging
2026-07-24T13:43:15.566011,48,3931445,3937744,-1761164,Charging,Good,370,1824000,3800000,3800000,4184,0,-1761164,3931445,6924,48585,charging
2026-07-24T13:43:25.580585,48,3924804,3938130,-1658955,Charging,Good,370,1824000,3800000,3800000,4311,0,-1658955,3924804,6511,48578,charging
2026-07-24T13:43:35.592844,48,3880664,3938415,-1073886,Charging,Good,370,1824000,3800000,3800000,4742,0,-1073886,3880664,4168,48562,charging
2026-07-24T13:43:45.594916,48,3924218,3938892,-1635957,Charging,Good,370,1824000,3800000,3800000,5081,0,-1635957,3924218,6420,48515,charging
2026-07-24T13:43:55.607459,48,3925585,3939080,-1645076,Charging,Good,370,1824000,3800000,3800000,6185,0,-1645076,3925585,6459,48539,charging
2026-07-24T13:44:05.668242,48,3932421,3939449,-1719441,Charging,Good,370,1824000,3800000,3800000,4184,0,-1719441,3932421,6762,48546,charging
2026-07-24T13:44:15.670439,48,3926953,3939991,-1628841,Charging,Good,370,1824000,3800000,3800000,4446,0,-1628841,3926953,6397,48546,charging
2026-07-24T13:44:25.683897,48,3930468,3940298,-1682869,Charging,Good,370,1824000,3800000,3800000,4742,0,-1682869,3930468,6615,48554,charging
2026-07-24T13:44:35.698644,48,3932031,3940520,-1665376,Charging,Good,370,1824000,3800000,3800000,5269,0,-1665376,3932031,6549,48570,charging
2026-07-24T13:44:45.700912,48,3938281,3940891,-1734834,Charging,Good,370,1824000,3800000,3800000,4742,0,-1734834,3938281,6833,48570,charging
2026-07-24T13:44:55.713514,49,3931640,3941545,-1652473,Charging,Good,370,1862000,3800000,3800000,5366,0,-1652473,3931640,6497,48585,charging
2026-07-24T13:45:05.725958,49,3931640,3942075,-1642146,Charging,Good,370,1862000,3800000,3800000,4811,0,-1642146,3931640,6457,48601,charging
2026-07-24T13:45:15.727934,49,3940820,3942147,-1778462,Charging,Good,370,1862000,3800000,3800000,4104,0,-1778462,3940820,7009,48601,charging
2026-07-24T13:45:25.742070,49,3935742,3942363,-1665071,Charging,Good,370,1862000,3800000,3800000,3986,0,-1665071,3935742,6554,48617,charging
2026-07-24T13:45:35.754608,49,3937500,3942797,-1659981,Charging,Good,370,1862000,3800000,3800000,4360,0,-1659981,3937500,6536,48625,charging
2026-07-24T13:45:45.767181,49,3936718,3943088,-1662715,Charging,Good,370,1862000,3800000,3800000,4360,0,-1662715,3936718,6546,48632,charging
2026-07-24T13:45:55.779747,49,3942968,3944050,-1758149,Charging,Good,370,1862000,3800000,3800000,4104,0,-1758149,3942968,6932,48640,charging
2026-07-24T13:46:05.792328,49,3945898,3944523,-1726521,Charging,Good,370,1862000,3800000,3800000,4228,0,-1726521,3945898,6813,48656,charging
2026-07-24T13:46:15.805009,49,3937695,3944830,-1637434,Charging,Good,370,1862000,3800000,3800000,5168,0,-1637434,3937695,6448,48664,charging
2026-07-24T13:46:25.817558,50,3947265,3945655,-1765193,Charging,Good,370,1900000,3800000,3800000,4412,0,-1765193,3947265,6968,48679,charging
2026-07-24T13:46:35.830053,50,3941992,3946112,-1659065,Charging,Good,370,1900000,3800000,3800000,3908,0,-1659065,3941992,6541,48695,charging
2026-07-24T13:46:45.842537,50,3944335,3946728,-1671065,Charging,Good,370,1900000,3800000,3800000,3908,0,-1671065,3944335,6591,48695,charging
2026-07-24T13:46:55.854908,50,3949609,3948349,-1755500,Charging,Good,370,1900000,3800000,3800000,5947,0,-1755500,3949609,6934,48703,charging
2026-07-24T13:47:05.867234,50,3943554,3948748,-1654671,Charging,Good,370,1900000,3800000,3800000,4560,0,-1654671,3943554,6526,48710,charging
2026-07-24T13:47:15.904200,50,3951953,3949093,-1749800,Charging,Good,370,1900000,3800000,3800000,4275,0,-1749800,3951953,6915,48726,charging
2026-07-24T13:47:25.916594,50,3952929,3950074,-1746235,Charging,Good,370,1900000,3800000,3800000,4412,0,-1746235,3952929,6903,48734,charging
2026-07-24T13:47:35.929052,50,3954687,3950642,-1763838,Charging,Good,370,1900000,3800000,3800000,4023,0,-1763838,3954687,6976,48757,charging
2026-07-24T13:47:45.942255,50,3948046,3951087,-1678523,Charging,Good,370,1900000,3800000,3800000,4717,0,-1678523,3948046,6627,48765,charging
2026-07-24T13:47:55.954631,51,3954492,3952122,-1749055,Charging,Good,370,1938000,3800000,3800000,4189,0,-1749055,3954492,6917,48773,charging
2026-07-24T13:48:05.967080,51,3953906,3952395,-1741719,Charging,Good,370,1938000,3800000,3800000,4189,0,-1741719,3953906,6887,48781,charging
2026-07-24T13:48:15.980718,51,3946289,3952856,-1595210,Charging,Good,370,1938000,3800000,3800000,3943,0,-1595210,3946289,6295,48796,charging
2026-07-24T13:48:25.993041,51,3952148,3954228,-1663081,Charging,Good,370,1938000,3800000,3800000,4189,0,-1663081,3952148,6573,48796,charging
2026-07-24T13:48:36.005460,51,3955078,3954503,-1698359,Charging,Good,370,1938000,3800000,3800000,4965,0,-1698359,3955078,6717,48796,charging
2026-07-24T13:48:46.018205,51,3952539,3954735,-1671174,Charging,Good,370,1938000,3800000,3800000,4189,0,-1671174,3952539,6606,48804,charging
2026-07-24T13:48:56.052219,51,3961328,3955646,-1731416,Charging,Good,370,1938000,3800000,3800000,4189,0,-1731416,3961328,6859,48804,charging
2026-07-24T13:49:06.064638,51,3954101,3956035,-1663472,Charging,Good,370,1938000,3800000,3800000,4324,0,-1663472,3954101,6578,48812,charging
2026-07-24T13:49:16.077154,51,3963281,3956443,-1760469,Charging,Good,370,1938000,3800000,3800000,3830,0,-1760469,3963281,6977,48820,charging
2026-07-24T13:49:26.092394,52,3955664,3957773,-1648079,Charging,Good,370,1976000,3800000,3800000,4864,0,-1648079,3955664,6519,48820,charging
2026-07-24T13:49:36.104709,52,3956445,3958070,-1661311,Charging,Good,370,1976000,3800000,3800000,4377,0,-1661311,3956445,6573,48812,charging
2026-07-24T13:49:46.119892,52,3966796,3958515,-1748994,Charging,Good,370,1976000,3800000,3800000,4528,0,-1748994,3966796,6938,48820,charging
2026-07-24T13:49:56.135128,52,3966210,3959877,-1754145,Charging,Good,370,1976000,3800000,3800000,3752,0,-1754145,3966210,6958,48820,charging
2026-07-24T13:50:06.147292,52,3954687,3960989,-1577815,Charging,Good,370,1976000,3800000,3800000,5472,0,-1577815,3954687,6240,48820,charging
2026-07-24T13:50:16.159906,52,3968554,3961556,-1743476,Charging,Good,380,1976000,3800000,3800000,3549,0,-1743476,3968554,6920,48820,charging
2026-07-24T13:50:26.176180,52,3967968,3962686,-1733381,Charging,Good,370,1976000,3800000,3800000,4104,0,-1733381,3967968,6878,48828,charging
2026-07-24T13:50:36.188541,52,3971484,3962942,-1767317,Charging,Good,370,1976000,3800000,3800000,3549,0,-1767317,3971484,7098,48835,charging
2026-07-24T13:50:46.249388,52,3973437,3963225,-1775019,Charging,Good,370,1976000,3800000,3800000,4864,0,-1775019,3973437,7053,48843,charging
2026-07-24T13:50:56.262027,53,3966210,3964570,-1675752,Charging,Good,370,2014000,3800000,3800000,3782,0,-1675752,3966210,6646,48859,charging
2026-07-24T13:51:06.274761,53,3974023,3965185,-1743025,Charging,Good,370,2014000,3800000,3800000,3475,0,-1743025,3974023,6927,48875,charging
2026-07-24T13:51:16.287620,53,3967187,3965910,-1636763,Charging,Good,370,2014000,3800000,3800000,4592,0,-1636763,3967187,6621,48890,charging
2026-07-24T13:51:26.289807,53,3975976,3967088,-1762019,Charging,Good,370,2014000,3800000,3800000,4762,0,-1762019,3975976,7006,48898,charging
2026-07-24T13:51:36.303547,53,3975976,3967441,-1758699,Charging,Good,370,2014000,3800000,3800000,4018,0,-1758699,3975976,6993,48921,charging
2026-07-24T13:51:46.316132,53,3967968,3967762,-1601326,Charging,Good,370,2014000,3800000,3800000,3674,0,-1601326,3967968,6355,48914,charging
2026-07-24T13:51:56.328683,53,3978906,3968390,-1754402,Charging,Good,380,2014000,3800000,3800000,4018,0,-1754402,3978906,6981,48906,charging
2026-07-24T13:52:06.344136,53,3978125,3969223,-1750593,Charging,Good,380,2014000,3800000,3800000,3674,0,-1750593,3978125,6965,48929,charging
2026-07-24T13:52:16.356644,53,3974414,3969858,-1641218,Charging,Good,380,2014000,3800000,3800000,3674,0,-1641218,3974414,6523,48945,charging
2026-07-24T13:52:26.372101,54,3973242,3970892,-1648811,Charging,Good,380,2052000,3800000,3800000,3813,0,-1648811,3973242,6551,48960,charging
2026-07-24T13:52:36.384666,54,3974023,3972029,-1640791,Charging,Good,380,2052000,3800000,3800000,3595,0,-1640791,3974023,6521,48953,charging
2026-07-24T13:52:46.399425,54,3981835,3972831,-1753645,Charging,Good,380,2052000,3800000,3800000,3401,0,-1753645,3981835,6983,48968,charging
2026-07-24T13:52:56.413101,54,3976953,3973418,-1657832,Charging,Good,370,2052000,3800000,3800000,4661,0,-1657832,3976953,6593,48968,charging
2026-07-24T13:53:06.425790,54,3978710,3974776,-1675447,Charging,Good,380,2052000,3800000,3800000,3401,0,-1675447,3978710,6667,48968,charging
2026-07-24T13:53:16.441276,54,3976757,3975538,-1635029,Charging,Good,380,2052000,3800000,3800000,3595,0,-1635029,3976757,6503,48976,charging
2026-07-24T13:53:26.453867,54,3977148,3976303,-1673677,Charging,Good,370,2052000,3800000,3800000,4494,0,-1673677,3977148,6657,48992,charging
2026-07-24T13:53:36.466469,54,3979882,3977807,-1632649,Charging,Good,380,2052000,3800000,3800000,3595,0,-1632649,3979882,6498,48984,charging
2026-07-24T13:53:46.479982,55,3988476,3978551,-1748420,Charging,Good,380,2090000,3800000,3800000,3621,0,-1748420,3988476,7066,48984,charging
2026-07-24T13:53:56.492427,55,3978320,3979396,-1625569,Charging,Good,380,2090000,3800000,3800000,4560,0,-1625569,3978320,6468,48968,charging
2026-07-24T13:54:06.504797,55,3988671,3980884,-1734480,Charging,Good,370,2090000,3800000,3800000,3730,0,-1734480,3988671,6918,48953,charging
2026-07-24T13:54:16.517264,55,3988476,3981428,-1756013,Charging,Good,380,2090000,3800000,3800000,3327,0,-1756013,3988476,7004,48953,charging
2026-07-24T13:54:26.531806,55,3982421,3982126,-1648274,Charging,Good,380,2090000,3800000,3800000,4397,0,-1648274,3982421,6565,48953,charging
2026-07-24T13:54:36.579488,55,3983789,3984152,-1643440,Charging,Good,380,2090000,3800000,3800000,3517,0,-1643440,3983789,6547,48937,charging
2026-07-24T13:54:46.594804,55,3992968,3984914,-1758479,Charging,Good,380,2090000,3800000,3800000,3517,0,-1758479,3992968,7022,48914,charging
2026-07-24T13:54:56.608215,55,3987304,3985737,-1669697,Charging,Good,380,2090000,3800000,3800000,3517,0,-1669697,3987304,6658,48921,charging
2026-07-24T13:55:06.620849,55,3995312,3988823,-1751924,Charging,Good,370,2090000,3800000,3800000,3327,0,-1751924,3995312,7000,48914,charging
2026-07-24T13:55:16.633371,56,3993359,3989410,-1729292,Charging,Good,370,2128000,3800000,3800000,4299,0,-1729292,3993359,6906,48898,charging
2026-07-24T13:55:26.645839,56,3986914,3989874,-1636665,Charging,Good,370,2128000,3800000,3800000,3762,0,-1636665,3986914,6526,48890,charging
2026-07-24T13:55:36.659415,56,3989453,3991479,-1665132,Charging,Good,380,2128000,3800000,3800000,3439,0,-1665132,3989453,6643,48875,charging
2026-07-24T13:55:46.673538,56,3990820,3991931,-1653059,Charging,Good,380,2128000,3800000,3800000,3439,0,-1653059,3990820,6598,48867,charging
2026-07-24T13:55:56.686000,56,3997265,3992184,-1758674,Charging,Good,370,2128000,3800000,3800000,3540,0,-1758674,3997265,7030,48859,charging
2026-07-24T13:56:06.698392,56,3999218,3993229,-1749617,Charging,Good,380,2128000,3800000,3800000,3762,0,-1749617,3999218,6997,48859,charging
2026-07-24T13:56:16.710877,56,3990234,3993590,-1655012,Charging,Good,370,2128000,3800000,3800000,5016,0,-1655012,3990234,6604,48851,charging
2026-07-24T13:56:26.723341,56,3993164,3994211,-1641499,Charging,Good,380,2128000,3800000,3800000,3253,0,-1641499,3993164,6555,48835,charging
2026-07-24T13:56:36.760289,56,3992578,3996215,-1617879,Charging,Good,380,2128000,3800000,3800000,3648,0,-1617879,3992578,6460,48828,charging
2026-07-24T13:56:46.772878,57,4000781,3996907,-1761567,Charging,Good,380,2166000,3800000,3800000,3460,0,-1761567,4000781,7048,48812,charging
2026-07-24T13:56:56.785370,57,4000781,3997509,-1727913,Charging,Good,380,2166000,3800000,3800000,3676,0,-1727913,4000781,6914,48812,charging
2026-07-24T13:57:06.797814,57,3997070,3998818,-1653108,Charging,Good,370,2166000,3800000,3800000,3460,0,-1653108,3997070,6608,48804,charging
2026-07-24T13:57:16.813334,57,3996289,3999202,-1637202,Charging,Good,380,2166000,3800000,3800000,4357,0,-1637202,3996289,6543,48789,charging
2026-07-24T13:57:26.826717,57,3993554,3999480,-1591121,Charging,Good,370,2166000,3800000,3800000,3361,0,-1591121,3993554,6355,48781,charging
2026-07-24T13:57:36.839098,57,4000000,4000600,-1636348,Charging,Good,380,2166000,3800000,3800000,5347,0,-1636348,4000000,6546,48765,charging
2026-07-24T13:57:46.852467,57,3998046,4001079,-1655647,Charging,Good,380,2166000,3800000,3800000,4705,0,-1655647,3998046,6620,48765,charging
2026-07-24T13:57:56.865151,57,4001367,4001628,-1670625,Charging,Good,380,2166000,3800000,3800000,4902,0,-1670625,4001367,6685,48765,charging
2026-07-24T13:58:06.877781,57,4000585,4003130,-1656746,Charging,Good,380,2166000,3800000,3800000,3361,0,-1656746,4000585,6628,48750,charging
2026-07-24T13:58:16.890542,58,4002343,4003682,-1662947,Charging,Good,380,2204000,3800000,3800000,3105,0,-1662947,4002343,6656,48750,charging
2026-07-24T13:58:26.903304,58,4004687,4004373,-1657576,Charging,Good,380,2204000,3800000,3800000,4104,0,-1657576,4004687,6638,48750,charging
2026-07-24T13:58:36.943117,58,4006640,4006073,-1705830,Charging,Good,380,2204000,3800000,3800000,4596,0,-1705830,4006640,6835,48734,charging
2026-07-24T13:58:46.955520,58,4005468,4006854,-1660969,Charging,Good,370,2204000,3800000,3800000,3379,0,-1660969,4005468,6653,48734,charging
2026-07-24T13:58:56.969540,58,4005468,4007459,-1666011,Charging,Good,380,2204000,3800000,3800000,3962,0,-1666011,4005468,6673,48726,charging
2026-07-24T13:59:06.971602,58,4010156,4008828,-1708564,Charging,Good,380,2204000,3800000,3800000,3105,0,-1708564,4010156,6852,48710,charging
2026-07-24T13:59:16.984083,58,4006250,4009463,-1659761,Charging,Good,380,2204000,3800000,3800000,3283,0,-1659761,4006250,6650,48710,charging
2026-07-24T13:59:26.996420,58,4007226,4010177,-1627937,Charging,Good,380,2204000,3800000,3800000,3283,0,-1627937,4007226,6524,48703,charging
2026-07-24T13:59:37.010916,58,4007226,4011859,-1642158,Charging,Good,380,2204000,3800000,3800000,3283,0,-1642158,4007226,6581,48703,charging
2026-07-24T13:59:47.023341,59,4017773,4013391,-1765827,Charging,Good,380,2242000,3800000,3800000,3505,0,-1765827,4017773,7095,48695,charging
2026-07-24T13:59:57.037884,59,4016796,4014133,-1734407,Charging,Good,380,2242000,3800000,3800000,3299,0,-1734407,4016796,6967,48687,charging
2026-07-24T14:00:07.051399,59,4011132,4015843,-1646565,Charging,Good,380,2242000,3800000,3800000,3031,0,-1646565,4011132,6605,48679,charging
2026-07-24T14:00:17.064537,59,4019335,4016929,-1756330,Charging,Good,380,2242000,3800000,3800000,3505,0,-1756330,4019335,7060,48679,charging
2026-07-24T14:00:27.077148,59,4011132,4017418,-1634956,Charging,Good,380,2242000,3800000,3800000,3205,0,-1634956,4011132,6559,48679,charging
2026-07-24T14:00:37.112231,59,4011718,4017993,-1637727,Charging,Good,370,2242000,3800000,3800000,3739,0,-1637727,4011718,6571,48664,charging
2026-07-24T14:00:47.124747,59,4015039,4019184,-1652998,Charging,Good,380,2242000,3800000,3800000,3505,0,-1652998,4015039,6637,48664,charging
2026-07-24T14:00:57.137147,59,4015820,4019833,-1673372,Charging,Good,370,2242000,3800000,3800000,3205,0,-1673372,4015820,6720,48656,charging
2026-07-24T14:01:07.149493,59,4022656,4020609,-1749861,Charging,Good,370,2242000,3800000,3800000,3399,0,-1749861,4022656,7039,48656,charging
2026-07-24T14:01:17.162177,60,4026953,4022102,-1760859,Charging,Good,370,2280000,3800000,3800000,2957,0,-1760859,4026953,7091,48664,charging
2026-07-24T14:01:27.174621,60,4019140,4022921,-1696394,Charging,Good,370,2280000,3800000,3800000,3126,0,-1696394,4019140,6818,48671,charging
2026-07-24T14:01:37.187125,60,4026953,4023573,-1779646,Charging,Good,380,2280000,3800000,3800000,3420,0,-1779646,4026953,7167,48687,charging
2026-07-24T14:01:47.201682,60,4027148,4024905,-1750996,Charging,Good,380,2280000,3800000,3800000,3126,0,-1750996,4027148,7052,48695,charging
2026-07-24T14:01:57.214179,60,4021289,4025660,-1683162,Charging,Good,380,2280000,3800000,3800000,3530,0,-1683162,4021289,6769,48710,charging
2026-07-24T14:02:07.227561,60,4031250,4026474,-1799360,Charging,Good,380,2280000,3800000,3800000,3040,0,-1799360,4031250,7254,48710,charging
2026-07-24T14:02:17.240073,60,4031054,4028907,-1767536,Charging,Good,370,2280000,3800000,3800000,3316,0,-1767536,4031054,7125,48726,charging
2026-07-24T14:02:27.252710,60,4031054,4029746,-1749604,Charging,Good,370,2280000,3800000,3800000,2957,0,-1749604,4031054,7053,48734,charging
2026-07-24T14:02:37.312298,61,4025976,4030483,-1670210,Charging,Good,380,2318000,3800000,3800000,2964,0,-1670210,4025976,6724,48742,charging
2026-07-24T14:02:47.324882,61,4033593,4032768,-1786738,Charging,Good,370,2318000,3800000,3800000,2964,0,-1786738,4033593,7207,48734,charging
2026-07-24T14:02:57.337360,61,4026953,4033581,-1657393,Charging,Good,370,2318000,3800000,3800000,3048,0,-1657393,4026953,6675,48750,charging
2026-07-24T14:03:07.349818,61,4032617,4034280,-1748725,Charging,Good,370,2318000,3800000,3800000,3138,0,-1748725,4032617,7052,48750,charging
2026-07-24T14:03:17.363853,61,4034765,4036327,-1767378,Charging,Good,370,2318000,3800000,3800000,3442,0,-1767378,4034765,7131,48757,charging
2026-07-24T14:03:27.376277,61,4035546,4037008,-1743232,Charging,Good,370,2318000,3800000,3800000,3679,0,-1743232,4035546,7035,48757,charging
2026-07-24T14:03:37.388800,61,4028125,4037602,-1643904,Charging,Good,380,2318000,3800000,3800000,3442,0,-1643904,4028125,6622,48765,charging
2026-07-24T14:03:47.401304,61,4032226,4039449,-1683113,Charging,Good,370,2318000,3800000,3800000,3233,0,-1683113,4032226,6787,48757,charging
2026-07-24T14:03:57.413710,61,4032226,4040101,-1663521,Charging,Good,370,2318000,3800000,3800000,3233,0,-1663521,4032226,6708,48765,charging
2026-07-24T14:04:07.427226,62,4032812,4040768,-1676460,Charging,Good,370,2356000,3800000,3800000,3465,0,-1676460,4032812,6761,48765,charging
2026-07-24T14:04:17.442484,62,4031445,4042598,-1676533,Charging,Good,370,2356000,3800000,3800000,2970,0,-1676533,4031445,6759,48757,charging
2026-07-24T14:04:27.476266,62,4029687,4043006,-1631795,Charging,Good,370,2356000,3800000,3800000,3465,0,-1631795,4029687,6576,48765,charging
2026-07-24T14:04:37.488710,62,4032812,4043497,-1650508,Charging,Good,370,2356000,3800000,3800000,3057,0,-1650508,4032812,6656,48750,charging
2026-07-24T14:04:47.501698,62,4031640,4045064,-1639326,Charging,Good,370,2356000,3800000,3800000,3465,0,-1639326,4031640,6609,48734,charging
2026-07-24T14:04:57.514287,62,4040625,4045731,-1751045,Charging,Good,370,2356000,3800000,3800000,2888,0,-1751045,4040625,7075,48726,charging
2026-07-24T14:05:07.529804,62,4035742,4047018,-1669148,Charging,Good,370,2356000,3800000,3800000,2970,0,-1669148,4035742,6736,48695,charging
2026-07-24T14:05:17.543493,62,4034960,4048876,-1660701,Charging,Good,370,2356000,3800000,3800000,2970,0,-1660701,4034960,6701,48679,charging
2026-07-24T14:05:27.556058,63,4040625,4049469,-1715291,Charging,Good,370,2394000,3800000,3800000,2812,0,-1715291,4040625,6931,48664,charging
2026-07-24T14:05:37.568616,63,4036914,4050047,-1652742,Charging,Good,370,2394000,3800000,3800000,2892,0,-1652742,4036914,6672,48648,charging
2026-07-24T14:05:47.583232,63,4036718,4051581,-1650154,Charging,Good,370,2394000,3800000,3800000,2977,0,-1650154,4036718,6661,48632,charging
2026-07-24T14:05:57.595757,63,4043554,4052212,-1730342,Charging,Good,370,2394000,3800000,3800000,2892,0,-1730342,4043554,6996,48617,charging
2026-07-24T14:06:07.611285,63,4039257,4052799,-1679829,Charging,Good,370,2394000,3800000,3800000,3067,0,-1679829,4039257,6785,48601,charging
2026-07-24T14:06:17.627003,63,4037890,4054733,-1654158,Charging,Good,370,2394000,3800000,3800000,2892,0,-1654158,4037890,6679,48585,charging
2026-07-24T14:06:27.639572,63,4041015,4055312,-1662410,Charging,Good,370,2394000,3800000,3800000,3265,0,-1662410,4041015,6718,48570,charging
2026-07-24T14:06:37.652129,63,4046484,4055958,-1705659,Charging,Good,370,2394000,3800000,3800000,2892,0,-1705659,4046484,6902,48562,charging
2026-07-24T14:06:47.654245,63,4041601,4056931,-1654133,Charging,Good,370,2394000,3800000,3800000,3265,0,-1654133,4041601,6685,48554,charging
2026-07-24T14:06:57.666668,64,4042187,4057504,-1648726,Charging,Good,370,2432000,3800000,3800000,2814,0,-1648726,4042187,6664,48539,charging
2026-07-24T14:07:07.681987,64,4043164,4057915,-1644771,Charging,Good,370,2432000,3800000,3800000,3177,0,-1644771,4043164,6650,48523,charging
2026-07-24T14:07:17.694343,64,4044335,4058927,-1653938,Charging,Good,370,2432000,3800000,3800000,2896,0,-1653938,4044335,6689,48515,charging
2026-07-24T14:07:27.709723,64,4048828,4059998,-1726533,Charging,Good,370,2432000,3800000,3800000,2736,0,-1726533,4048828,6990,48507,charging
2026-07-24T14:07:37.722081,64,4045117,4060504,-1652144,Charging,Good,370,2432000,3800000,3800000,3177,0,-1652144,4045117,6683,48507,charging
2026-07-24T14:07:47.734580,64,4050585,4061073,-1714656,Charging,Good,370,2432000,3800000,3800000,2814,0,-1714656,4050585,6945,48500,charging
2026-07-24T14:07:57.768098,64,4048242,4062122,-1673933,Charging,Good,370,2432000,3800000,3800000,2896,0,-1673933,4048242,6776,48500,charging
2026-07-24T14:08:07.780403,64,4057226,4062671,-1773139,Charging,Good,370,2432000,3800000,3800000,2814,0,-1773139,4057226,7193,48523,charging
2026-07-24T14:08:17.792761,65,4058789,4063366,-1775618,Charging,Good,370,2470000,3800000,3800000,2588,0,-1775618,4058789,7206,48539,charging
2026-07-24T14:08:27.805161,65,4063867,4064622,-1833344,Charging,Good,370,2470000,3800000,3800000,2588,0,-1833344,4063867,7450,48562,charging
2026-07-24T14:08:37.820423,65,4060937,4065213,-1774714,Charging,Good,370,2470000,3800000,3800000,3089,0,-1774714,4060937,7206,48585,charging
2026-07-24T14:08:47.835289,65,4051171,4065812,-1646272,Charging,Good,370,2470000,3800000,3800000,2816,0,-1646272,4051171,6669,48585,charging
2026-07-24T14:08:57.847508,65,4059960,4067525,-1741963,Charging,Good,370,2470000,3800000,3800000,3192,0,-1741963,4059960,7072,48546,charging
2026-07-24T14:09:07.861502,65,4062890,4068208,-1785920,Charging,Good,370,2470000,3800000,3800000,2736,0,-1785920,4062890,7255,48421,charging
2026-07-24T14:09:17.873781,65,4056445,4068742,-1680501,Charging,Good,370,2470000,3800000,3800000,3420,0,-1680501,4056445,6816,48304,charging
2026-07-24T14:09:27.886666,65,4056054,4070248,-1687019,Charging,Good,370,2470000,3800000,3800000,2901,0,-1687019,4056054,6842,48171,charging
2026-07-24T14:09:37.900199,65,4062304,4070872,-1744819,Charging,Good,380,2470000,3800000,3800000,2660,0,-1744819,4062304,7088,48125,charging
2026-07-24T14:10:25.114086,62,3997460,4103570,-852451,Charging,Good,370,2356000,3800000,3800000,3585,0,-852451,3997460,3387,47835,charging
2026-07-24T14:10:35.128088,62,4054687,4103227,-1628572,Charging,Good,370,2356000,3800000,3800000,3249,0,-1628572,4054687,6603,47726,charging
2026-07-24T14:10:45.140019,62,4059765,4103138,-1676912,Charging,Good,370,2356000,3800000,3800000,3249,0,-1676912,4059765,6807,47710,charging
2026-07-24T14:10:55.154813,62,4002343,4103745,-932810,Charging,Good,380,2356000,3800000,3800000,4332,0,-932810,4002343,3733,47664,charging
2026-07-24T14:11:04.728723,62,4055078,4103470,-1626887,Charging,Good,370,2356000,3800000,3800000,3353,0,-1626887,4055078,6597,47531,charging
2026-07-24T14:11:14.740679,62,4058593,4103184,-1643770,Charging,Good,370,2356000,3800000,3800000,3150,0,-1643770,4058593,6671,47539,charging
2026-07-24T14:11:24.754750,62,4066210,4102667,-1742244,Charging,Good,370,2356000,3800000,3800000,2970,0,-1742244,4066210,7084,47562,charging
2026-07-24T14:11:34.770114,62,4059570,4102628,-1606123,Charging,Good,370,2356000,3800000,3800000,3057,0,-1606123,4059570,6520,47562,charging
2026-07-24T14:11:44.782493,62,4067968,4102718,-1723945,Charging,Good,370,2356000,3800000,3800000,2970,0,-1723945,4067968,7013,47531,charging
2026-07-24T14:11:54.794913,62,4075000,4103046,-1793659,Charging,Good,370,2356000,3800000,3800000,2888,0,-1793659,4075000,7309,47500,charging
2026-07-24T14:12:04.807256,62,4075585,4103259,-1778340,Charging,Good,370,2356000,3800000,3800000,3057,0,-1778340,4075585,7247,47476,charging
2026-07-24T14:12:14.819660,63,4083593,4103512,-1851862,Charging,Good,370,2394000,3800000,3800000,3067,0,-1851862,4083593,7565,47468,charging
2026-07-24T14:12:24.832188,63,4088476,4104441,-1914228,Charging,Good,370,2394000,3800000,3800000,2736,0,-1914228,4088476,7826,47484,charging
2026-07-24T14:12:34.844665,63,4085156,4104781,-1851118,Charging,Good,370,2394000,3800000,3800000,2736,0,-1851118,4085156,7561,47492,charging
2026-07-24T14:12:44.859929,63,4090625,4105218,-1901582,Charging,Good,370,2394000,3800000,3800000,2595,0,-1901582,4090625,7778,47523,charging
2026-07-24T14:12:54.872351,63,4091210,4106622,-1910041,Charging,Good,370,2394000,3800000,3800000,2664,0,-1910041,4091210,7814,47546,charging
2026-07-24T14:13:04.884760,63,4088476,4107143,-1853071,Charging,Good,370,2394000,3800000,3800000,2812,0,-1853071,4088476,7576,47578,charging
2026-07-24T14:13:14.898919,63,4088476,4107577,-1851960,Charging,Good,370,2394000,3800000,3800000,2736,0,-1851960,4088476,7571,47609,charging
2026-07-24T14:13:24.911450,63,4088671,4108955,-1850129,Charging,Good,370,2394000,3800000,3800000,2812,0,-1850129,4088671,7564,47632,charging
2026-07-24T14:13:34.923889,64,4090039,4109454,-1845954,Charging,Good,370,2432000,3800000,3800000,2896,0,-1845954,4090039,7549,47656,charging
2026-07-24T14:13:44.936608,64,4090429,4109861,-1840791,Charging,Good,370,2432000,3800000,3800000,2736,0,-1840791,4090429,7529,47687,charging
2026-07-24T14:13:54.949107,64,4088476,4111158,-1810224,Charging,Good,370,2432000,3800000,3800000,2736,0,-1810224,4088476,7401,47710,charging
2026-07-24T14:14:04.961536,64,4091796,4111626,-1830415,Charging,Good,370,2432000,3800000,3800000,2662,0,-1830415,4091796,7489,47734,charging
2026-07-24T14:14:15.054023,64,4096093,4112110,-1881586,Charging,Good,370,2432000,3800000,3800000,2736,0,-1881586,4096093,7707,47757,charging
2026-07-24T14:14:25.069025,64,4093164,4113549,-1830744,Charging,Good,370,2432000,3800000,3800000,2736,0,-1830744,4093164,7493,47789,charging
2026-07-24T14:14:35.081494,64,4093359,4114027,-1829719,Charging,Good,370,2432000,3800000,3800000,2736,0,-1829719,4093359,7489,47804,charging
2026-07-24T14:14:45.093895,64,4095703,4114504,-1832307,Charging,Good,370,2432000,3800000,3800000,3177,0,-1832307,4095703,7504,47835,charging
2026-07-24T14:14:55.106331,65,4099414,4115929,-1884858,Charging,Good,370,2470000,3800000,3800000,2588,0,-1884858,4099414,7726,47851,charging
2026-07-24T14:15:05.121051,65,4095898,4117062,-1815766,Charging,Good,370,2470000,3800000,3800000,2588,0,-1815766,4095898,7437,47875,charging
2026-07-24T14:15:15.133502,65,4100390,4117700,-1886762,Charging,Good,370,2470000,3800000,3800000,2520,0,-1886762,4100390,7736,47898,charging
2026-07-24T14:15:25.146404,65,4097460,4119630,-1826313,Charging,Good,370,2470000,3800000,3800000,2660,0,-1826313,4097460,7483,47906,charging
2026-07-24T14:15:35.161742,65,4098437,4120169,-1819721,Charging,Good,370,2470000,3800000,3800000,2736,0,-1819721,4098437,7456,47921,charging
2026-07-24T14:15:45.213342,65,4103906,4120762,-1880451,Charging,Good,370,2470000,3800000,3800000,2588,0,-1880451,4103906,7717,47937,charging
2026-07-24T14:15:55.215339,65,4099414,4121971,-1817634,Charging,Good,370,2470000,3800000,3800000,2588,0,-1817634,4099414,7451,47953,charging
2026-07-24T14:16:05.228514,65,4088476,4122481,-1671834,Charging,Good,370,2470000,3800000,3800000,2992,0,-1671834,4088476,6835,47921,charging
2026-07-24T14:16:15.240488,66,4092968,4122933,-1723774,Charging,Good,370,2508000,3800000,3800000,2736,0,-1723774,4092968,7055,47914,charging
2026-07-24T14:16:25.242365,66,4105273,4123948,-1869294,Charging,Good,380,2508000,3800000,3800000,2448,0,-1869294,4105273,7673,47929,charging
2026-07-24T14:16:35.255283,66,4105468,4124392,-1867976,Charging,Good,370,2508000,3800000,3800000,2448,0,-1867976,4105468,7669,47960,charging
2026-07-24T14:16:45.267752,66,4102929,4124790,-1809541,Charging,Good,370,2508000,3800000,3800000,2514,0,-1809541,4102929,7424,47968,charging
2026-07-24T14:16:55.269972,66,4107812,4125260,-1864423,Charging,Good,370,2508000,3800000,3800000,2584,0,-1864423,4107812,7658,47976,charging
2026-07-24T14:17:05.282422,66,4104687,4126125,-1810163,Charging,Good,370,2508000,3800000,3800000,2657,0,-1810163,4104687,7430,47984,charging
2026-07-24T14:17:15.297389,66,4107812,4126486,-1847114,Charging,Good,370,2508000,3800000,3800000,2657,0,-1847114,4107812,7587,47984,charging
2026-07-24T14:17:25.301827,66,4104882,4126928,-1783015,Charging,Good,370,2508000,3800000,3800000,2584,0,-1783015,4104882,7319,47984,charging
2026-07-24T14:17:35.314380,67,4108203,4127760,-1835090,Charging,Good,380,2546000,3800000,3800000,2508,0,-1835090,4108203,7538,47976,charging
2026-07-24T14:17:45.326822,67,4106445,4128213,-1796845,Charging,Good,370,2546000,3800000,3800000,2508,0,-1796845,4106445,7378,47968,charging
2026-07-24T14:17:55.339730,67,4107617,4128596,-1788642,Charging,Good,370,2546000,3800000,3800000,2508,0,-1788642,4107617,7346,47968,charging
2026-07-24T14:18:05.352217,67,4092382,4129230,-1594832,Charging,Good,370,2546000,3800000,3800000,2736,0,-1594832,4092382,6527,47937,charging
2026-07-24T14:18:15.364229,67,4084179,4129146,-1488204,Charging,Good,370,2546000,3800000,3800000,3611,0,-1488204,4084179,6078,47867,charging
2026-07-24T14:18:25.429385,83,3891406,3903200,1778157,Discharging,Good,370,3189088,3800000,3800000,0,1793479,1778157,3891406,6918,37523,resting
2026-07-24T14:18:35.526205,83,3938281,3902158,1132736,Discharging,Good,370,3185941,3800000,3800000,0,2812606,1132736,3938281,4461,37578,resting
2026-07-24T14:18:45.620818,83,3857812,3901195,2099213,Discharging,Good,370,3180110,3800000,3800000,0,1514905,2099213,3857812,7854,37625,resting
2026-07-24T14:18:55.705707,70,3899414,3804170,1564107,Discharging,Good,370,2694959,3800000,3800000,0,1723001,1564107,3899414,6097,37695,resting
2026-07-24T14:19:05.789800,70,3926953,3804717,1170101,Discharging,Good,370,2691709,3800000,3800000,0,2300407,1170101,3926953,4594,37703,resting
2026-07-24T14:46:15.675338,70,3932617,3805618,1093796,Discharging,Good,370,2688671,3800000,3800000,0,2458110,1093796,3932617,4300,37703,resting
2026-07-24T14:46:25.757604,70,3932617,3808189,1073129,Discharging,Good,370,2685820,3800000,3800000,0,2502793,1073129,3932617,4219,37695,resting
2026-07-24T14:46:35.841833,70,3931640,3809167,1061056,Discharging,Good,370,2682873,3800000,3800000,0,2528493,1061056,3931640,4170,37687,resting
2026-07-24T14:46:45.924773,70,3920703,3809998,1183566,Discharging,Good,370,2679586,3800000,3800000,0,2263993,1183566,3920703,4639,37687,resting
2026-07-24T14:46:56.009550,70,3918945,3812609,1169467,Discharging,Good,370,2676650,3800000,3800000,0,2288777,1169467,3918945,4582,37726,resting
2026-07-24T14:47:06.090025,70,3924023,3813383,1088412,Discharging,Good,370,2673627,3800000,3800000,0,2456447,1088412,3924023,4269,37726,resting
2026-07-24T14:47:16.173312,70,3925781,3814276,1087216,Discharging,Good,370,2670607,3800000,3800000,0,2456372,1087216,3925781,4267,37718,resting
2026-07-24T14:47:26.256891,70,3886914,3816507,1552950,Discharging,Good,370,2667104,3800000,3800000,0,1717443,1552950,3886914,6031,37726,resting
2026-07-24T14:47:36.341741,70,3921484,3817177,1108822,Discharging,Good,370,2664024,3800000,3800000,0,2402571,1108822,3921484,4347,37726,resting
2026-07-24T14:47:46.424978,69,3860937,3817654,1826411,Discharging,Good,370,2658951,3800000,3800000,0,1455833,1826411,3860937,7050,37750,resting
2026-07-24T14:47:56.508575,69,3907226,3818873,1228365,Discharging,Good,370,2655971,3800000,3800000,0,2162200,1228365,3907226,4798,37851,resting
2026-07-24T14:48:06.592625,69,3906835,3819418,1248690,Discharging,Good,370,2652503,3800000,3800000,0,2124228,1248690,3906835,4877,37859,resting
2026-07-24T14:48:16.672871,69,3915625,3819909,1112082,Discharging,Good,370,2649414,3800000,3800000,0,2382390,1112082,3915625,4353,37867,resting
2026-07-24T14:48:26.756939,69,3914062,3821126,1117318,Discharging,Good,370,2646634,3800000,3800000,0,2368738,1117318,3914062,4372,37882,resting
2026-07-24T14:48:36.843640,69,3921679,3821729,1005087,Discharging,Good,370,2643843,3800000,3800000,0,2630461,1005087,3921679,3940,37898,resting
2026-07-24T14:48:46.927435,69,3914453,3822465,1104269,Discharging,Good,370,2640776,3800000,3800000,0,2391424,1104269,3914453,4321,37890,resting
2026-07-24T14:48:57.011863,69,3911523,3824394,1116391,Discharging,Good,370,2637975,3800000,3800000,0,2362949,1116391,3911523,4365,37898,resting
2026-07-24T14:49:07.092825,69,3918554,3825134,1012924,Discharging,Good,370,2635162,3800000,3800000,0,2601539,1012924,3918554,3969,37898,resting
2026-07-24T14:49:17.177648,69,3901757,3825722,1229891,Discharging,Good,370,2631746,3800000,3800000,0,2139820,1229891,3901757,4798,37937,resting
2026-07-24T14:49:27.260599,69,3898828,3827408,1251400,Discharging,Good,370,2628831,3800000,3800000,0,2100712,1251400,3898828,4878,37953,resting
2026-07-24T14:49:37.352890,69,3913476,3827949,1067148,Discharging,Good,370,2625867,3800000,3800000,0,2460639,1067148,3913476,4176,37953,resting
2026-07-24T14:49:47.437595,69,3911718,3828501,1093100,Discharging,Good,370,2622831,3800000,3800000,0,2399442,1093100,3911718,4275,37945,resting
2026-07-24T14:49:57.533097,68,3912109,3830242,1057431,Discharging,Good,370,2620508,3800000,3800000,0,2478183,1057431,3912109,4136,37937,resting
2026-07-24T14:50:07.619452,68,3909960,3831252,1076877,Discharging,Good,370,2617458,3800000,3800000,0,2430600,1076877,3909960,4210,37929,resting
2026-07-24T14:50:17.700882,68,3917773,3831872,972714,Discharging,Good,370,2614757,3800000,3800000,0,2688104,972714,3917773,3810,37937,resting
2026-07-24T14:50:27.784646,68,3887695,3833563,1360433,Discharging,Good,370,2611936,3800000,3800000,0,1919929,1360433,3887695,5287,37945,resting
2026-07-24T14:50:37.868937,68,3916210,3834179,967465,Discharging,Good,370,2609249,3800000,3800000,0,2696995,967465,3916210,3788,37992,resting
2026-07-24T14:50:47.951842,68,3894140,3834637,1216036,Discharging,Good,370,2605872,3800000,3800000,0,2142923,1216036,3894140,4735,38000,resting
2026-07-24T14:50:58.047735,68,3907031,3835747,1061423,Discharging,Good,370,2603242,3800000,3800000,0,2452596,1061423,3907031,4149,38085,resting
2026-07-24T14:51:08.135403,68,3905273,3836128,1066757,Discharging,Good,370,2600279,3800000,3800000,0,2437555,1066757,3905273,4165,38093,resting
2026-07-24T14:51:18.217897,68,3913085,3836530,960214,Discharging,Good,370,2597612,3800000,3800000,0,2705242,960214,3913085,3757,38109,resting
2026-07-24T14:51:28.303354,68,3904492,3837468,1055368,Discharging,Good,370,2594874,3800000,3800000,0,2458738,1055368,3904492,4120,38164,resting
2026-07-24T14:51:38.384859,68,3906445,3837593,1030356,Discharging,Good,370,2592012,3800000,3800000,0,2515647,1030356,3906445,4024,38156,resting
2026-07-24T14:51:48.470132,68,3813085,3837164,2227533,Discharging,Good,370,2585825,3800000,3800000,0,1160846,2227533,3813085,8493,38234,resting
2026-07-24T14:51:58.556997,67,3911328,3836403,928769,Discharging,Good,370,2583294,3800000,3800000,0,2781417,928769,3911328,3632,38328,resting
2026-07-24T14:52:08.640921,67,3856250,3835873,1570210,Discharging,Good,370,2578933,3800000,3800000,0,1642412,1570210,3856250,6053,38421,resting
2026-07-24T14:52:18.724580,67,3893750,3835570,1116745,Discharging,Good,370,2575831,3800000,3800000,0,2306552,1116745,3893750,4348,38539,resting
2026-07-24T14:52:28.806729,67,3878710,3835054,1306771,Discharging,Good,370,2572740,3800000,3800000,0,1968776,1306771,3878710,5068,38546,resting
2026-07-24T14:52:38.888852,67,3899609,3835114,1031052,Discharging,Good,370,2569876,3800000,3800000,0,2492479,1031052,3899609,4020,38593,resting
2026-07-24T14:52:48.973407,67,3893554,3835201,1107553,Discharging,Good,370,2566800,3800000,3800000,0,2317541,1107553,3893554,4311,38671,resting
2026-07-24T14:52:59.048546,67,3875585,3835236,1339608,Discharging,Good,370,2563740,3800000,3800000,0,1913798,1339608,3875585,5189,38679,resting
2026-07-24T14:53:09.130987,67,3879101,3835281,1254794,Discharging,Good,370,2560255,3800000,3800000,0,2040378,1254794,3879101,4866,38703,resting
2026-07-24T14:53:19.212817,67,3885742,3835358,1156356,Discharging,Good,370,2557043,3800000,3800000,0,2211293,1156356,3885742,4493,38773,resting
2026-07-24T14:53:29.214959,67,3894726,3835560,1033139,Discharging,Good,370,2554635,3800000,3800000,0,2472692,1033139,3894726,4023,38867,resting
2026-07-24T14:53:39.296851,67,3890625,3835678,1083688,Discharging,Good,370,2551625,3800000,3800000,0,2354575,1083688,3890625,4216,38921,resting
2026-07-24T14:53:49.392884,67,3900195,3835910,960397,Discharging,Good,370,2548958,3800000,3800000,0,2654067,960397,3900195,3745,38945,resting
2026-07-24T14:53:59.571443,66,3872265,3836201,1288363,Discharging,Good,370,2545751,3800000,3800000,0,1975957,1288363,3872265,4988,38960,resting
2026-07-24T14:54:09.653998,66,3867578,3836164,1353231,Discharging,Good,370,2541993,3800000,3800000,0,1878461,1353231,3867578,5232,38945,resting
2026-07-24T14:54:19.736786,66,3896289,3836182,999191,Discharging,Good,370,2539218,3800000,3800000,0,2541273,999191,3896289,3893,38945,resting
2026-07-24T14:54:29.738766,66,3894531,3836233,1013168,Discharging,Good,370,2536686,3800000,3800000,0,2503717,1013168,3894531,3945,38921,resting
2026-07-24T14:54:39.823025,66,3894531,3836468,1009799,Discharging,Good,370,2533882,3800000,3800000,0,2509293,1009799,3894531,3932,38820,resting
2026-07-24T14:54:49.904835,66,3897460,3836739,954831,Discharging,Good,370,2531230,3800000,3800000,0,2650971,954831,3897460,3721,38734,resting
2026-07-24T14:54:59.906778,66,3893554,3836960,1034909,Discharging,Good,370,2528643,3800000,3800000,0,2443348,1034909,3893554,4029,38632,resting
2026-07-24T14:55:09.988514,66,3873828,3837249,1242965,Discharging,Good,370,2525251,3800000,3800000,0,2031634,1242965,3873828,4814,38578,resting
2026-07-24T14:55:20.069938,66,3879882,3837336,1138058,Discharging,Good,370,2522090,3800000,3800000,0,2216134,1138058,3879882,4415,38539,resting
2026-07-24T14:55:30.071544,66,3881445,3837429,1116391,Discharging,Good,370,2519300,3800000,3800000,0,2256646,1116391,3881445,4333,38523,resting
2026-07-24T14:55:40.155702,66,3889843,3837616,1015366,Discharging,Good,370,2516757,3800000,3800000,0,2478669,1015366,3889843,3949,38453,resting
2026-07-24T14:55:50.239684,66,3897070,3837822,916538,Discharging,Good,370,2514212,3800000,3800000,0,2743161,916538,3897070,3571,38382,resting
2026-07-24T14:56:00.242136,66,3889257,3837993,1015634,Discharging,Good,370,2511673,3800000,3800000,0,2473009,1015634,3889257,3950,38343,resting
2026-07-24T14:56:10.332567,66,3850000,3838077,1504366,Discharging,Good,370,2508070,3800000,3800000,0,1667194,1504366,3850000,5791,38351,resting
2026-07-24T14:56:20.413940,65,3871289,3837969,1207858,Discharging,Good,370,2504715,3800000,3800000,0,2073683,1207858,3871289,4675,38351,resting
2026-07-24T14:56:30.415806,65,3866406,3837723,1235897,Discharging,Good,370,2501626,3800000,3800000,0,2024137,1235897,3866406,4776,38398,resting
2026-07-24T14:56:40.496916,65,3856835,3837166,1351790,Discharging,Good,370,2498204,3800000,3800000,0,1848071,1351790,3856835,5213,38453,resting
2026-07-24T14:56:50.580519,65,3865429,3836886,1223959,Discharging,Good,370,2494805,3800000,3800000,0,2038307,1223959,3865429,4730,38531,resting
2026-07-24T14:57:00.676527,65,3866015,3836632,1199850,Discharging,Good,370,2491473,3800000,3800000,0,2076487,1199850,3866015,4638,38539,resting
2026-07-24T14:57:10.756981,65,3807031,3835491,1947956,Discharging,Good,370,2487014,3800000,3800000,0,1276730,1947956,3807031,7415,38554,resting
2026-07-24T14:57:20.840526,65,3874414,3835000,1087900,Discharging,Good,370,2483993,3800000,3800000,0,2283291,1087900,3874414,4214,38617,resting
2026-07-24T14:57:30.928766,65,3876171,3834618,1060544,Discharging,Good,370,2481048,3800000,3800000,0,2339410,1060544,3876171,4110,38656,resting
2026-07-24T14:57:41.015738,65,3875195,3833544,1061801,Discharging,Good,370,2478370,3800000,3800000,0,2334119,1061801,3875195,4114,38640,resting
2026-07-24T14:57:51.102767,65,3777343,3832519,2282489,Discharging,Good,370,2472030,3800000,3800000,0,1083041,2282489,3777343,8621,38710,resting
2026-07-24T14:58:01.187386,64,3861718,3831800,1215402,Discharging,Good,370,2468654,3800000,3800000,0,2031141,1215402,3861718,4692,38835,resting
2026-07-24T14:58:11.279055,64,3858789,3829365,1228597,Discharging,Good,370,2466050,3800000,3800000,0,2007208,1228597,3858789,4804,38820,resting
2026-07-24T14:58:21.360515,64,3859375,3828858,1236422,Discharging,Good,370,2462616,3800000,3800000,0,1991727,1236422,3859375,4771,38867,resting
2026-07-24T14:58:31.444910,64,3878515,3828608,960886,Discharging,Good,370,2459947,3800000,3800000,0,2560082,960886,3878515,3726,38921,resting
2026-07-24T14:58:41.529300,64,3860351,3827907,1200082,Discharging,Good,370,2457082,3800000,3800000,0,2047428,1200082,3860351,4632,38914,resting
2026-07-24T14:58:51.612697,64,3818164,3827170,1687507,Discharging,Good,370,2452395,3800000,3800000,0,1453265,1687507,3818164,6438,38945,resting
2026-07-24T14:59:01.695379,64,3827343,3826233,1574544,Discharging,Good,370,2448022,3800000,3800000,0,1554749,1574544,3827343,6025,39093,resting
2026-07-24T14:59:11.783140,64,3848046,3823430,1284005,Discharging,Good,370,2444726,3800000,3800000,0,1903984,1284005,3848046,4940,39148,resting
2026-07-24T14:59:21.867436,64,3845898,3822748,1297091,Discharging,Good,370,2441123,3800000,3800000,0,1881998,1297091,3845898,4987,39171,resting
2026-07-24T14:59:31.948958,64,3852148,3822308,1207711,Discharging,Good,370,2437769,3800000,3800000,0,2018503,1207711,3852148,4651,39171,resting
2026-07-24T14:59:42.033119,64,3845898,3821091,1319173,Discharging,Good,370,2434906,3800000,3800000,0,1845782,1319173,3845898,5072,39179,resting
2026-07-24T14:59:52.116933,64,3883398,3821000,819980,Discharging,Good,370,2432629,3800000,3800000,0,2966693,819980,3883398,3184,39179,resting
2026-07-24T15:00:02.118632,63,3847851,3820648,1268942,Discharging,Good,370,2429457,3800000,3800000,0,1914553,1268942,3847851,4880,39171,resting
2026-07-24T15:00:12.200654,63,3790820,3819088,1962690,Discharging,Good,370,2426081,3800000,3800000,0,1236099,1962690,3790820,7440,39210,resting
2026-07-24T15:00:22.281169,63,3787695,3815488,1936982,Discharging,Good,370,2421243,3800000,3800000,0,1250008,1936982,3787695,7336,39382,resting
2026-07-24T15:00:32.282956,63,3789648,3811343,1912641,Discharging,Good,370,2416720,3800000,3800000,0,1263551,1912641,3789648,7247,39492,resting
2026-07-24T15:00:42.285520,63,3792773,3805663,1826997,Discharging,Good,370,2411942,3800000,3800000,0,1320167,1826997,3792773,6929,39593,resting
2026-07-24T15:00:52.287272,63,3778125,3799424,1987421,Discharging,Good,370,2406546,3800000,3800000,0,1210888,1987421,3778125,7507,39648,resting
2026-07-24T15:01:02.372733,63,3789843,3793151,1814973,Discharging,Good,370,2401814,3800000,3800000,0,1323333,1814973,3789843,6878,39718,resting
2026-07-24T15:01:12.452705,63,3790625,3785892,1772859,Discharging,Good,370,2397591,3800000,3800000,0,1352386,1772859,3790625,6719,39789,resting
2026-07-24T15:01:22.532798,62,3774023,3780207,1980573,Discharging,Good,370,2392857,3800000,3800000,0,1208164,1980573,3774023,7474,39843,resting
2026-07-24T15:01:32.534672,62,3769921,3775829,2026447,Discharging,Good,370,2388490,3800000,3800000,0,1178659,2026447,3769921,7637,39906,resting
2026-07-24T15:01:42.536416,62,3782226,3769660,1829756,Discharging,Good,370,2383230,3800000,3800000,0,1302485,1829756,3782226,6920,39968,resting
2026-07-24T15:01:52.596689,62,3779101,3764658,1849336,Discharging,Good,370,2377853,3800000,3800000,0,1285787,1849336,3779101,6988,40031,resting
2026-07-24T15:02:02.677471,62,3766015,3759719,2016108,Discharging,Good,370,2372894,3800000,3800000,0,1176967,2016108,3766015,7592,40101,resting
2026-07-24T15:02:12.760826,62,3774804,3754151,1886018,Discharging,Good,370,2368064,3800000,3800000,0,1255589,1886018,3774804,7118,40203,resting
2026-07-24T15:02:22.844671,62,3774609,3749683,1869758,Discharging,Good,370,2363104,3800000,3800000,0,1263855,1869758,3774609,7057,40312,resting
2026-07-24T15:02:32.846391,62,3762890,3746135,2003925,Discharging,Good,370,2358784,3800000,3800000,0,1177081,2003925,3762890,7540,40375,resting
2026-07-24T15:02:42.928722,61,3761523,3741334,2007648,Discharging,Good,370,2353292,3800000,3800000,0,1172163,2007648,3761523,7551,40468,resting
2026-07-24T15:02:52.976517,61,3757617,3737571,2041913,Discharging,Good,370,2348362,3800000,3800000,0,1150079,2041913,3757617,7672,40546,resting
2026-07-24T15:03:03.056664,61,3758007,3733632,2008832,Discharging,Good,370,2343241,3800000,3800000,0,1166469,2008832,3758007,7549,40625,resting
2026-07-24T15:03:13.058376,61,3758007,3729758,1994916,Discharging,Good,370,2338699,3800000,3800000,0,1172329,1994916,3758007,7496,40695,resting
2026-07-24T15:03:23.060116,61,3758203,3726172,1977277,Discharging,Good,370,2333082,3800000,3800000,0,1179946,1977277,3758203,7430,40757,resting
2026-07-24T15:03:33.061879,61,3761328,3722904,1932563,Discharging,Good,370,2327656,3800000,3800000,0,1204439,1932563,3761328,7268,40812,resting
2026-07-24T15:03:43.228888,61,3756054,3719191,1979926,Discharging,Good,370,2322103,3800000,3800000,0,1172823,1979926,3756054,7436,40875,resting
2026-07-24T15:03:53.312663,60,3752148,3716130,2006891,Discharging,Good,370,2317255,3800000,3800000,0,1154649,2006891,3752148,7530,40929,resting
2026-07-24T15:04:03.393423,60,3761914,3713256,1870832,Discharging,Good,370,2312418,3800000,3800000,0,1236037,1870832,3761914,7037,40984,resting
2026-07-24T15:04:13.477469,60,3750976,3710686,2005036,Discharging,Good,370,2307972,3800000,3800000,0,1151087,2005036,3750976,7520,41039,resting
2026-07-24T15:04:23.479201,60,3747656,3708250,2024030,Discharging,Good,370,2303506,3800000,3800000,0,1138078,2024030,3747656,7585,41101,resting
2026-07-24T15:04:33.480941,60,3754296,3705816,1941633,Discharging,Good,370,2297987,3800000,3800000,0,1183533,1941633,3754296,7287,41156,resting
2026-07-24T15:04:43.564659,60,3758203,3703767,1859712,Discharging,Good,370,2292575,3800000,3800000,0,1232758,1859712,3758203,6988,41226,resting
2026-07-24T15:04:53.644683,60,3756835,3701444,1874177,Discharging,Good,370,2287707,3800000,3800000,0,1220646,1874177,3756835,7109,41304,resting
2026-07-24T15:05:03.724734,60,3744726,3699404,2008429,Discharging,Good,370,2283236,3800000,3800000,0,1136826,2008429,3744726,7520,41359,resting
2026-07-24T15:05:13.804742,59,3754101,3697206,1893830,Discharging,Good,370,2278293,3800000,3800000,0,1203008,1893830,3754101,7109,41414,resting
2026-07-24T15:05:23.806663,59,3749804,3695210,1922297,Discharging,Good,370,2273974,3800000,3800000,0,1182946,1922297,3749804,7207,41437,resting
2026-07-24T15:05:33.808380,59,3736523,3693391,2048676,Discharging,Good,370,2268443,3800000,3800000,0,1107272,2048676,3736523,7653,41460,resting
2026-07-24T15:05:43.891543,59,3741406,3691368,1997663,Discharging,Good,370,2262938,3800000,3800000,0,1132792,1997663,3741406,7473,41484,resting
2026-07-24T15:05:53.979526,59,3750781,3689049,1853120,Discharging,Good,370,2258637,3800000,3800000,0,1218829,1853120,3750781,6950,41453,resting
2026-07-24T15:06:04.064735,59,3741406,3687334,1963764,Discharging,Good,370,2253727,3800000,3800000,0,1147656,1963764,3741406,7346,41421,resting
2026-07-24T15:06:14.149766,59,3741015,3685926,1966877,Discharging,Good,370,2248936,3800000,3800000,0,1143404,1966877,3741015,7357,41390,resting
2026-07-24T15:06:24.151425,59,3740039,3684519,1969806,Discharging,Good,370,2244534,3800000,3800000,0,1139469,1969806,3740039,7367,41390,resting
2026-07-24T15:06:34.153073,58,3738085,3683182,1975934,Discharging,Good,370,2239096,3800000,3800000,0,1133183,1975934,3738085,7385,41390,resting
2026-07-24T15:06:44.236797,58,3732617,3681722,2018622,Discharging,Good,370,2233418,3800000,3800000,0,1106407,2018622,3732617,7533,41382,resting
2026-07-24T15:06:54.320614,58,3736328,3680049,1964460,Discharging,Good,370,2229417,3800000,3800000,0,1134875,1964460,3736328,7339,41375,resting
2026-07-24T15:07:04.400693,58,3734960,3678593,1976642,Discharging,Good,370,2224514,3800000,3800000,0,1125400,1976642,3734960,7382,41359,resting
2026-07-24T15:07:14.483472,58,3731835,3677134,1993036,Discharging,Good,370,2219586,3800000,3800000,0,1113670,1993036,3731835,7437,41351,resting
2026-07-24T15:07:24.485132,58,3731640,3675762,1988093,Discharging,Good,370,2215295,3800000,3800000,0,1114281,1988093,3731640,7418,41335,resting
2026-07-24T15:07:34.486830,58,3726757,3674530,2040412,Discharging,Good,370,2209941,3800000,3800000,0,1083085,2040412,3726757,7602,41312,resting
2026-07-24T15:07:44.559018,58,3729492,3673400,1977241,Discharging,Good,370,2204397,3800000,3800000,0,1114885,1977241,3729492,7374,41304,resting
2026-07-24T15:07:54.640731,57,3729296,3672279,1969013,Discharging,Good,370,2199541,3800000,3800000,0,1117077,1969013,3729296,7343,41281,resting
2026-07-24T15:08:04.725580,57,3727929,3671241,1982978,Discharging,Good,370,2194724,3800000,3800000,0,1106781,1982978,3727929,7392,41257,resting
2026-07-24T15:08:14.810547,57,3738281,3670313,1835627,Discharging,Good,370,2189884,3800000,3800000,0,1192989,1835627,3738281,6861,41242,resting
2026-07-24T15:08:24.812627,57,3725390,3669233,1983307,Discharging,Good,370,2185557,3800000,3800000,0,1101976,1983307,3725390,7388,41210,resting
2026-07-24T15:08:34.814325,57,3724414,3668307,1989545,Discharging,Good,370,2180143,3800000,3800000,0,1095799,1989545,3724414,7409,41187,resting
2026-07-24T15:08:44.899762,57,3731835,3667313,1875544,Discharging,Good,370,2175301,3800000,3800000,0,1159824,1875544,3731835,7069,41187,resting
2026-07-24T15:08:54.981438,57,3722265,3666179,1971137,Discharging,Good,370,2171005,3800000,3800000,0,1101397,1971137,3722265,7336,41148,resting
2026-07-24T15:09:05.064806,57,3731835,3665402,1855378,Discharging,Good,370,2166245,3800000,3800000,0,1167549,1855378,3731835,6923,41117,resting
2026-07-24T15:09:15.149455,56,3727734,3664645,1887495,Discharging,Good,370,2161326,3800000,3800000,0,1145076,1887495,3727734,7035,41093,resting
2026-07-24T15:09:25.151169,56,3731054,3663654,1830354,Discharging,Good,370,2157015,3800000,3800000,0,1178468,1830354,3731054,6829,41070,resting
2026-07-24T15:09:35.152869,56,3715234,3662732,2023261,Discharging,Good,370,2151489,3800000,3800000,0,1063376,2023261,3715234,7515,41062,resting
2026-07-24T15:09:45.236950,56,3724414,3661702,1870124,Discharging,Good,370,2146006,3800000,3800000,0,1147520,1870124,3724414,6964,41054,resting
2026-07-24T15:09:55.320688,56,3723632,3660573,1869624,Discharging,Good,370,2141597,3800000,3800000,0,1145469,1869624,3723632,6961,41039,resting
2026-07-24T15:10:05.404696,56,3722851,3659758,1875898,Discharging,Good,370,2136801,3800000,3800000,0,1139081,1875898,3722851,6983,41023,resting
2026-07-24T15:10:15.485480,56,3714062,3658981,1959308,Discharging,Good,370,2131913,3800000,3800000,0,1088094,1959308,3714062,7277,41007,resting
2026-07-24T15:10:25.487225,55,3719140,3658271,1898347,Discharging,Good,370,2127631,3800000,3800000,0,1120780,1898347,3719140,7059,40984,resting
2026-07-24T15:10:35.488917,55,3711132,3657375,1986213,Discharging,Good,370,2122288,3800000,3800000,0,1068509,1986213,3711132,7371,40953,resting
2026-07-24T15:10:45.575039,55,3707812,3656426,2019269,Discharging,Good,370,2116766,3800000,3800000,0,1048283,2019269,3707812,7485,40937,resting
2026-07-24T15:10:55.659747,55,3709570,3655339,1967756,Discharging,Good,370,2112361,3800000,3800000,0,1073487,1967756,3709570,7299,40914,resting
2026-07-24T15:11:05.746334,55,3707421,3654079,1987592,Discharging,Good,370,2107442,3800000,3800000,0,1060299,1987592,3707421,7368,40882,resting
2026-07-24T15:11:15.828716,55,3704296,3652593,2005439,Discharging,Good,370,2102506,3800000,3800000,0,1048401,2005439,3704296,7428,40851,resting
2026-07-24T15:11:25.830478,55,3712890,3651099,1899421,Discharging,Good,370,2098236,3800000,3800000,0,1104671,1899421,3712890,7051,40820,resting
2026-07-24T15:11:35.832163,55,3703125,3649719,1999360,Discharging,Good,370,2092829,3800000,3800000,0,1046749,1999360,3703125,7403,40773,resting
2026-07-24T15:11:45.918594,54,3705273,3648395,1973334,Discharging,Good,370,2087462,3800000,3800000,0,1057835,1973334,3705273,7309,40750,resting
2026-07-24T15:11:56.001849,54,3710351,3646819,1866340,Discharging,Good,370,2082689,3800000,3800000,0,1115921,1866340,3710351,6924,40703,resting
2026-07-24T15:12:06.084717,54,3699804,3645548,2004133,Discharging,Good,370,2077846,3800000,3800000,0,1036780,2004133,3699804,7414,40664,resting
2026-07-24T15:12:16.169745,54,3682421,3644430,2231146,Discharging,Good,370,2072862,3800000,3800000,0,929057,2231146,3682421,8215,40632,resting
2026-07-24T15:12:26.171467,54,3697851,3643459,1994159,Discharging,Good,370,2069019,3800000,3800000,0,1037539,1994159,3697851,7373,40585,resting
2026-07-24T15:12:36.173194,54,3705273,3642581,1917634,Discharging,Good,370,2063643,3800000,3800000,0,1076140,1917634,3705273,7104,40531,resting
2026-07-24T15:12:46.257587,54,3704687,3641616,1851276,Discharging,Good,370,2058642,3800000,3800000,0,1112012,1851276,3704687,6859,40500,resting
2026-07-24T15:12:56.259270,54,3694140,3640633,1993769,Discharging,Good,370,2053774,3800000,3800000,0,1030096,1993769,3694140,7365,40453,resting
2026-07-24T15:13:06.340841,53,3694726,3639683,1975886,Discharging,Good,370,2048876,3800000,3800000,0,1036940,1975886,3694726,7300,40406,resting
2026-07-24T15:13:16.342596,53,3692968,3638748,1987397,Discharging,Good,370,2044200,3800000,3800000,0,1028581,1987397,3692968,7339,40375,resting
2026-07-24T15:13:26.425407,53,3690234,3637424,1984015,Discharging,Good,370,2038777,3800000,3800000,0,1027601,1984015,3690234,7321,40343,resting
2026-07-24T15:13:36.427073,53,3698046,3636047,1883540,Discharging,Good,370,2033910,3800000,3800000,0,1079833,1883540,3698046,6965,40312,resting
2026-07-24T15:13:46.508697,53,3687109,3634756,2007843,Discharging,Good,370,2028865,3800000,3800000,0,1010469,2007843,3687109,7405,40281,resting
2026-07-24T15:13:56.588730,53,3686523,3633323,2004682,Discharging,Good,370,2023816,3800000,3800000,0,1009544,2004682,3686523,7390,40250,resting
2026-07-24T15:14:06.669688,53,3682812,3631518,2022443,Discharging,Good,370,2018854,3800000,3800000,0,998225,2022443,3682812,7448,40179,resting
2026-07-24T15:14:16.671449,53,3681835,3630353,2027692,Discharging,Good,370,2014393,3800000,3800000,0,993441,2027692,3681835,7465,40148,resting
2026-07-24T15:14:26.673156,52,3681640,3628772,2013251,Discharging,Good,370,2008747,3800000,3800000,0,997762,2013251,3681640,7412,40101,resting
2026-07-24T15:14:36.716867,52,3691210,3627414,1887629,Discharging,Good,370,2003952,3800000,3800000,0,1061623,1887629,3691210,6967,40062,resting
2026-07-24T15:14:46.800652,52,3689453,3626329,1872602,Discharging,Good,370,1998977,3800000,3800000,0,1067486,1872602,3689453,6908,40031,resting
2026-07-24T15:14:56.883509,52,3685937,3625330,1922248,Discharging,Good,370,1994118,3800000,3800000,0,1037388,1922248,3685937,7084,40000,resting
2026-07-24T15:15:06.965615,52,3680078,3624131,1976459,Discharging,Good,370,1989724,3800000,3800000,0,1006711,1976459,3680078,7273,39976,resting
2026-07-24T15:15:16.967304,52,3675976,3623249,2020807,Discharging,Good,370,1985219,3800000,3800000,0,982389,2020807,3675976,7428,39953,resting
2026-07-24T15:15:26.969036,52,3685937,3621992,1878571,Discharging,Good,370,1979699,3800000,3800000,0,1053832,1878571,3685937,6924,39921,resting
2026-07-24T15:15:36.971038,51,3680468,3620711,1952057,Discharging,Good,370,1975241,3800000,3800000,0,1011876,1952057,3680468,7183,39890,resting
2026-07-24T15:15:47.052674,51,3675390,3619488,1995649,Discharging,Good,370,1970291,3800000,3800000,0,987293,1995649,3675390,7334,39867,resting
2026-07-24T15:15:57.138959,51,3673242,3618182,1991584,Discharging,Good,370,1965288,3800000,3800000,0,986796,1991584,3673242,7315,39843,resting
2026-07-24T15:16:07.220706,51,3681054,3616386,1884248,Discharging,Good,370,1960404,3800000,3800000,0,1040417,1884248,3681054,6935,39804,resting
2026-07-24T15:16:17.222391,51,3668164,3615380,2049054,Discharging,Good,370,1955879,3800000,3800000,0,954527,2049054,3668164,7514,39773,resting
2026-07-24T15:16:27.224116,51,3678125,3613994,1869709,Discharging,Good,370,1950262,3800000,3800000,0,1043083,1869709,3678125,6876,39757,resting
2026-07-24T15:16:37.306727,51,3643945,3612157,2309662,Discharging,Good,370,1945106,3800000,3800000,0,842160,2309662,3643945,8415,39710,resting
2026-07-24T15:16:47.389607,51,3664062,3610447,2043402,Discharging,Good,370,1940047,3800000,3800000,0,949420,2043402,3664062,7487,39703,resting
2026-07-24T15:16:57.472650,50,3677343,3608900,1868440,Discharging,Good,370,1935125,3800000,3800000,0,1035690,1868440,3677343,6870,39687,resting
2026-07-24T15:17:07.554014,50,3675585,3607745,1867133,Discharging,Good,370,1930858,3800000,3800000,0,1034129,1867133,3675585,6862,39640,resting
2026-07-24T15:17:17.555734,50,3672265,3606829,1888813,Discharging,Good,370,1926459,3800000,3800000,0,1019931,1888813,3672265,6935,39625,resting
2026-07-24T15:17:27.557431,50,3657226,3605721,2076606,Discharging,Good,370,1920943,3800000,3800000,0,925039,2076606,3657226,7593,39585,resting
2026-07-24T15:17:37.640836,50,3665429,3604707,1960932,Discharging,Good,370,1916076,3800000,3800000,0,977125,1960932,3665429,7185,39562,resting
2026-07-24T15:17:47.724734,50,3671093,3603710,1867451,Discharging,Good,370,1911111,3800000,3800000,0,1023379,1867451,3671093,6855,39539,resting
2026-07-24T15:17:57.809439,50,3660156,3602609,1997577,Discharging,Good,370,1906084,3800000,3800000,0,954198,1997577,3660156,7310,39507,resting
2026-07-24T15:18:07.893364,50,3662890,3601199,1966596,Discharging,Good,370,1901680,3800000,3800000,0,966990,1966596,3662890,7203,39492,resting
2026-07-24T15:18:17.895327,49,3662304,3600255,1930134,Discharging,Good,370,1897228,3800000,3800000,0,982951,1930134,3662304,7066,39468,resting
2026-07-24T15:18:27.896982,49,3656054,3599044,2004877,Discharging,Good,370,1891589,3800000,3800000,0,943493,2004877,3656054,7329,39445,resting
2026-07-24T15:18:37.980720,49,3660156,3597612,1957844,Discharging,Good,370,1886110,3800000,3800000,0,963360,1957844,3660156,7164,39429,resting
2026-07-24T15:18:48.060704,49,3654101,3596718,2011481,Discharging,Good,370,1881088,3800000,3800000,0,935175,2011481,3654101,7350,39421,resting
2026-07-24T15:18:58.144774,49,3653125,3595831,1997931,Discharging,Good,370,1876108,3800000,3800000,0,939025,1997931,3653125,7298,39406,resting
2026-07-24T15:19:08.230845,49,3661328,3594813,1889033,Discharging,Good,370,1871850,3800000,3800000,0,990903,1889033,3661328,6916,39382,resting
2026-07-24T15:19:18.232643,49,3650585,3594067,2004633,Discharging,Good,370,1867349,3800000,3800000,0,931516,2004633,3650585,7317,39375,resting
2026-07-24T15:19:28.234443,48,3645312,3593018,2085565,Discharging,Good,370,1861739,3800000,3800000,0,892678,2085565,3645312,7601,39359,resting
2026-07-24T15:19:38.318800,48,3643750,3591637,2060895,Discharging,Good,370,1856488,3800000,3800000,0,900816,2060895,3643750,7508,39351,resting
2026-07-24T15:19:48.404926,48,3656054,3590420,1897395,Discharging,Good,370,1851530,3800000,3800000,0,975827,1897395,3656054,6936,39343,resting
2026-07-24T15:19:58.489455,48,3647460,3589288,1991535,Discharging,Good,370,1846626,3800000,3800000,0,927237,1991535,3647460,7263,39320,resting
2026-07-24T15:20:08.575532,48,3653710,3587982,1902912,Discharging,Good,370,1841632,3800000,3800000,0,967796,1902912,3653710,6952,39304,resting
2026-07-24T15:20:18.577314,48,3648242,3587173,1952521,Discharging,Good,370,1836648,3800000,3800000,0,940654,1952521,3648242,7123,39273,resting
2026-07-24T15:20:28.579107,48,3647851,3586318,1964326,Discharging,Good,370,1831091,3800000,3800000,0,932172,1964326,3647851,7164,39250,resting
2026-07-24T15:20:38.664363,48,3642773,3585202,1992939,Discharging,Good,370,1826143,3800000,3800000,0,916306,1992939,3642773,7259,39226,resting
2026-07-24T15:20:48.749520,47,3642578,3584074,2022504,Discharging,Good,370,1821176,3800000,3800000,0,900456,2022504,3642578,7366,39218,resting
2026-07-24T15:20:58.832635,47,3639843,3582901,2011030,Discharging,Good,370,1816159,3800000,3800000,0,903098,2011030,3639843,7319,39203,resting
2026-07-24T15:21:08.912630,47,3650585,3581899,1865693,Discharging,Good,370,1812364,3800000,3800000,0,971415,1865693,3650585,6810,39187,resting
2026-07-24T15:21:18.914397,47,3637500,3580864,2031098,Discharging,Good,370,1807367,3800000,3800000,0,889847,2031098,3637500,7387,39164,resting
2026-07-24T15:21:28.916092,47,3636132,3579708,2017328,Discharging,Good,370,1801867,3800000,3800000,0,893194,2017328,3636132,7334,39148,resting
2026-07-24T15:21:38.917818,47,3633593,3578595,2042951,Discharging,Good,370,1796754,3800000,3800000,0,879489,2042951,3633593,7423,39140,resting
2026-07-24T15:21:49.000641,47,3633398,3577704,2055475,Discharging,Good,370,1791773,3800000,3800000,0,871707,2055475,3633398,7467,39117,resting
2026-07-24T15:21:59.085377,47,3635351,3576858,2012592,Discharging,Good,370,1786682,3800000,3800000,0,887751,2012592,3635351,7316,39101,resting
2026-07-24T15:22:09.087112,46,3630078,3575687,2038630,Discharging,Good,370,1781581,3800000,3800000,0,873910,2038630,3630078,7399,39093,resting
2026-07-24T15:22:19.088916,46,3643554,3574589,1882111,Discharging,Good,370,1776639,3800000,3800000,0,943960,1882111,3643554,6857,39062,resting
2026-07-24T15:22:29.175507,46,3639843,3573463,1917866,Discharging,Good,370,1771605,3800000,3800000,0,923737,1917866,3639843,6980,39046,resting
2026-07-24T15:22:39.201730,46,3622265,3572361,2123444,Discharging,Good,370,1766638,3800000,3800000,0,831968,2123444,3622265,7691,39023,resting
2026-07-24T15:22:49.285651,46,3629296,3571148,2023493,Discharging,Good,370,1761592,3800000,3800000,0,870569,2023493,3629296,7343,39015,resting
2026-07-24T15:22:59.287320,46,3626757,3570337,2039264,Discharging,Good,370,1757203,3800000,3800000,0,861684,2039264,3626757,7395,39000,resting
2026-07-24T15:23:09.288998,46,3620507,3569432,2108771,Discharging,Good,370,1751613,3800000,3800000,0,830632,2108771,3620507,7633,38976,resting
2026-07-24T15:23:19.318415,45,3619726,3568326,2072260,Discharging,Good,370,1746460,3800000,3800000,0,842780,2072260,3619726,7499,38968,resting
2026-07-24T15:23:29.400683,45,3623632,3567072,2036860,Discharging,Good,370,1741273,3800000,3800000,0,854881,2036860,3623632,7380,38968,resting
2026-07-24T15:23:39.402498,45,3621875,3565962,2050031,Discharging,Good,370,1736291,3800000,3800000,0,846958,2050031,3621875,7425,38945,resting
2026-07-24T15:23:49.488048,45,3624414,3564921,2021711,Discharging,Good,370,1731803,3800000,3800000,0,856602,2021711,3624414,7327,38937,resting
2026-07-24T15:23:59.489721,45,3630078,3563929,1926118,Discharging,Good,370,1726888,3800000,3800000,0,896563,1926118,3630078,6991,38921,resting
2026-07-24T15:24:09.491500,45,3618554,3562970,2076618,Discharging,Good,370,1721342,3800000,3800000,0,828916,2076618,3618554,7513,38906,resting
2026-07-24T15:24:19.577681,45,3620898,3561736,2012372,Discharging,Good,370,1716290,3800000,3800000,0,852869,2012372,3620898,7286,38882,resting
2026-07-24T15:24:29.660693,45,3617968,3560707,2041474,Discharging,Good,370,1711342,3800000,3800000,0,838287,2041474,3617968,7385,38859,resting
2026-07-24T15:24:39.743579,44,3618945,3559830,2003705,Discharging,Good,370,1706404,3800000,3800000,0,851624,2003705,3618945,7251,38859,resting
2026-07-24T15:24:49.745603,44,3617382,3558830,2022211,Discharging,Good,370,1702021,3800000,3800000,0,841663,2022211,3617382,7315,38828,resting
2026-07-24T15:24:59.747299,44,3623242,3558022,1945026,Discharging,Good,370,1696477,3800000,3800000,0,872213,1945026,3623242,7046,38828,resting
2026-07-24T15:25:09.760668,44,3621093,3557249,1960566,Discharging,Good,370,1690932,3800000,3800000,0,862471,1960566,3621093,7098,38804,resting
2026-07-24T15:25:19.841436,44,3613085,3556523,2049762,Discharging,Good,370,1686492,3800000,3800000,0,822774,2049762,3613085,7405,38796,resting
2026-07-24T15:25:29.924637,44,3610351,3555770,2058222,Discharging,Good,370,1681592,3800000,3800000,0,817011,2058222,3610351,7430,38781,resting
2026-07-24T15:25:40.007445,44,3618750,3554870,1942377,Discharging,Good,370,1676527,3800000,3800000,0,863131,1942377,3618750,7028,38773,resting
2026-07-24T15:25:50.088768,44,3608593,3554064,2059113,Discharging,Good,370,1672111,3800000,3800000,0,812054,2059113,3608593,7430,38750,resting
2026-07-24T15:26:00.090472,43,3608984,3553262,2022687,Discharging,Good,370,1667075,3800000,3800000,0,824188,2022687,3608984,7299,38750,resting
2026-07-24T15:26:10.092846,43,3609570,3552103,2012421,Discharging,Good,370,1661435,3800000,3800000,0,825590,2012421,3609570,7263,38742,resting
2026-07-24T15:26:20.176671,43,3608789,3550516,2008808,Discharging,Good,370,1656430,3800000,3800000,0,824583,2008808,3608789,7249,38742,resting
2026-07-24T15:26:30.257416,43,3605468,3549136,2024103,Discharging,Good,370,1651401,3800000,3800000,0,815868,2024103,3605468,7297,38734,resting
2026-07-24T15:26:40.340679,43,3613476,3547437,1919685,Discharging,Good,370,1646277,3800000,3800000,0,857576,1919685,3613476,6936,38734,resting
2026-07-24T15:26:50.342549,43,3603320,3545833,2037372,Discharging,Good,370,1642383,3800000,3800000,0,806128,2037372,3603320,7341,38710,resting
2026-07-24T15:27:00.344255,43,3606445,3544451,1993085,Discharging,Good,370,1636665,3800000,3800000,0,821171,1993085,3606445,7186,38710,resting
2026-07-24T15:27:10.409326,42,3610156,3543152,1915607,Discharging,Good,370,1631023,3800000,3800000,0,851439,1915607,3610156,6915,38703,resting
2026-07-24T15:27:20.492709,42,3602148,3541906,2028608,Discharging,Good,370,1626472,3800000,3800000,0,801767,2028608,3602148,7307,38687,resting
2026-07-24T15:27:30.572663,42,3605664,3540849,1946198,Discharging,Good,370,1621500,3800000,3800000,0,833162,1946198,3605664,7017,38687,resting
2026-07-24T15:27:40.652653,42,3608984,3539987,1912580,Discharging,Good,370,1616414,3800000,3800000,0,845148,1912580,3608984,6902,38679,resting
2026-07-24T15:27:50.654358,42,3608398,3539306,1889716,Discharging,Good,370,1612519,3800000,3800000,0,853312,1889716,3608398,6818,38656,resting
2026-07-24T15:28:00.656093,42,3601562,3538478,1974445,Discharging,Good,370,1606886,3800000,3800000,0,813841,1974445,3601562,7110,38656,resting
2026-07-24T15:28:10.740815,42,3595898,3537589,2026838,Discharging,Good,370,1601299,3800000,3800000,0,790047,2026838,3595898,7288,38632,resting
2026-07-24T15:28:20.824662,42,3594335,3536619,2048688,Discharging,Good,370,1596850,3800000,3800000,0,779450,2048688,3594335,7363,38632,resting
2026-07-24T15:28:30.910235,41,3603125,3535662,1924738,Discharging,Good,370,1591816,3800000,3800000,0,827029,1924738,3603125,6934,38617,resting
2026-07-24T15:28:40.994363,41,3592968,3534625,2026642,Discharging,Good,370,1586940,3800000,3800000,0,783039,2026642,3592968,7281,38609,resting
2026-07-24T15:28:50.996100,41,3588281,3533622,2068964,Discharging,Good,370,1582420,3800000,3800000,0,764836,2068964,3588281,7423,38601,resting
2026-07-24T15:29:00.997846,41,3594531,3532587,2014728,Discharging,Good,370,1576754,3800000,3800000,0,782613,2014728,3594531,7241,38601,resting
2026-07-24T15:29:11.082025,41,3590039,3531683,2046772,Discharging,Good,370,1571737,3800000,3800000,0,767910,2046772,3590039,7347,38593,resting
2026-07-24T15:29:21.165125,41,3597070,3530327,1933002,Discharging,Good,370,1566634,3800000,3800000,0,810466,1933002,3597070,6952,38593,resting
2026-07-24T15:29:31.248869,41,3597460,3529325,1924287,Discharging,Good,370,1561464,3800000,3800000,0,811450,1924287,3597460,6922,38578,resting
2026-07-24T15:29:41.332678,40,3585937,3528341,2046442,Discharging,Good,370,1556498,3800000,3800000,0,760587,2046442,3585937,7338,38570,resting
2026-07-24T15:29:51.413204,40,3596679,3526939,1892609,Discharging,Good,370,1551432,3800000,3800000,0,819731,1892609,3596679,6807,38554,resting
2026-07-24T15:30:01.414909,40,3583203,3525626,2038324,Discharging,Good,370,1546289,3800000,3800000,0,758608,2038324,3583203,7303,38546,resting
2026-07-24T15:30:11.500262,40,3594726,3524250,1881330,Discharging,Good,370,1540592,3800000,3800000,0,818884,1881330,3594726,6762,38531,resting
2026-07-24T15:30:21.501952,40,3582812,3522961,2046747,Discharging,Good,370,1536093,3800000,3800000,0,750504,2046747,3582812,7332,38515,resting
2026-07-24T15:30:31.584694,40,3579101,3521466,2070050,Discharging,Good,370,1529936,3800000,3800000,0,739081,2070050,3579101,7408,38500,resting
2026-07-24T15:30:41.586521,40,3581054,3520548,2035529,Discharging,Good,370,1525490,3800000,3800000,0,749431,2035529,3581054,7288,38484,resting
2026-07-24T15:30:51.588232,39,3583398,3519080,1964509,Discharging,Good,370,1519800,3800000,3800000,0,773628,1964509,3583398,7039,38492,resting
2026-07-24T15:31:01.669460,39,3572070,3517958,2121063,Discharging,Good,370,1514079,3800000,3800000,0,713830,2121063,3572070,7575,38484,resting
2026-07-24T15:31:11.752669,39,3585156,3516856,1919611,Discharging,Good,370,1508970,3800000,3800000,0,786081,1919611,3585156,6881,38484,resting
2026-07-24T15:31:21.754372,39,3584375,3515844,1917255,Discharging,Good,370,1503882,3800000,3800000,0,784393,1917255,3584375,6871,38484,resting
2026-07-24T15:31:31.837540,39,3575195,3514586,2038752,Discharging,Good,370,1498313,3800000,3800000,0,734916,2038752,3575195,7288,38484,resting
2026-07-24T15:31:41.839220,39,3567382,3513413,2111493,Discharging,Good,370,1493177,3800000,3800000,0,707166,2111493,3567382,7531,38468,resting
2026-07-24T15:31:51.840913,39,3571484,3512209,2051374,Discharging,Good,370,1488165,3800000,3800000,0,725447,2051374,3571484,7326,38453,resting
2026-07-24T15:32:01.924670,39,3581835,3511049,1900849,Discharging,Good,370,1483709,3800000,3800000,0,780550,1900849,3581835,6808,38437,resting
2026-07-24T15:32:12.005793,38,3569140,3509980,2042963,Discharging,Good,370,1478667,3800000,3800000,0,723785,2042963,3569140,7291,38429,resting
2026-07-24T15:32:22.088693,38,3567968,3508698,2070539,Discharging,Good,370,1473460,3800000,3800000,0,711631,2070539,3567968,7386,38437,resting
2026-07-24T15:32:32.171489,38,3576757,3507232,1937434,Discharging,Good,370,1468324,3800000,3800000,0,757870,1937434,3576757,6929,38429,resting
2026-07-24T15:32:42.173151,38,3560156,3506019,2119965,Discharging,Good,370,1463215,3800000,3800000,0,690207,2119965,3560156,7545,38429,resting
2026-07-24T15:32:52.174819,38,3575976,3504871,1926728,Discharging,Good,370,1457665,3800000,3800000,0,756549,1926728,3575976,6890,38429,resting
2026-07-24T15:33:02.257412,38,3571679,3503526,1955146,Discharging,Good,370,1453129,3800000,3800000,0,743232,1955146,3571679,6982,38421,resting
2026-07-24T15:33:12.342767,38,3564453,3502587,2044538,Discharging,Good,370,1448134,3800000,3800000,0,708294,2044538,3564453,7287,38398,resting
2026-07-24T15:33:22.426855,37,3558789,3501702,2079718,Discharging,Good,370,1443086,3800000,3800000,0,693885,2079718,3558789,7400,38390,resting
2026-07-24T15:33:32.508765,37,3565625,3500871,1982599,Discharging,Good,370,1438144,3800000,3800000,0,725383,1982599,3565625,7068,38382,resting
2026-07-24T15:33:42.510565,37,3556835,3500088,2089911,Discharging,Good,370,1433031,3800000,3800000,0,685689,2089911,3556835,7433,38375,resting
2026-07-24T15:33:52.512268,37,3566406,3499123,1960139,Discharging,Good,370,1427457,3800000,3800000,0,728242,1960139,3566406,6990,38359,resting
2026-07-24T15:34:02.594779,37,3567968,3498240,1928168,Discharging,Good,370,1422455,3800000,3800000,0,737723,1928168,3567968,6879,38351,resting
2026-07-24T15:34:12.676706,37,3558203,3497423,2048017,Discharging,Good,370,1417381,3800000,3800000,0,692074,2048017,3558203,7286,38335,resting
2026-07-24T15:34:22.756696,37,3563867,3496583,1942914,Discharging,Good,370,1412180,3800000,3800000,0,726836,1942914,3563867,6924,38343,resting
2026-07-24T15:34:32.840676,37,3563671,3495172,1936469,Discharging,Good,370,1407124,3800000,3800000,0,726644,1936469,3563671,6900,38328,resting
2026-07-24T15:34:42.842375,36,3551953,3494174,2068817,Discharging,Good,370,1402557,3800000,3800000,0,677951,2068817,3551953,7348,38335,resting
2026-07-24T15:34:52.844126,36,3549609,3493034,2077545,Discharging,Good,370,1396863,3800000,3800000,0,672362,2077545,3549609,7374,38335,resting
2026-07-24T15:35:02.924821,36,3558203,3491678,1956452,Discharging,Good,370,1391245,3800000,3800000,0,711106,1956452,3558203,6960,38320,resting
2026-07-24T15:35:13.008670,36,3559375,3490694,1950788,Discharging,Good,370,1386110,3800000,3800000,0,710538,1950788,3559375,6943,38320,resting
2026-07-24T15:35:23.089809,36,3550000,3489736,2033075,Discharging,Good,370,1380957,3800000,3800000,0,679245,2033075,3550000,7217,38328,resting
2026-07-24T15:35:33.172704,36,3554687,3488704,1978303,Discharging,Good,370,1376381,3800000,3800000,0,695738,1978303,3554687,7032,38312,resting
2026-07-24T15:35:43.175040,36,3554687,3488124,1959809,Discharging,Good,370,1371778,3800000,3800000,0,699954,1959809,3554687,6966,38328,resting
2026-07-24T15:35:53.177656,35,3541406,3487196,2116962,Discharging,Good,370,1365993,3800000,3800000,0,645260,2116962,3541406,7496,38312,resting
2026-07-24T15:36:03.260767,35,3544335,3486424,2060114,Discharging,Good,370,1360948,3800000,3800000,0,660617,2060114,3544335,7299,38304,resting
2026-07-24T15:36:13.341227,35,3550390,3485536,1963776,Discharging,Good,370,1355879,3800000,3800000,0,690444,1963776,3550390,6971,38304,resting
2026-07-24T15:36:23.424762,35,3550390,3484715,1948823,Discharging,Good,370,1350892,3800000,3800000,0,693183,1948823,3550390,6918,38296,resting
2026-07-24T15:36:33.508655,35,3542187,3483446,2039142,Discharging,Good,370,1345641,3800000,3800000,0,659905,2039142,3542187,7222,38273,resting
2026-07-24T15:36:43.510405,35,3533984,3482319,2149835,Discharging,Good,370,1340423,3800000,3800000,0,623500,2149835,3533984,7595,38273,resting
2026-07-24T15:36:53.512165,35,3538281,3480959,2060627,Discharging,Good,370,1334619,3800000,3800000,0,647676,2060627,3538281,7290,38289,resting
2026-07-24T15:37:03.592674,35,3534570,3479468,2076898,Discharging,Good,370,1330051,3800000,3800000,0,640402,2076898,3534570,7340,38281,resting
2026-07-24T15:37:13.675488,34,3535742,3478019,2064667,Discharging,Good,370,1324578,3800000,3800000,0,641545,2064667,3535742,7299,38281,resting
2026-07-24T15:37:23.756792,34,3533007,3476553,2077985,Discharging,Good,370,1319293,3800000,3800000,0,634890,2077985,3533007,7341,38312,resting
2026-07-24T15:37:33.843533,34,3541406,3475224,1958369,Discharging,Good,370,1314202,3800000,3800000,0,671069,1958369,3541406,6935,38296,resting
2026-07-24T15:37:43.846172,34,3530078,3473976,2095832,Discharging,Good,370,1309037,3800000,3800000,0,624590,2095832,3530078,7398,38296,resting
2026-07-24T15:37:53.848391,34,3528710,3472695,2114496,Discharging,Good,370,1303197,3800000,3800000,0,616315,2114496,3528710,7461,38304,resting
2026-07-24T15:38:03.931484,34,3537304,3471480,1977643,Discharging,Good,370,1298168,3800000,3800000,0,656421,1977643,3537304,6995,38296,resting
2026-07-24T15:38:14.012937,34,3527734,3470365,2086444,Discharging,Good,370,1293065,3800000,3800000,0,619745,2086444,3527734,7360,38281,resting
2026-07-24T15:38:24.096648,33,3538085,3469218,1946198,Discharging,Good,370,1288015,3800000,3800000,0,661810,1946198,3538085,6885,38273,resting
2026-07-24T15:38:34.181454,33,3533984,3467960,1981061,Discharging,Good,370,1283495,3800000,3800000,0,647882,1981061,3533984,7001,38281,resting
2026-07-24T15:38:44.183141,33,3531054,3466798,1990986,Discharging,Good,370,1278305,3800000,3800000,0,642046,1990986,3531054,7029,38281,resting
2026-07-24T15:38:54.184845,33,3520312,3465698,2118195,Discharging,Good,370,1272494,3800000,3800000,0,600744,2118195,3520312,7455,38273,resting
2026-07-24T15:39:04.270789,33,3532226,3464197,1967621,Discharging,Good,370,1267291,3800000,3800000,0,644072,1967621,3532226,6949,38265,resting
2026-07-24T15:39:14.352690,33,3520703,3462948,2080292,Discharging,Good,370,1262088,3800000,3800000,0,606687,2080292,3520703,7324,38265,resting
2026-07-24T15:39:24.432691,33,3517773,3461796,2101166,Discharging,Good,370,1256893,3800000,3800000,0,598188,2101166,3517773,7391,38265,resting
2026-07-24T15:39:34.434420,32,3517773,3460929,2096735,Discharging,Good,370,1252313,3800000,3800000,0,597268,2096735,3517773,7375,38265,resting
2026-07-24T15:39:44.436059,32,3527734,3459913,1961689,Discharging,Good,370,1246662,3800000,3800000,0,635504,1961689,3527734,6920,38250,resting
2026-07-24T15:39:54.508711,32,3509179,3458866,2198627,Discharging,Good,370,1240788,3800000,3800000,0,564346,2198627,3509179,7714,38250,resting
2026-07-24T15:40:04.510390,32,3528320,3457849,1932917,Discharging,Good,370,1235774,3800000,3800000,0,639331,1932917,3528320,6819,38242,resting
2026-07-24T15:40:14.592783,32,3522851,3456828,1980488,Discharging,Good,370,1230634,3800000,3800000,0,621379,1980488,3522851,6976,38226,resting
2026-07-24T15:40:24.594461,32,3513085,3455919,2089337,Discharging,Good,370,1225890,3800000,3800000,0,586736,2089337,3513085,7340,38218,resting
2026-07-24T15:40:34.596165,32,3511328,3454847,2099823,Discharging,Good,370,1220806,3800000,3800000,0,581385,2099823,3511328,7373,38218,resting
2026-07-24T15:40:44.597909,31,3509570,3453575,2100019,Discharging,Good,370,1215046,3800000,3800000,0,578588,2100019,3509570,7370,38226,resting
2026-07-24T15:40:54.680682,31,3509375,3452585,2081403,Discharging,Good,370,1209876,3800000,3800000,0,581279,2081403,3509375,7304,38218,resting
2026-07-24T15:41:04.760631,31,3509375,3451615,2036579,Discharging,Good,370,1204744,3800000,3800000,0,591552,2036579,3509375,7146,38234,resting
2026-07-24T15:41:14.840636,31,3504492,3450503,2138788,Discharging,Good,370,1199566,3800000,3800000,0,560862,2138788,3504492,7495,38218,resting
2026-07-24T15:41:24.842291,31,3504296,3449688,2108039,Discharging,Good,370,1194908,3800000,3800000,0,566833,2108039,3504296,7387,38226,resting
2026-07-24T15:41:34.844046,31,3502734,3448255,2104499,Discharging,Good,370,1188947,3800000,3800000,0,564954,2104499,3502734,7369,38226,resting
2026-07-24T15:41:44.925678,31,3509179,3446444,2026142,Discharging,Good,370,1183896,3800000,3800000,0,584310,2026142,3509179,7108,38218,resting
2026-07-24T15:41:55.008696,31,3501953,3444980,2080072,Discharging,Good,370,1178617,3800000,3800000,0,566623,2080072,3501953,7284,38226,resting
2026-07-24T15:42:05.093073,30,3511132,3443660,1982953,Discharging,Good,370,1173508,3800000,3800000,0,591798,1982953,3511132,6962,38226,resting
2026-07-24T15:42:15.176660,30,3511132,3442388,1957648,Discharging,Good,370,1168428,3800000,3800000,0,596852,1957648,3511132,6872,38210,resting
2026-07-24T15:42:25.178325,30,3508007,3441539,1993195,Discharging,Good,370,1163900,3800000,3800000,0,583936,1993195,3508007,6991,38203,resting
2026-07-24T15:42:35.179993,30,3497460,3440419,2089496,Discharging,Good,370,1157964,3800000,3800000,0,554183,2089496,3497460,7307,38218,resting
2026-07-24T15:42:45.260716,30,3506835,3438854,1958234,Discharging,Good,370,1152820,3800000,3800000,0,588703,1958234,3506835,6867,38226,resting
2026-07-24T15:42:55.340618,30,3496093,3437422,2100702,Discharging,Good,370,1147651,3800000,3800000,0,546317,2100702,3496093,7344,38218,resting
2026-07-24T15:43:05.420658,30,3504687,3436002,1966681,Discharging,Good,370,1142421,3800000,3800000,0,580887,1966681,3504687,6892,38234,resting
2026-07-24T15:43:15.504628,29,3503125,3434268,1970258,Discharging,Good,370,1137834,3800000,3800000,0,577505,1970258,3503125,6901,38218,resting
2026-07-24T15:43:25.506271,29,3494140,3432972,2079352,Discharging,Good,370,1133118,3800000,3800000,0,544938,2079352,3494140,7265,38234,resting
2026-07-24T15:43:35.507953,29,3501562,3431547,1974091,Discharging,Good,370,1127387,3800000,3800000,0,571091,1974091,3501562,6912,38218,resting
2026-07-24T15:43:45.588806,29,3486328,3430425,2194562,Discharging,Good,370,1122224,3800000,3800000,0,511365,2194562,3486328,7649,38203,resting
2026-07-24T15:43:55.673676,29,3488281,3429128,2122931,Discharging,Good,370,1116904,3800000,3800000,0,526114,2122931,3488281,7405,38218,resting
2026-07-24T15:44:05.756714,29,3487304,3427853,2117401,Discharging,Good,370,1111643,3800000,3800000,0,525003,2117401,3487304,7383,38218,resting
2026-07-24T15:44:15.836673,29,3496093,3426451,1992048,Discharging,Good,370,1106970,3800000,3800000,0,555694,1992048,3496093,6963,38210,resting
2026-07-24T15:44:25.838367,29,3494531,3425579,2027143,Discharging,Good,370,1102467,3800000,3800000,0,543852,2027143,3494531,7083,38203,resting
2026-07-24T15:44:35.840112,28,3481640,3424404,2177594,Discharging,Good,370,1096509,3800000,3800000,0,503541,2177594,3481640,7580,38187,resting
2026-07-24T15:44:45.842537,28,3487304,3423131,2057441,Discharging,Good,370,1091846,3800000,3800000,0,530681,2057441,3487304,7173,38195,resting
2026-07-24T15:44:55.924649,28,3491601,3422130,1977485,Discharging,Good,370,1086664,3800000,3800000,0,549518,1977485,3491601,6904,38195,resting
2026-07-24T15:45:06.004663,28,3482226,3421082,2103046,Discharging,Good,370,1081907,3800000,3800000,0,514447,2103046,3482226,7323,38195,resting
2026-07-24T15:45:16.086777,28,3490625,3419864,1976459,Discharging,Good,370,1076807,3800000,3800000,0,544816,1976459,3490625,6898,38195,resting
2026-07-24T15:45:26.088574,28,3472070,3419151,2168744,Discharging,Good,370,1072097,3800000,3800000,0,494340,2168744,3472070,7528,38195,resting
2026-07-24T15:45:36.090279,28,3477148,3418120,2126984,Discharging,Good,370,1066220,3800000,3800000,0,501282,2126984,3477148,7396,38210,resting
2026-07-24T15:45:46.172625,27,3489453,3416523,1978547,Discharging,Good,370,1060859,3800000,3800000,0,536180,1978547,3489453,6903,38195,resting
2026-07-24T15:45:56.252713,27,3484375,3415261,2009382,Discharging,Good,370,1055573,3800000,3800000,0,525322,2009382,3484375,7001,38179,resting
2026-07-24T15:46:06.332709,27,3475195,3414172,2121015,Discharging,Good,370,1050399,3800000,3800000,0,495234,2121015,3475195,7370,38187,resting
2026-07-24T15:46:16.412635,27,3475000,3412816,2101056,Discharging,Good,370,1045688,3800000,3800000,0,497696,2101056,3475000,7300,38179,resting
2026-07-24T15:46:26.414362,27,3484375,3412039,1966779,Discharging,Good,370,1041118,3800000,3800000,0,529351,1966779,3484375,6852,38187,resting
2026-07-24T15:46:36.416500,27,3476562,3411172,2046003,Discharging,Good,370,1035408,3800000,3800000,0,506063,2046003,3476562,7111,38164,resting
2026-07-24T15:46:46.496899,27,3475195,3410229,2050507,Discharging,Good,370,1030176,3800000,3800000,0,502400,2050507,3475195,7124,38164,resting
2026-07-24T15:46:56.582871,26,3481250,3409136,1967084,Discharging,Good,370,1025017,3800000,3800000,0,521084,1967084,3481250,6847,38171,resting
2026-07-24T15:47:06.670922,26,3470117,3408154,2092218,Discharging,Good,370,1019716,3800000,3800000,0,487385,2092218,3470117,7260,38171,resting
2026-07-24T15:47:16.755551,26,3468750,3406555,2111395,Discharging,Good,370,1014377,3800000,3800000,0,480429,2111395,3468750,7323,38187,resting
2026-07-24T15:47:26.757261,26,3465039,3405301,2130475,Discharging,Good,370,1009013,3800000,3800000,0,473609,2130475,3465039,7381,38187,resting
2026-07-24T15:47:36.758935,26,3468359,3404173,2074335,Discharging,Good,370,1003136,3800000,3800000,0,483594,2074335,3468359,7193,38203,resting
2026-07-24T15:47:46.846191,26,3462890,3403154,2121771,Discharging,Good,370,997839,3800000,3800000,0,470285,2121771,3462890,7347,38187,resting
2026-07-24T15:47:56.930798,26,3472851,3402498,1994623,Discharging,Good,370,992626,3800000,3800000,0,497650,1994623,3472851,6926,38171,resting
2026-07-24T15:48:07.012725,25,3459765,3401588,2141828,Discharging,Good,370,987310,3800000,3800000,0,460966,2141828,3459765,7409,38164,resting
2026-07-24T15:48:17.093465,25,3458984,3400435,2137287,Discharging,Good,370,982626,3800000,3800000,0,459753,2137287,3458984,7392,38187,resting
2026-07-24T15:48:27.095260,25,3469140,3399526,1995929,Discharging,Good,370,977562,3800000,3800000,0,489777,1995929,3469140,6924,38171,resting
2026-07-24T15:48:37.097966,25,3453515,3398590,2184430,Discharging,Good,370,971617,3800000,3800000,0,444792,2184430,3453515,7542,38187,resting
2026-07-24T15:48:47.099656,25,3467187,3397231,2000654,Discharging,Good,370,966046,3800000,3800000,0,482865,2000654,3467187,6936,38179,resting
2026-07-24T15:48:57.182338,25,3467382,3396073,1995368,Discharging,Good,370,960764,3800000,3800000,0,481497,1995368,3467382,6918,38187,resting
2026-07-24T15:49:07.266752,25,3456640,3395048,2123700,Discharging,Good,370,955479,3800000,3800000,0,449912,2123700,3456640,7340,38187,resting
2026-07-24T15:49:17.268527,25,3457226,3394109,2094745,Discharging,Good,370,950785,3800000,3800000,0,453890,2094745,3457226,7242,38195,resting
2026-07-24T15:49:27.270252,24,3452929,3393305,2134552,Discharging,Good,370,945493,3800000,3800000,0,442946,2134552,3452929,7370,38203,resting
2026-07-24T15:49:37.352715,24,3446289,3392230,2212994,Discharging,Good,370,939302,3800000,3800000,0,424448,2212994,3446289,7624,38218,resting
2026-07-24T15:49:47.432646,24,3461523,3391152,2018561,Discharging,Good,370,934085,3800000,3800000,0,462747,2018561,3461523,6987,38226,resting
2026-07-24T15:49:57.512677,24,3460937,3389924,1992035,Discharging,Good,370,928869,3800000,3800000,0,466291,1992035,3460937,6893,38210,resting
2026-07-24T15:50:07.592764,24,3451953,3388995,2107050,Discharging,Good,370,924251,3800000,3800000,0,438646,2107050,3451953,7273,38203,resting
2026-07-24T15:50:17.594526,24,3455664,3388137,2059626,Discharging,Good,370,919482,3800000,3800000,0,446431,2059626,3455664,7116,38226,resting
2026-07-24T15:50:27.596257,24,3446289,3386741,2154254,Discharging,Good,370,914074,3800000,3800000,0,424311,2154254,3446289,7424,38218,resting
2026-07-24T15:50:37.679259,23,3442773,3385635,2210541,Discharging,Good,370,908185,3800000,3800000,0,410842,2210541,3442773,7608,38226,resting
2026-07-24T15:50:47.760675,23,3456640,3384443,2000702,Discharging,Good,370,902927,3800000,3800000,0,451305,2000702,3456640,6915,38226,resting
2026-07-24T15:50:57.840645,23,3445117,3383350,2136249,Discharging,Good,370,898282,3800000,3800000,0,420494,2136249,3445117,7359,38203,resting
2026-07-24T15:51:07.921798,23,3443359,3382426,2151410,Discharging,Good,370,892953,3800000,3800000,0,415054,2151410,3443359,7408,38210,resting
2026-07-24T15:51:17.923651,23,3442382,3381598,2162579,Discharging,Good,370,888126,3800000,3800000,0,410679,2162579,3442382,7444,38218,resting
2026-07-24T15:51:27.925440,23,3441796,3380343,2146442,Discharging,Good,370,882279,3800000,3800000,0,411042,2146442,3441796,7387,38203,resting
2026-07-24T15:51:38.008801,23,3452148,3379511,2010444,Discharging,Good,370,876472,3800000,3800000,0,435959,2010444,3452148,6940,38195,resting
2026-07-24T15:51:48.094769,22,3452343,3378400,1998444,Discharging,Good,370,871082,3800000,3800000,0,435880,1998444,3452343,6899,38210,resting
2026-07-24T15:51:58.179512,22,3439843,3377195,2126007,Discharging,Good,370,866455,3800000,3800000,0,407550,2126007,3439843,7312,38187,resting
2026-07-24T15:52:08.261379,22,3447070,3376162,2017267,Discharging,Good,370,861230,3800000,3800000,0,426929,2017267,3447070,6953,38203,resting
2026-07-24T15:52:18.263009,22,3435742,3375311,2143109,Discharging,Good,370,856442,3800000,3800000,0,399625,2143109,3435742,7362,38195,resting
2026-07-24T15:52:28.264734,22,3436523,3374177,2136212,Discharging,Good,370,851102,3800000,3800000,0,398416,2136212,3436523,7341,38203,resting
2026-07-24T15:52:38.345676,22,3441015,3372853,2085724,Discharging,Good,370,844906,3800000,3800000,0,405090,2085724,3441015,7175,38218,resting
2026-07-24T15:52:48.428659,22,3433007,3371300,2139166,Discharging,Good,370,839544,3800000,3800000,0,392463,2139166,3433007,7343,38218,resting
2026-07-24T15:52:58.508765,21,3443945,3370103,2004743,Discharging,Good,370,834957,3800000,3800000,0,416490,2004743,3443945,6903,38203,resting
2026-07-24T15:53:08.588647,21,3433398,3369077,2133710,Discharging,Good,370,829670,3800000,3800000,0,388839,2133710,3433398,7325,38179,resting
2026-07-24T15:53:18.590409,21,3434960,3368181,2113678,Discharging,Good,370,824878,3800000,3800000,0,390257,2113678,3434960,7258,38203,resting
2026-07-24T15:53:28.592158,21,3441210,3367188,2003071,Discharging,Good,370,819750,3800000,3800000,0,409246,2003071,3441210,6892,38195,resting
2026-07-24T15:53:38.595911,21,3432617,3366420,2119367,Discharging,Good,370,813893,3800000,3800000,0,384026,2119367,3432617,7273,38187,resting
2026-07-24T15:53:48.676721,21,3429101,3365281,2147247,Discharging,Good,370,808454,3800000,3800000,0,376507,2147247,3429101,7362,38203,resting
2026-07-24T15:53:58.756760,21,3428710,3363781,2135358,Discharging,Good,370,803102,3800000,3800000,0,376097,2135358,3428710,7321,38203,resting
2026-07-24T15:54:08.836698,20,3427539,3362890,2145380,Discharging,Good,370,797933,3800000,3800000,0,371930,2145380,3427539,7353,38210,resting
2026-07-24T15:54:18.838448,20,3425781,3362136,2150604,Discharging,Good,370,793137,3800000,3800000,0,368797,2150604,3425781,7367,38210,resting
2026-07-24T15:54:28.840163,20,3432617,3360862,2072907,Discharging,Good,370,787123,3800000,3800000,0,379719,2072907,3432617,7114,38234,resting
2026-07-24T15:54:38.920650,20,3434960,3360032,2001313,Discharging,Good,370,781399,3800000,3800000,0,390443,2001313,3434960,6874,38203,resting
2026-07-24T15:54:49.000712,20,3422460,3359082,2151703,Discharging,Good,370,775936,3800000,3800000,0,360614,2151703,3422460,7363,38203,resting
2026-07-24T15:54:59.084687,20,3422851,3357916,2159760,Discharging,Good,370,770563,3800000,3800000,0,356781,2159760,3422851,7392,38203,resting
2026-07-24T15:55:09.165577,20,3432031,3357154,2010212,Discharging,Good,370,765383,3800000,3800000,0,380747,2010212,3432031,6898,38210,resting
2026-07-24T15:55:19.167297,20,3422070,3356737,2121210,Discharging,Good,370,760614,3800000,3800000,0,358575,2121210,3422070,7258,38195,resting
2026-07-24T15:55:29.168959,19,3430859,3356133,2005231,Discharging,Good,370,755241,3800000,3800000,0,376635,2005231,3430859,6879,38210,resting
2026-07-24T15:55:39.245912,19,3414257,3355475,2212262,Discharging,Good,370,749226,3800000,3800000,0,338669,2212262,3414257,7550,38210,resting
2026-07-24T15:55:49.328730,19,3426953,3354374,2045563,Discharging,Good,370,743675,3800000,3800000,0,363555,2045563,3426953,7009,38226,resting
2026-07-24T15:55:59.409666,19,3410742,3353056,2247516,Discharging,Good,370,738255,3800000,3800000,0,328475,2247516,3410742,7662,38210,resting
2026-07-24T15:56:09.493878,19,3416406,3351762,2165497,Discharging,Good,370,732952,3800000,3800000,0,338468,2165497,3416406,7398,38218,resting
2026-07-24T15:56:19.495587,19,3411328,3350973,2200018,Discharging,Good,370,727523,3800000,3800000,0,330689,2200018,3411328,7503,38226,resting
2026-07-24T15:56:29.497296,18,3416210,3350071,2128278,Discharging,Good,370,721719,3800000,3800000,0,339109,2128278,3416210,7270,38218,resting
2026-07-24T15:56:39.580727,18,3409960,3349167,2187872,Discharging,Good,370,716413,3800000,3800000,0,327447,2187872,3409960,7459,38218,resting
2026-07-24T15:56:49.660661,18,3410156,3348237,2180792,Discharging,Good,370,711037,3800000,3800000,0,326045,2180792,3410156,7436,38226,resting
2026-07-24T15:56:59.741802,18,3419726,3347317,2053437,Discharging,Good,370,706869,3800000,3800000,0,344237,2053437,3419726,7022,38226,resting
2026-07-24T15:57:09.824680,18,3403320,3346379,2235675,Discharging,Good,370,701513,3800000,3800000,0,313781,2235675,3403320,7607,38218,resting
2026-07-24T15:57:19.826368,18,3408789,3345682,2166815,Discharging,Good,370,696757,3800000,3800000,0,321558,2166815,3408789,7386,38210,resting
2026-07-24T15:57:29.909513,18,3410351,3344495,2123004,Discharging,Good,370,690758,3800000,3800000,0,325368,2123004,3410351,7240,38218,resting
2026-07-24T15:57:39.929432,18,3402343,3343163,2218866,Discharging,Good,370,685149,3800000,3800000,0,308783,2218866,3402343,7548,38250,resting
2026-07-24T15:57:50.012618,17,3402929,3341987,2205670,Discharging,Good,370,679712,3800000,3800000,0,308165,2205670,3402929,7505,38265,resting
2026-07-24T15:58:00.014373,17,3412890,3340933,2065265,Discharging,Good,370,674799,3800000,3800000,0,326737,2065265,3412890,7048,38281,resting
2026-07-24T15:58:10.016254,17,3413085,3339865,2056806,Discharging,Good,370,669325,3800000,3800000,0,325419,2056806,3413085,7019,38304,resting
2026-07-24T15:58:20.018408,17,3401953,3338726,2174542,Discharging,Good,370,663182,3800000,3800000,0,304975,2174542,3401953,7397,38343,resting
2026-07-24T15:58:30.020146,17,3411718,3337876,2044391,Discharging,Good,370,657929,3800000,3800000,0,321821,2044391,3411718,6974,38367,resting
2026-07-24T15:58:40.100665,17,3409179,3336977,2063007,Discharging,Good,370,652516,3800000,3800000,0,316293,2063007,3409179,7032,38421,resting
2026-07-24T15:58:50.180815,17,3410546,3336170,2034040,Discharging,Good,370,647114,3800000,3800000,0,318142,2034040,3410546,6937,38468,resting
2026-07-24T15:59:00.264676,16,3408593,3335152,2056171,Discharging,Good,370,641651,3800000,3800000,0,312061,2056171,3408593,7008,38539,resting
2026-07-24T15:59:10.266418,16,3405468,3334135,2075385,Discharging,Good,370,636240,3800000,3800000,0,306564,2075385,3405468,7067,38570,resting
2026-07-24T15:59:20.268251,16,3395703,3333007,2223090,Discharging,Good,370,630182,3800000,3800000,0,283471,2223090,3395703,7548,38625,resting
2026-07-24T15:59:30.348689,16,3406054,3331368,2056281,Discharging,Good,370,624380,3800000,3800000,0,303645,2056281,3406054,7003,38671,resting
2026-07-24T15:59:40.428736,16,3395898,3329874,2177118,Discharging,Good,370,619527,3800000,3800000,0,284562,2177118,3395898,7392,38726,resting
2026-07-24T15:59:50.511542,16,3391210,3328473,2202167,Discharging,Good,370,614027,3800000,3800000,0,278828,2202167,3391210,7468,38796,resting
2026-07-24T16:00:00.595503,16,3392968,3326849,2175873,Discharging,Good,370,608514,3800000,3800000,0,279664,2175873,3392968,7382,38890,resting
2026-07-24T16:00:10.597175,15,3400585,3325067,2081122,Discharging,Good,370,603039,3800000,3800000,0,289766,2081122,3400585,7076,38960,resting
2026-07-24T16:00:20.598855,15,3398828,3323695,2085053,Discharging,Good,370,596842,3800000,3800000,0,286247,2085053,3398828,7086,39007,resting
2026-07-24T16:00:30.682431,15,3387890,3322355,2213348,Discharging,Good,370,591224,3800000,3800000,0,267117,2213348,3387890,7498,39070,resting
2026-07-24T16:00:40.765071,15,3398632,3320768,2060761,Discharging,Good,370,586285,3800000,3800000,0,284499,2060761,3398632,7003,39140,resting
2026-07-24T16:00:50.849046,15,3389257,3319674,2181683,Discharging,Good,370,580791,3800000,3800000,0,266212,2181683,3389257,7394,39187,resting
2026-07-24T16:01:00.934801,15,3393554,3318724,2100202,Discharging,Good,370,575368,3800000,3800000,0,273958,2100202,3393554,7127,39242,resting
2026-07-24T16:01:10.936598,15,3383984,3317705,2234442,Discharging,Good,370,570284,3800000,3800000,0,255224,2234442,3383984,7560,39289,resting
2026-07-24T16:01:20.938281,14,3387304,3316875,2171600,Discharging,Good,370,564161,3800000,3800000,0,259790,2171600,3387304,7355,39367,resting
2026-07-24T16:01:31.020801,14,3394335,3315837,2069733,Discharging,Good,370,558548,3800000,3800000,0,269864,2069733,3394335,7024,39421,resting
2026-07-24T16:01:41.104738,14,3378906,3314684,2256512,Discharging,Good,370,554198,3800000,3800000,0,245599,2256512,3378906,7624,39468,resting
2026-07-24T16:01:51.184723,14,3392187,3313566,2089533,Discharging,Good,370,548574,3800000,3800000,0,262534,2089533,3392187,7087,39531,resting
2026-07-24T16:02:01.264688,14,3391992,3312416,2066974,Discharging,Good,370,543185,3800000,3800000,0,262792,2066974,3391992,7010,39585,resting
2026-07-24T16:02:11.266433,14,3383203,3311677,2144855,Discharging,Good,370,537815,3800000,3800000,0,250746,2144855,3383203,7255,39632,resting
2026-07-24T16:02:21.268175,13,3378906,3310989,2223370,Discharging,Good,370,531682,3800000,3800000,0,239133,2223370,3378906,7512,39695,resting
2026-07-24T16:02:31.348859,13,3386132,3309854,2119855,Discharging,Good,370,525838,3800000,3800000,0,248053,2119855,3386132,7177,39789,resting
2026-07-24T16:02:41.432658,13,3373437,3308630,2272394,Discharging,Good,370,521003,3800000,3800000,0,229274,2272394,3373437,7665,39859,resting
2026-07-24T16:02:51.513481,13,3375585,3307705,2229608,Discharging,Good,370,515430,3800000,3800000,0,231175,2229608,3375585,7525,39945,resting
2026-07-24T16:03:01.596695,13,3370703,3306566,2263861,Discharging,Good,370,509701,3800000,3800000,0,225146,2263861,3370703,7630,40023,resting
2026-07-24T16:03:11.598427,13,3363867,3305264,2230218,Discharging,Good,370,504790,3800000,3800000,0,226341,2230218,3363867,7522,40078,resting
2026-07-24T16:03:21.600221,13,3368945,3304230,2277936,Discharging,Good,370,498357,3800000,3800000,0,218775,2277936,3368945,7673,40140,resting
2026-07-24T16:03:31.681595,12,3369140,3303241,2264654,Discharging,Good,370,492808,3800000,3800000,0,217608,2264654,3369140,7629,40218,resting
2026-07-24T16:03:41.764722,12,3377343,3302268,2150324,Discharging,Good,370,487871,3800000,3800000,0,226882,2150324,3377343,7262,40312,resting
2026-07-24T16:03:51.844686,12,3367187,3301456,2261090,Discharging,Good,370,482086,3800000,3800000,0,213209,2261090,3367187,7613,40359,resting
2026-07-24T16:04:01.929220,12,3377343,3300523,2127448,Discharging,Good,370,476648,3800000,3800000,0,224046,2127448,3377343,7185,40406,resting
2026-07-24T16:04:11.930922,12,3366406,3299164,2259466,Discharging,Good,370,470842,3800000,3800000,0,208386,2259466,3366406,7606,40468,resting
2026-07-24T16:04:21.932721,12,3364257,3297964,2284137,Discharging,Good,370,464654,3800000,3800000,0,203426,2284137,3364257,7683,40515,resting
2026-07-24T16:04:32.017194,12,3376757,3296939,2098688,Discharging,Good,370,458987,3800000,3800000,0,218701,2098688,3376757,7086,40578,resting
2026-07-24T16:04:42.100705,11,3375000,3295842,2115045,Discharging,Good,370,454133,3800000,3800000,0,214715,2115045,3375000,7138,40617,resting
2026-07-24T16:04:52.180658,11,3354492,3295079,2368597,Discharging,Good,370,448544,3800000,3800000,0,189371,2368597,3354492,7944,40664,resting
2026-07-24T16:05:02.182326,11,3360156,3294585,2278985,Discharging,Good,370,443635,3800000,3800000,0,194663,2278985,3360156,7657,40718,resting
2026-07-24T16:05:12.184036,11,3354492,3293776,2338165,Discharging,Good,370,438083,3800000,3800000,0,187361,2338165,3354492,7841,40757,resting
2026-07-24T16:05:22.186243,11,3359570,3293059,2270794,Discharging,Good,370,431842,3800000,3800000,0,190172,2270794,3359570,7628,40789,resting
2026-07-24T16:05:32.268929,11,3368554,3292175,2138788,Discharging,Good,370,426203,3800000,3800000,0,199273,2138788,3368554,7204,40851,resting
2026-07-24T16:05:42.355058,11,3368750,3291196,2122357,Discharging,Good,370,420680,3800000,3800000,0,198213,2122357,3368750,7149,40890,resting
2026-07-24T16:05:52.436760,10,3356250,3290162,2265008,Discharging,Good,370,415081,3800000,3800000,0,183258,2265008,3356250,7601,40921,resting
2026-07-24T16:06:02.438433,10,3354687,3289194,2285235,Discharging,Good,370,410030,3800000,3800000,0,179425,2285235,3354687,7666,40976,resting
2026-07-24T16:06:12.440162,10,3353906,3287849,2287091,Discharging,Good,370,404474,3800000,3800000,0,176850,2287091,3353906,7670,41015,resting
2026-07-24T16:06:22.517980,10,3351367,3286744,2334137,Discharging,Good,370,398250,3800000,3800000,0,170619,2334137,3351367,7820,41085,resting
2026-07-24T16:06:32.601137,10,3352148,3285720,2293951,Discharging,Good,370,392593,3800000,3800000,0,171142,2293951,3352148,7689,41187,resting
2026-07-24T16:06:42.602804,10,3363281,3284770,2140875,Discharging,Good,370,388218,3800000,3800000,0,181336,2140875,3363281,7200,41242,resting
2026-07-24T16:06:52.685509,10,3363671,3283675,2107575,Discharging,Good,370,381488,3800000,3800000,0,181008,2107575,3363671,7088,41265,resting
2026-07-24T16:07:02.687201,9,3361914,3282945,2126825,Discharging,Good,370,376001,3800000,3800000,0,176789,2126825,3361914,7149,41289,resting
2026-07-24T16:07:12.688981,9,3362109,3282275,2121539,Discharging,Good,370,370498,3800000,3800000,0,174636,2121539,3362109,7132,41296,resting
2026-07-24T16:07:22.772735,9,3351757,3281695,2225751,Discharging,Good,370,365073,3800000,3800000,0,164022,2225751,3351757,7459,41265,resting
2026-07-24T16:07:32.861901,9,3350390,3281086,2200934,Discharging,Good,370,359465,3800000,3800000,0,163323,2200934,3350390,7373,41250,resting
2026-07-24T16:07:42.945578,9,3351562,3280473,2199615,Discharging,Good,370,353946,3800000,3800000,0,160912,2199615,3351562,7371,41242,resting
2026-07-24T16:07:52.947225,9,3340039,3279872,2318292,Discharging,Good,370,348901,3800000,3800000,0,150499,2318292,3340039,7742,41226,resting
2026-07-24T16:08:02.948949,9,3346875,3279450,2257184,Discharging,Good,370,342879,3800000,3800000,0,151905,2257184,3346875,7554,41195,resting
2026-07-24T16:08:12.950659,8,3347265,3279177,2232294,Discharging,Good,370,337394,3800000,3800000,0,151142,2232294,3347265,7471,41164,resting
2026-07-24T16:08:23.033127,8,3355468,3278880,2117377,Discharging,Good,370,332007,3800000,3800000,0,156801,2117377,3355468,7104,41125,resting
2026-07-24T16:08:33.117382,8,3345898,3278650,2240387,Discharging,Good,370,326539,3800000,3800000,0,145751,2240387,3345898,7495,41093,resting
2026-07-24T16:08:43.203454,8,3357031,3278317,2073432,Discharging,Good,370,321085,3800000,3800000,0,154856,2073432,3357031,6960,41070,resting
2026-07-24T16:08:53.205138,8,3343359,3277743,2237152,Discharging,Good,370,315554,3800000,3800000,0,141051,2237152,3343359,7479,41031,resting
2026-07-24T16:09:03.207656,8,3337695,3276875,2313006,Discharging,Good,370,309376,3800000,3800000,0,133754,2313006,3337695,7718,41000,resting
2026-07-24T16:09:13.292645,7,3352929,3275975,2088483,Discharging,Good,370,303890,3800000,3800000,0,145507,2088483,3352929,7002,40968,resting
2026-07-24T16:09:23.372669,7,3341601,3275046,2218072,Discharging,Good,370,298330,3800000,3800000,0,134499,2218072,3341601,7411,40945,resting
2026-07-24T16:09:33.452658,7,3342578,3274159,2209308,Discharging,Good,370,292828,3800000,3800000,0,132542,2209308,3342578,7384,40906,resting
2026-07-24T16:09:43.454362,7,3350390,3273443,2094330,Discharging,Good,370,287909,3800000,3800000,0,137470,2094330,3350390,7016,40882,resting
2026-07-24T16:09:53.456155,7,3347460,3272477,2110102,Discharging,Good,370,282517,3800000,3800000,0,133887,2110102,3347460,7063,40851,resting
2026-07-24T16:10:03.458331,7,3338867,3271587,2212884,Discharging,Good,370,276931,3800000,3800000,0,125144,2212884,3338867,7388,40812,resting
2026-07-24T16:10:13.540718,7,3334960,3270658,2248529,Discharging,Good,370,271298,3800000,3800000,0,120655,2248529,3334960,7498,40781,resting
2026-07-24T16:10:23.622762,7,3334179,3269441,2246954,Discharging,Good,370,266398,3800000,3800000,0,118559,2246954,3334179,7491,40765,resting
2026-07-24T16:10:33.707464,6,3345507,3268648,2092145,Discharging,Good,370,260908,3800000,3800000,0,124708,2092145,3345507,6999,40757,resting
2026-07-24T16:10:43.709135,6,3329296,3267963,2282501,Discharging,Good,370,255968,3800000,3800000,0,112143,2282501,3329296,7597,40718,resting
2026-07-24T16:10:53.710865,6,3344335,3266854,2077814,Discharging,Good,370,249934,3800000,3800000,0,120286,2077814,3344335,6948,40703,resting
2026-07-24T16:11:03.794801,6,3332031,3265876,2227093,Discharging,Good,370,243709,3800000,3800000,0,109429,2227093,3332031,7420,40679,resting
2026-07-24T16:11:13.876711,6,3341406,3264884,2106024,Discharging,Good,370,238178,3800000,3800000,0,113093,2106024,3341406,7037,40664,resting
2026-07-24T16:11:23.956697,6,3341992,3263565,2084333,Discharging,Good,370,233298,3800000,3800000,0,111929,2084333,3341992,6965,40632,resting
2026-07-24T16:11:34.038737,5,3327929,3262694,2238458,Discharging,Good,370,227633,3800000,3800000,0,101691,2238458,3327929,7440,40617,resting
2026-07-24T16:11:44.040448,5,3337695,3262017,2107013,Discharging,Good,370,222687,3800000,3800000,0,105688,2107013,3337695,7032,40601,resting
2026-07-24T16:11:54.042178,5,3326953,3261014,2224530,Discharging,Good,370,217108,3800000,3800000,0,97597,2224530,3326953,7400,40593,resting
2026-07-24T16:12:04.124804,5,3332617,3260217,2164496,Discharging,Good,370,211062,3800000,3800000,0,97510,2164496,3332617,7211,40570,resting
2026-07-24T16:12:14.209548,5,3333593,3259308,2117658,Discharging,Good,370,205480,3800000,3800000,0,97031,2117658,3333593,7058,40562,resting
2026-07-24T16:12:24.292714,5,3326757,3258411,2200055,Discharging,Good,370,200064,3800000,3800000,0,90935,2200055,3326757,7318,40531,resting
2026-07-24T16:12:34.372636,5,3322460,3257818,2239545,Discharging,Good,370,194538,3800000,3800000,0,86864,2239545,3322460,7440,40507,resting
2026-07-24T16:12:44.374323,4,3332812,3257183,2099823,Discharging,Good,370,189030,3800000,3800000,0,90021,2099823,3332812,6998,40500,resting
2026-07-24T16:12:54.376037,4,3328515,3256232,2129633,Discharging,Good,370,183641,3800000,3800000,0,86231,2129633,3328515,7088,40476,resting
2026-07-24T16:13:04.456688,4,3312890,3255081,2331244,Discharging,Good,370,177819,3800000,3800000,0,76276,2331244,3312890,7722,40476,resting
2026-07-24T16:13:14.536707,4,3313867,3253556,2279327,Discharging,Good,370,171927,3800000,3800000,0,75428,2279327,3313867,7553,40507,resting
2026-07-24T16:13:24.616723,4,3309960,3251833,2320941,Discharging,Good,370,166987,3800000,3800000,0,71947,2320941,3309960,7682,40492,resting
2026-07-24T16:13:34.697024,4,3318554,3250408,2213422,Discharging,Good,370,161189,3800000,3800000,0,72823,2213422,3318554,7345,40523,resting
2026-07-24T16:13:44.698758,4,3310546,3249265,2304229,Discharging,Good,370,156102,3800000,3800000,0,67745,2304229,3310546,7627,40546,resting
2026-07-24T16:13:54.700633,3,3317382,3247620,2187140,Discharging,Good,370,150293,3800000,3800000,0,68716,2187140,3317382,7254,40593,resting
2026-07-24T16:14:04.784664,3,3321289,3245912,2119171,Discharging,Good,370,143973,3800000,3800000,0,67938,2119171,3321289,7038,40656,resting
2026-07-24T16:14:14.864664,3,3310156,3244471,2273028,Discharging,Good,370,138293,3800000,3800000,0,60840,2273028,3310156,7524,40687,resting
2026-07-24T16:14:24.948791,3,3307617,3243043,2280792,Discharging,Good,370,132699,3800000,3800000,0,58181,2280792,3307617,7543,40726,resting
2026-07-24T16:14:35.033455,3,3306054,3241947,2265326,Discharging,Good,370,126988,3800000,3800000,0,56057,2265326,3306054,7488,40773,resting
2026-07-24T16:14:45.035131,3,3299218,3241043,2350726,Discharging,Good,370,121377,3800000,3800000,0,51633,2350726,3299218,7753,40796,resting
2026-07-24T16:14:55.037794,3,3311132,3240181,2192572,Discharging,Good,370,115831,3800000,3800000,0,52828,2192572,3311132,7258,40843,resting
2026-07-24T16:15:05.123668,2,3301757,3239281,2284076,Discharging,Good,370,110098,3800000,3800000,0,48202,2284076,3301757,7541,40890,resting
2026-07-24T16:15:15.208437,2,3311914,3238259,2157880,Discharging,Good,370,104524,3800000,3800000,0,48438,2157880,3311914,7146,40929,resting
2026-07-24T16:15:25.295624,2,3299804,3237143,2278290,Discharging,Good,370,98905,3800000,3800000,0,43411,2278290,3299804,7518,40984,resting
2026-07-24T16:15:35.377327,2,3297070,3236193,2309723,Discharging,Good,370,93220,3800000,3800000,0,40359,2309723,3297070,7615,41039,resting
2026-07-24T16:17:10.842579,14,3326953,3342953,2205926,Discharging,Good,370,566141,3800000,3800000,0,256645,2205926,3326953,7337,39570,resting
2026-07-24T16:17:20.928152,14,3318554,3341598,2201373,Discharging,Good,370,560730,3800000,3800000,0,254718,2201373,3318554,7305,39640,resting
2026-07-24T16:17:31.012824,14,3374218,3340860,1493672,Discharging,Good,370,556581,3800000,3800000,0,372625,1493672,3374218,5037,39851,resting
2026-07-24T16:17:41.014532,0,3349804,3303830,1785151,Discharging,Good,370,0,3800000,3800000,0,0,1785151,3349804,5973,39820,resting
2026-07-24T16:17:51.016175,0,3301757,3302907,2340326,Discharging,Good,370,0,3800000,3800000,0,0,2340326,3301757,7726,39835,resting
2026-07-24T18:24:55.905581,99,4120117,4163835,-195861,Charging,Good,370,3762000,3800000,3800000,304,0,-195861,4120117,807,35132,charging
2026-07-24T18:25:05.918502,99,4156640,4163650,-674693,Charging,Good,370,3762000,3800000,3800000,248,0,-674693,4156640,2804,35148,charging
2026-07-24T18:25:15.930458,99,4156250,4163619,-686265,Charging,Good,370,3762000,3800000,3800000,228,0,-686265,4156250,2852,35171,charging
2026-07-24T18:25:25.942503,99,4155859,4164000,-673399,Charging,Good,370,3762000,3800000,3800000,248,0,-673399,4155859,2798,35226,charging
2026-07-24T18:25:35.954582,99,4152734,4164000,-627256,Charging,Good,370,3762000,3800000,3800000,228,0,-627256,4152734,2604,35250,charging
2026-07-24T18:25:45.966686,99,4156445,4164000,-660044,Charging,Good,370,3762000,3800000,3800000,228,0,-660044,4156445,2743,35281,charging
2026-07-24T18:25:55.979131,99,4156835,4164000,-672483,Charging,Good,370,3762000,3800000,3800000,273,0,-672483,4156835,2795,35304,charging
2026-07-24T18:26:05.991580,99,4157617,4164000,-668699,Charging,Good,370,3762000,3800000,3800000,248,0,-668699,4157617,2780,35343,charging
2026-07-24T18:26:16.003934,99,4157812,4164000,-664866,Charging,Good,370,3762000,3800000,3800000,248,0,-664866,4157812,2764,35382,charging
2026-07-24T18:26:26.018888,99,4158007,4164000,-661875,Charging,Good,370,3762000,3800000,3800000,248,0,-661875,4158007,2752,35406,charging
2026-07-24T18:26:36.031164,99,4158007,4164000,-661143,Charging,Good,370,3762000,3800000,3800000,228,0,-661143,4158007,2748,35445,charging
2026-07-24T18:26:46.043604,99,4158007,4164000,-657346,Charging,Good,370,3762000,3800000,3800000,228,0,-657346,4158007,2733,35484,charging
2026-07-24T18:26:56.055952,99,4158203,4163925,-657456,Charging,Good,370,3762000,3800000,3800000,228,0,-657456,4158203,2733,35531,charging
2026-07-24T18:27:06.068363,99,4158007,4163912,-653318,Charging,Good,370,3762000,3800000,3800000,210,0,-653318,4158007,2716,35578,charging
2026-07-24T18:27:16.080765,99,4157812,4163904,-653965,Charging,Good,370,3762000,3800000,3800000,210,0,-653965,4157812,2719,35617,charging
2026-07-24T18:27:26.095289,99,4158007,4163887,-650401,Charging,Good,370,3762000,3800000,3800000,210,0,-650401,4158007,2704,35671,charging
2026-07-24T18:27:36.107648,99,4158398,4163885,-649546,Charging,Good,370,3762000,3800000,3800000,273,0,-649546,4158398,2701,35734,charging
2026-07-24T18:27:46.120229,99,4158593,4163884,-646433,Charging,Good,370,3762000,3800000,3800000,210,0,-646433,4158593,2688,35789,charging
2026-07-24T18:27:56.159087,99,4158398,4163884,-645689,Charging,Good,370,3762000,3800000,3800000,210,0,-645689,4158398,2684,35828,charging
2026-07-24T18:28:06.171426,99,4158984,4163884,-643553,Charging,Good,370,3762000,3800000,3800000,273,0,-643553,4158984,2676,35882,charging
2026-07-24T18:28:16.183907,99,4158593,4163884,-639134,Charging,Good,370,3762000,3800000,3800000,210,0,-639134,4158593,2657,35937,charging
2026-07-24T18:28:26.196320,99,4158593,4163887,-638560,Charging,Good,370,3762000,3800000,3800000,210,0,-638560,4158593,2655,35976,charging
2026-07-24T18:28:36.208726,99,4158984,4163888,-636192,Charging,Good,370,3762000,3800000,3800000,248,0,-636192,4158984,2645,36023,charging
2026-07-24T18:28:46.221135,99,4158789,4163889,-636509,Charging,Good,370,3762000,3800000,3800000,273,0,-636509,4158789,2647,36070,charging
2026-07-24T18:28:56.233685,99,4158789,4163892,-633457,Charging,Good,370,3762000,3800000,3800000,273,0,-633457,4158789,2634,36125,charging
2026-07-24T18:29:06.246842,99,4159179,4163893,-631651,Charging,Good,370,3762000,3800000,3800000,210,0,-631651,4159179,2627,36203,charging
2026-07-24T18:29:16.261777,99,4158984,4163894,-628501,Charging,Good,370,3762000,3800000,3800000,210,0,-628501,4158984,2613,36265,charging
2026-07-24T18:29:26.274106,99,4159570,4163897,-627683,Charging,Good,370,3762000,3800000,3800000,228,0,-627683,4159570,2610,36304,charging
2026-07-24T18:29:36.288995,99,4158984,4163898,-627390,Charging,Good,370,3762000,3800000,3800000,273,0,-627390,4158984,2609,36343,charging
2026-07-24T18:29:46.301345,99,4159179,4163899,-624290,Charging,Good,370,3762000,3800000,3800000,210,0,-624290,4159179,2596,36398,charging
2026-07-24T18:29:56.313749,99,4159179,4163902,-620872,Charging,Good,370,3762000,3800000,3800000,228,0,-620872,4159179,2582,36445,charging
2026-07-24T18:30:06.328177,99,4158789,4163904,-615245,Charging,Good,370,3762000,3800000,3800000,273,0,-615245,4158789,2558,36484,charging
2026-07-24T18:30:16.340130,99,4159375,4163905,-617124,Charging,Good,370,3762000,3800000,3800000,304,0,-617124,4159375,2566,36531,charging
2026-07-24T18:30:26.342071,99,4159179,4163907,-619554,Charging,Good,370,3762000,3800000,3800000,228,0,-619554,4159179,2576,36570,charging
2026-07-24T18:30:36.354521,99,4158984,4163908,-616062,Charging,Good,370,3762000,3800000,3800000,228,0,-616062,4158984,2562,36617,charging
2026-07-24T18:30:46.368571,99,4159570,4163909,-613536,Charging,Good,370,3762000,3800000,3800000,228,0,-613536,4159570,2551,36656,charging
2026-07-24T18:30:56.381845,99,4159765,4163911,-611155,Charging,Good,370,3762000,3800000,3800000,228,0,-611155,4159765,2542,36703,charging
2026-07-24T18:31:06.394194,99,4159765,4163913,-611058,Charging,Good,370,3762000,3800000,3800000,228,0,-611058,4159765,2541,36734,charging
2026-07-24T18:31:16.406526,99,4159570,4163914,-610411,Charging,Good,370,3762000,3800000,3800000,228,0,-610411,4159570,2539,36773,charging
2026-07-24T18:31:26.418899,99,4159570,4163916,-605772,Charging,Good,370,3762000,3800000,3800000,228,0,-605772,4159570,2519,36820,charging
2026-07-24T18:31:36.431261,99,4159179,4163918,-605186,Charging,Good,370,3762000,3800000,3800000,248,0,-605186,4159179,2517,36851,charging
2026-07-24T18:31:46.443904,99,4159179,4163919,-604576,Charging,Good,370,3762000,3800000,3800000,228,0,-604576,4159179,2514,36898,charging
2026-07-24T18:31:56.456369,99,4160156,4163921,-601231,Charging,Good,370,3762000,3800000,3800000,228,0,-601231,4160156,2501,36945,charging
2026-07-24T18:32:06.471655,99,4160156,4163923,-599082,Charging,Good,370,3762000,3800000,3800000,248,0,-599082,4160156,2492,36976,charging
2026-07-24T18:32:16.484962,99,4160351,4163924,-599412,Charging,Good,370,3762000,3800000,3800000,273,0,-599412,4160351,2493,37015,charging
2026-07-24T18:32:26.498112,99,4159570,4163926,-599302,Charging,Good,370,3762000,3800000,3800000,228,0,-599302,4159570,2492,37046,charging
2026-07-24T18:32:36.510473,99,4159960,4163928,-596604,Charging,Good,370,3762000,3800000,3800000,273,0,-596604,4159960,2481,37109,charging
2026-07-24T18:32:46.522802,99,4159960,4163929,-594187,Charging,Good,370,3762000,3800000,3800000,228,0,-594187,4159960,2471,37148,charging
2026-07-24T18:32:56.535289,99,4160156,4163931,-591807,Charging,Good,370,3762000,3800000,3800000,228,0,-591807,4160156,2461,37179,charging
2026-07-24T18:33:06.548607,99,4160742,4163933,-591355,Charging,Good,370,3762000,3800000,3800000,248,0,-591355,4160742,2460,37226,charging
2026-07-24T18:33:16.563917,99,4160351,4163934,-589207,Charging,Good,370,3762000,3800000,3800000,248,0,-589207,4160351,2451,37257,charging
2026-07-24T18:33:26.579169,99,4160351,4163936,-588072,Charging,Good,370,3762000,3800000,3800000,228,0,-588072,4160351,2446,37296,charging
2026-07-24T18:33:36.591486,99,4159960,4163938,-585972,Charging,Good,370,3762000,3800000,3800000,228,0,-585972,4159960,2437,37328,charging
2026-07-24T18:33:46.603887,99,4160546,4163938,-584825,Charging,Good,370,3762000,3800000,3800000,228,0,-584825,4160546,2433,37367,charging
2026-07-24T18:33:56.640954,99,4160351,4163938,-583470,Charging,Good,370,3762000,3800000,3800000,228,0,-583470,4160351,2427,37390,charging
2026-07-24T18:34:06.653261,99,4160742,4163938,-582408,Charging,Good,370,3762000,3800000,3800000,273,0,-582408,4160742,2423,37429,charging
2026-07-24T18:34:16.665642,99,4160156,4163938,-581504,Charging,Good,370,3762000,3800000,3800000,273,0,-581504,4160156,2419,37468,charging
2026-07-24T18:34:26.678066,99,4160546,4163938,-576683,Charging,Good,370,3762000,3800000,3800000,228,0,-576683,4160546,2399,37523,charging
2026-07-24T18:34:36.690169,99,4160351,4163938,-573680,Charging,Good,370,3762000,3800000,3800000,273,0,-573680,4160351,2386,37578,charging
2026-07-24T19:32:38.174451,99,4004101,4003397,1869831,Discharging,Good,370,3796606,3800000,3800000,0,2030454,1869831,4004101,7485,38281,resting
2026-07-24T19:32:48.261479,99,4054882,4002852,1112912,Discharging,Good,370,3793556,3800000,3800000,0,3408675,1112912,4054882,4512,38390,resting
2026-07-24T19:32:58.342385,99,4013476,4002491,1554256,Discharging,Good,370,3789239,3800000,3800000,0,2437976,1554256,4013476,6237,38554,resting
2026-07-24T19:33:08.427344,99,4050976,4004000,1070724,Discharging,Good,370,3797919,3800000,3800000,0,3547056,1070724,4050976,4337,38617,resting
2026-07-24T19:33:18.510430,99,4034570,4003782,1261373,Discharging,Good,370,3794416,3800000,3800000,0,3008163,1261373,4034570,5088,38632,resting
2026-07-24T19:33:28.602556,99,4053320,4003640,1012045,Discharging,Good,370,3791605,3800000,3800000,0,3746478,1012045,4053320,4102,38664,resting
2026-07-24T19:33:38.689423,99,4059570,4003466,942050,Discharging,Good,370,3789291,3800000,3800000,0,4022388,942050,4059570,3824,38671,resting
2026-07-24T19:33:48.774613,99,4065039,4003590,865268,Discharging,Good,370,3786888,3800000,3800000,0,4376549,865268,4065039,3517,38671,resting
2026-07-24T19:33:58.867727,99,4078710,4003892,669175,Discharging,Good,370,3785030,3800000,3800000,0,5656263,669175,4078710,2729,38679,resting
2026-07-24T19:34:08.950699,99,4073437,4004864,736448,Discharging,Good,370,3783226,3800000,3800000,0,5137125,736448,4073437,2999,38648,resting
2026-07-24T19:34:19.049200,99,4079687,4005287,664756,Discharging,Good,370,3781380,3800000,3800000,0,5688372,664756,4079687,2711,38632,resting
2026-07-24T19:34:29.146751,99,4077734,4005776,667442,Discharging,Good,370,3779526,3800000,3800000,0,5662703,667442,4077734,2721,38617,resting
2026-07-24T19:34:39.235568,99,4077539,4007247,662913,Discharging,Good,370,3777875,3800000,3800000,0,5698900,662913,4077539,2702,38593,resting
2026-07-24T19:34:49.318725,99,4077929,4007776,677854,Discharging,Good,370,3775993,3800000,3800000,0,5570510,677854,4077929,2764,38570,resting
2026-07-24T19:34:59.402725,99,4076562,4008321,677500,Discharging,Good,370,3774112,3800000,3800000,0,5570645,677500,4076562,2761,38554,resting
2026-07-24T19:35:09.505239,99,4076562,4009777,668797,Discharging,Good,370,3772238,3800000,3800000,0,5640333,668797,4076562,2726,38531,resting
2026-07-24T19:35:19.586677,99,4076367,4010287,663865,Discharging,Good,370,3770394,3800000,3800000,0,5679458,663865,4076367,2706,38515,resting
2026-07-24T19:35:29.673193,99,4074804,4010806,684580,Discharging,Good,370,3768493,3800000,3800000,0,5504824,684580,4074804,2789,38484,resting
2026-07-24T19:35:39.758661,99,4074804,4012201,658628,Discharging,Good,370,3766837,3800000,3800000,0,5719217,658628,4074804,2683,38460,resting
2026-07-24T19:35:49.842664,99,4074804,4012620,660008,Discharging,Good,370,3765004,3800000,3800000,0,5704482,660008,4074804,2689,38429,resting
2026-07-24T19:35:59.924894,99,4073046,4013066,657530,Discharging,Good,370,3763178,3800000,3800000,0,5723203,657530,4073046,2678,38414,resting
2026-07-24T19:36:10.013512,98,4073242,4014403,664866,Discharging,Good,370,3761527,3800000,3800000,0,5657571,664866,4073242,2708,38375,resting
2026-07-24T19:36:20.096071,98,4073046,4014858,660789,Discharging,Good,370,3759692,3800000,3800000,0,5689701,660789,4073046,2691,38343,resting
2026-07-24T19:36:30.178533,98,4041601,4015097,1000168,Discharging,Good,370,3756914,3800000,3800000,0,3756282,1000168,4041601,4041,38335,resting
2026-07-24T19:36:40.263236,98,4033007,4015618,1082895,Discharging,Good,370,3754382,3800000,3800000,0,3466986,1082895,4033007,4367,38390,resting
2026-07-24T19:36:50.345062,98,4034765,4015467,1052377,Discharging,Good,370,3751459,3800000,3800000,0,3564748,1052377,4034765,4246,38437,resting
2026-07-24T19:37:00.433501,98,4045312,4015305,915463,Discharging,Good,370,3748917,3800000,3800000,0,4095104,915463,4045312,3703,38476,resting
2026-07-24T19:37:10.514911,98,4043750,4014818,906784,Discharging,Good,370,3746616,3800000,3800000,0,4131762,906784,4043750,3666,38468,resting
2026-07-24T19:37:20.598507,98,4027343,4014543,1128842,Discharging,Good,370,3743481,3800000,3800000,0,3316213,1128842,4027343,4545,38460,resting
2026-07-24T19:37:30.683255,98,4019335,4014196,1195407,Discharging,Good,370,3740161,3800000,3800000,0,3128776,1195407,4019335,4803,38484,resting
2026-07-24T19:37:40.766622,98,4043945,4013323,884494,Discharging,Good,370,3737490,3800000,3800000,0,4225568,884494,4043945,3576,38476,resting
2026-07-24T19:37:50.850619,98,4040429,4013094,930795,Discharging,Good,370,3734905,3800000,3800000,0,4012596,930795,4040429,3760,38476,resting
2026-07-24T19:38:00.930574,98,4028710,4012675,1043942,Discharging,Good,370,3732006,3800000,3800000,0,3574916,1043942,4028710,4214,38484,resting
2026-07-24T19:38:11.021619,98,3980273,4010930,1690156,Discharging,Good,370,3728660,3800000,3800000,0,2206104,1690156,3980273,6726,38492,resting
2026-07-24T19:38:21.104060,98,4038281,4010466,895444,Discharging,Good,370,3726173,3800000,3800000,0,4161257,895444,4038281,3615,38500,resting
2026-07-24T19:38:31.189433,97,4038085,4010127,895529,Discharging,Good,370,3723686,3800000,3800000,0,4158085,895529,4038085,3616,38468,resting
2026-07-24T19:38:41.273533,97,4038281,4009329,907920,Discharging,Good,370,3721449,3800000,3800000,0,4098873,907920,4038281,3666,38429,resting
2026-07-24T19:38:51.365420,97,4037890,4009139,895969,Discharging,Good,370,3718961,3800000,3800000,0,4150769,895969,4037890,3617,38375,resting
2026-07-24T19:39:01.446613,97,4037304,4008986,910129,Discharging,Good,370,3716433,3800000,3800000,0,4083413,910129,4037304,3674,38335,resting
2026-07-24T19:39:11.526614,97,4022851,4008601,1094821,Discharging,Good,370,3714092,3800000,3800000,0,3392419,1094821,4022851,4402,38289,resting
2026-07-24T19:39:21.610613,97,4035546,4008495,906504,Discharging,Good,370,3711574,3800000,3800000,0,4094382,906504,4035546,3658,38250,resting
2026-07-24T19:39:31.694689,97,4029296,4008292,955246,Discharging,Good,370,3708921,3800000,3800000,0,3882686,955246,4029296,3848,38210,resting
2026-07-24T19:39:41.780800,97,4034375,4007800,893466,Discharging,Good,370,3706667,3800000,3800000,0,4148638,893466,4034375,3604,38179,resting
2026-07-24T19:39:51.862885,97,4033593,4007670,904978,Discharging,Good,370,3704154,3800000,3800000,0,4093087,904978,4033593,3650,38140,resting
2026-07-24T19:40:01.864897,97,4029492,4007461,942905,Discharging,Good,370,3701797,3800000,3800000,0,3925949,942905,4029492,3799,38101,resting
2026-07-24T19:40:11.946789,97,4030273,4006699,949277,Discharging,Good,370,3699541,3800000,3800000,0,3897219,949277,4030273,3825,38085,resting
2026-07-24T19:40:22.032702,97,4030664,4006407,914597,Discharging,Good,370,3697001,3800000,3800000,0,4042218,914597,4030664,3686,38062,resting
2026-07-24T19:40:32.118553,97,4030859,4006094,904758,Discharging,Good,370,3694488,3800000,3800000,0,4083399,904758,4030859,3646,38031,resting
2026-07-24T19:40:42.120530,97,4030468,4005454,898471,Discharging,Good,370,3692496,3800000,3800000,0,4109755,898471,4030468,3621,38015,resting
2026-07-24T19:40:52.202598,97,4028906,4005128,895017,Discharging,Good,370,3690010,3800000,3800000,0,4122837,895017,4028906,3605,37992,resting
2026-07-24T19:41:02.286633,97,4028515,4004580,899448,Discharging,Good,370,3687512,3800000,3800000,0,4099750,899448,4028515,3623,37976,resting
2026-07-24T19:41:12.288606,96,4027148,4003343,902695,Discharging,Good,370,3684891,3800000,3800000,0,4082099,902695,4027148,3635,37953,resting
2026-07-24T19:41:22.370577,96,4027734,4002849,904563,Discharging,Good,370,3682379,3800000,3800000,0,4070892,904563,4027734,3643,37945,resting
2026-07-24T19:41:32.448795,96,4021679,4002313,956369,Discharging,Good,370,3679723,3800000,3800000,0,3847597,956369,4021679,3846,37929,resting
2026-07-24T19:41:42.450809,96,4024414,4001856,895639,Discharging,Good,370,3677484,3800000,3800000,0,4105989,895639,4024414,3615,37914,resting
2026-07-24T19:41:52.534606,96,4025195,4001017,888303,Discharging,Good,370,3675017,3800000,3800000,0,4137121,888303,4025195,3575,37898,resting
2026-07-24T19:42:02.618899,96,4023046,4000669,888486,Discharging,Good,370,3672549,3800000,3800000,0,4133491,888486,4023046,3574,37890,resting
2026-07-24T19:42:12.620879,96,4023632,4000348,890207,Discharging,Good,370,3670324,3800000,3800000,0,4123000,890207,4023632,3581,37882,resting
2026-07-24T19:42:22.702573,96,4023828,3999766,888486,Discharging,Good,370,3668099,3800000,3800000,0,4128482,888486,4023828,3575,37875,resting
2026-07-24T19:42:32.802296,96,4001171,3999275,1168246,Discharging,Good,370,3664854,3800000,3800000,0,3137056,1168246,4001171,4673,37875,resting
2026-07-24T19:42:42.804571,96,4018554,3998763,914170,Discharging,Good,370,3662569,3800000,3800000,0,4006441,914170,4018554,3673,37890,resting
2026-07-24T19:42:52.886419,96,3955078,3995486,1686458,Discharging,Good,370,3659311,3800000,3800000,0,2169820,1686458,3955078,6669,37937,resting
2026-07-24T19:43:02.888104,96,3950390,3991623,1717634,Discharging,Good,370,3655507,3800000,3800000,0,2128222,1717634,3950390,6785,38078,resting
2026-07-24T19:43:12.889831,96,3943554,3985529,1789216,Discharging,Good,370,3650667,3800000,3800000,0,2040372,1789216,3943554,7054,38195,resting
2026-07-24T19:43:22.922527,95,3943945,3977660,1727522,Discharging,Good,370,3645836,3800000,3800000,0,2110442,1727522,3943945,6813,38281,resting
2026-07-24T19:43:33.006429,95,3933203,3970901,1833576,Discharging,Good,370,3641425,3800000,3800000,0,1985968,1833576,3933203,7211,38351,resting
2026-07-24T19:43:43.008203,95,3941015,3964155,1707478,Discharging,Good,370,3637051,3800000,3800000,0,2130071,1707478,3941015,6748,38429,resting
2026-07-24T19:43:53.010002,95,3932421,3956326,1788447,Discharging,Good,370,3632656,3800000,3800000,0,2031179,1788447,3932421,7031,38476,resting
2026-07-24T19:44:03.011735,95,3935351,3949982,1728291,Discharging,Good,370,3627810,3800000,3800000,0,2099073,1728291,3935351,6801,38539,resting
2026-07-24T19:44:13.094629,95,3935351,3943675,1709431,Discharging,Good,370,3622780,3800000,3800000,0,2119289,1709431,3935351,6726,38593,resting
2026-07-24T19:44:23.178375,95,3931835,3937605,1751155,Discharging,Good,370,3618918,3800000,3800000,0,2066589,1751155,3931835,6885,38648,resting
2026-07-24T19:44:33.262576,95,3933007,3932012,1721101,Discharging,Good,370,3614604,3800000,3800000,0,2100169,1721101,3933007,6769,38687,resting
2026-07-24T19:44:43.348994,95,3926953,3926821,1776899,Discharging,Good,370,3610235,3800000,3800000,0,2031761,1776899,3926953,6977,38750,resting
2026-07-24T19:44:53.433755,94,3928125,3921606,1752949,Discharging,Good,370,3605606,3800000,3800000,0,2056880,1752949,3928125,6885,38812,resting
2026-07-24T19:45:03.435432,94,3923828,3915972,1778083,Discharging,Good,370,3601199,3800000,3800000,0,2025326,1778083,3923828,6977,38882,resting
2026-07-24T19:45:13.437125,94,3922265,3911587,1760395,Discharging,Good,370,3596332,3800000,3800000,0,2042911,1760395,3922265,6904,38937,resting
2026-07-24T19:45:23.518449,94,3918554,3906252,1823445,Discharging,Good,370,3592263,3800000,3800000,0,1970041,1823445,3918554,7144,39000,resting
2026-07-24T19:45:33.598454,94,3914453,3901786,1846626,Discharging,Good,370,3587735,3800000,3800000,0,1942859,1846626,3914453,7228,39046,resting
2026-07-24T19:45:43.678391,94,3916992,3897567,1774250,Discharging,Good,370,3583229,3800000,3800000,0,2019573,1774250,3916992,6949,39109,resting
2026-07-24T19:45:53.680141,94,3917773,3893694,1778681,Discharging,Good,370,3579292,3800000,3800000,0,2012329,1778681,3917773,6968,39140,resting
2026-07-24T19:46:03.681877,94,3918945,3889876,1740889,Discharging,Good,370,3574295,3800000,3800000,0,2053143,1740889,3918945,6822,39195,resting
2026-07-24T19:46:13.762404,93,3916406,3886395,1763728,Discharging,Good,370,3569844,3800000,3800000,0,2024033,1763728,3916406,6906,39250,resting
2026-07-24T19:46:23.842378,93,3915429,3883193,1756355,Discharging,Good,370,3566405,3800000,3800000,0,2030571,1756355,3915429,6876,39289,resting
2026-07-24T19:46:33.926411,93,3913085,3880415,1774971,Discharging,Good,370,3561911,3800000,3800000,0,2006743,1774971,3913085,6945,39328,resting
2026-07-24T19:46:44.006443,93,3911914,3877722,1769795,Discharging,Good,370,3557423,3800000,3800000,0,2010076,1769795,3911914,6923,39390,resting
2026-07-24T19:46:54.008160,93,3911132,3875657,1756037,Discharging,Good,370,3553988,3800000,3800000,0,2023868,1756037,3911132,6867,39445,resting
2026-07-24T19:47:04.009880,93,3903906,3873223,1875019,Discharging,Good,370,3548962,3800000,3800000,0,1892760,1875019,3903906,7318,39531,resting
2026-07-24T19:47:14.090764,93,3901757,3870636,1876240,Discharging,Good,370,3543675,3800000,3800000,0,1888710,1876240,3901757,7319,39617,resting
2026-07-24T19:47:24.175433,93,3906445,3867512,1781855,Discharging,Good,370,3539670,3800000,3800000,0,1986508,1781855,3906445,6960,39687,resting
2026-07-24T19:47:34.260451,93,3899218,3864946,1859589,Discharging,Good,370,3535102,3800000,3800000,0,1901012,1859589,3899218,7250,39812,resting
2026-07-24T19:47:44.344330,92,3903906,3862313,1782148,Discharging,Good,370,3530503,3800000,3800000,0,1981038,1782148,3903906,6957,39843,resting
2026-07-24T19:47:54.346072,92,3903320,3859840,1787202,Discharging,Good,370,3526472,3800000,3800000,0,1973180,1787202,3903320,6975,39820,resting
2026-07-24T19:48:04.347789,92,3896679,3857432,1871626,Discharging,Good,370,3521272,3800000,3800000,0,1881397,1871626,3896679,7292,39835,resting
2026-07-24T19:48:14.430414,92,3900976,3855012,1788337,Discharging,Good,370,3516680,3800000,3800000,0,1966452,1788337,3900976,6975,39859,resting
2026-07-24T19:48:24.511158,92,3898632,3852408,1789497,Discharging,Good,370,3512126,3800000,3800000,0,1962633,1789497,3898632,6976,39875,resting
2026-07-24T19:48:34.597425,92,3897851,3850097,1782258,Discharging,Good,370,3507449,3800000,3800000,0,1967980,1782258,3897851,6946,39859,resting
2026-07-24T19:48:44.678387,92,3897460,3847754,1795906,Discharging,Good,370,3502829,3800000,3800000,0,1950452,1795906,3897460,6999,39851,resting
2026-07-24T19:48:54.763163,92,3896093,3845640,1786763,Discharging,Good,370,3498791,3800000,3800000,0,1958172,1786763,3896093,6961,39851,resting
2026-07-24T19:49:04.764914,91,3891992,3843838,1867805,Discharging,Good,370,3494177,3800000,3800000,0,1870739,1867805,3891992,7268,39867,resting
2026-07-24T19:49:14.842620,91,3897265,3842086,1755671,Discharging,Good,370,3489097,3800000,3800000,0,1987329,1755671,3897265,6842,39890,resting
2026-07-24T19:49:24.929886,91,3890625,3840373,1831745,Discharging,Good,370,3484568,3800000,3800000,0,1902321,1831745,3890625,7126,39929,resting
2026-07-24T19:49:35.010366,91,3888085,3839051,1868574,Discharging,Good,370,3479957,3800000,3800000,0,1862359,1868574,3888085,7265,39984,resting
2026-07-24T19:49:45.096661,91,3887304,3837878,1842024,Discharging,Good,370,3475440,3800000,3800000,0,1886750,1842024,3887304,7160,40023,resting
2026-07-24T19:49:55.098363,91,3890234,3836306,1796760,Discharging,Good,370,3471339,3800000,3800000,0,1931999,1796760,3890234,6989,40054,resting
2026-07-24T19:50:05.100051,91,3884960,3834886,1841877,Discharging,Good,370,3466631,3800000,3800000,0,1882118,1841877,3884960,7154,40093,resting
2026-07-24T19:50:15.185572,91,3892187,3833651,1747419,Discharging,Good,370,3462093,3800000,3800000,0,1981260,1747419,3892187,6801,40148,resting
2026-07-24T19:50:25.245593,90,3886718,3832511,1794294,Discharging,Good,370,3457504,3800000,3800000,0,1926943,1794294,3886718,6973,40218,resting
2026-07-24T19:50:35.326438,90,3886328,3831304,1779914,Discharging,Good,370,3452852,3800000,3800000,0,1939898,1779914,3886328,6918,40296,resting
2026-07-24T19:50:45.328221,90,3887890,3830376,1768171,Discharging,Good,370,3448739,3800000,3800000,0,1950455,1768171,3887890,6874,40351,resting
2026-07-24T19:50:55.329940,90,3882031,3829419,1835981,Discharging,Good,370,3443682,3800000,3800000,0,1875663,1835981,3882031,7126,40398,resting
2026-07-24T19:51:05.414602,90,3884765,3828456,1804109,Discharging,Good,370,3438683,3800000,3800000,0,1906028,1804109,3884765,7008,40429,resting
2026-07-24T19:51:15.498436,90,3885351,3827951,1793244,Discharging,Good,370,3434173,3800000,3800000,0,1915061,1793244,3885351,6967,40460,resting
2026-07-24T19:51:25.500364,90,3884179,3827189,1775972,Discharging,Good,370,3429669,3800000,3800000,0,1931150,1775972,3884179,6898,40484,resting
2026-07-24T19:51:35.502072,90,3876562,3826351,1863740,Discharging,Good,370,3425565,3800000,3800000,0,1838005,1863740,3876562,7223,40500,resting
2026-07-24T19:51:45.503868,90,3882812,3825304,1778315,Discharging,Good,370,3420518,3800000,3800000,0,1923460,1778315,3882812,6904,40523,resting
2026-07-24T19:51:55.505581,89,3871679,3823898,1890766,Discharging,Good,370,3415269,3800000,3800000,0,1806288,1890766,3871679,7318,40546,resting
2026-07-24T19:52:05.588565,89,3877539,3822289,1809712,Discharging,Good,370,3411137,3800000,3800000,0,1884905,1809712,3877539,7017,40601,resting
2026-07-24T19:52:15.670365,89,3880078,3820835,1774446,Discharging,Good,370,3406576,3800000,3800000,0,1919796,1774446,3880078,6885,40648,resting
2026-07-24T19:52:25.750435,89,3879101,3819788,1783076,Discharging,Good,370,3402048,3800000,3800000,0,1907965,1783076,3879101,6916,40695,resting
2026-07-24T19:52:35.752112,89,3875390,3818764,1805793,Discharging,Good,370,3397981,3800000,3800000,0,1881711,1805793,3875390,6997,40750,resting
2026-07-24T19:52:45.753874,89,3873437,3817666,1848017,Discharging,Good,370,3392923,3800000,3800000,0,1835980,1848017,3873437,7157,40796,resting
2026-07-24T19:52:55.834582,89,3877539,3816527,1761677,Discharging,Good,370,3387953,3800000,3800000,0,1923140,1761677,3877539,6830,40835,resting
2026-07-24T19:53:05.918434,89,3876953,3815276,1774543,Discharging,Good,370,3383962,3800000,3800000,0,1906948,1774543,3876953,6879,40898,resting
2026-07-24T19:53:15.998407,88,3875000,3814449,1776692,Discharging,Good,370,3379435,3800000,3800000,0,1902093,1776692,3875000,6884,40929,resting
2026-07-24T19:53:26.083981,88,3873828,3813805,1770784,Discharging,Good,370,3374944,3800000,3800000,0,1905903,1770784,3873828,6859,40929,resting
2026-07-24T19:53:36.085731,88,3875585,3813037,1767781,Discharging,Good,370,3370980,3800000,3800000,0,1906899,1767781,3875585,6850,40921,resting
2026-07-24T19:53:46.087699,88,3943359,3813996,936289,Discharging,Good,370,3368034,3800000,3800000,0,3597216,936289,3943359,3692,40796,resting
2026-07-24T19:53:56.182546,88,3943359,3817037,965878,Discharging,Good,370,3365438,3800000,3800000,0,3484330,965878,3943359,3746,40617,resting
2026-07-24T19:54:06.265804,88,3949609,3821800,924033,Discharging,Good,370,3363350,3800000,3800000,0,3639859,924033,3949609,3649,40445,resting
2026-07-24T19:54:16.348581,88,3948046,3826444,953146,Discharging,Good,370,3361040,3800000,3800000,0,3526259,953146,3948046,3762,40304,resting
2026-07-24T19:54:26.448948,88,3951367,3831374,911142,Discharging,Good,370,3358719,3800000,3800000,0,3686273,911142,3951367,3600,40156,resting
2026-07-24T19:54:36.450953,88,3949218,3836316,939316,Discharging,Good,370,3356627,3800000,3800000,0,3573480,939316,3949218,3709,40078,resting
2026-07-24T19:54:46.452852,88,3948632,3841176,973312,Discharging,Good,370,3353847,3800000,3800000,0,3445808,973312,3948632,3842,40015,resting
2026-07-24T19:54:56.535347,88,3947265,3845799,984799,Discharging,Good,370,3351512,3800000,3800000,0,3403244,984799,3947265,3887,39953,resting
2026-07-24T19:55:06.618811,88,3951953,3851840,911289,Discharging,Good,370,3349170,3800000,3800000,0,3675200,911289,3951953,3601,39914,resting
2026-07-24T19:55:16.698647,88,3948632,3855881,966293,Discharging,Good,370,3346822,3800000,3800000,0,3463568,966293,3948632,3814,39867,resting
2026-07-24T19:55:26.700672,88,3951171,3858877,926828,Discharging,Good,370,3344749,3800000,3800000,0,3608813,926828,3951171,3662,39828,resting
2026-07-24T19:55:36.702727,87,3952148,3863087,912778,Discharging,Good,370,3341971,3800000,3800000,0,3661318,912778,3952148,3607,39773,resting
2026-07-24T19:55:46.704806,87,3947070,3866307,955515,Discharging,Good,370,3339318,3800000,3800000,0,3494783,955515,3947070,3770,39734,resting
2026-07-24T19:55:56.800521,87,3950585,3869337,911606,Discharging,Good,370,3336940,3800000,3800000,0,3660506,911606,3950585,3601,39695,resting
2026-07-24T19:56:06.883208,87,3951171,3872724,911472,Discharging,Good,370,3334842,3800000,3800000,0,3658743,911472,3951171,3601,39664,resting
2026-07-24T19:56:16.974696,87,3951171,3875267,914755,Discharging,Good,370,3332482,3800000,3800000,0,3643032,914755,3951171,3614,39640,resting
2026-07-24T19:56:26.976701,87,3950781,3877139,921628,Discharging,Good,370,3330417,3800000,3800000,0,3613623,921628,3950781,3641,39609,resting
2026-07-24T19:56:36.978678,87,3945898,3879296,974118,Discharging,Good,370,3328062,3800000,3800000,0,3416487,974118,3945898,3842,39585,resting
2026-07-24T19:56:47.036241,87,3945898,3881272,974387,Discharging,Good,370,3325429,3800000,3800000,0,3412842,974387,3945898,3843,39554,resting
2026-07-24T19:56:57.119211,87,3949218,3882922,928073,Discharging,Good,370,3322928,3800000,3800000,0,3580459,928073,3949218,3665,39531,resting
2026-07-24T19:57:07.202634,87,3950000,3884969,925327,Discharging,Good,370,3320577,3800000,3800000,0,3588544,925327,3950000,3654,39515,resting
2026-07-24T19:57:17.286604,87,3949023,3886373,919541,Discharging,Good,370,3318227,3800000,3800000,0,3608568,919541,3949023,3631,39500,resting
2026-07-24T19:57:27.288586,87,3949218,3887748,916477,Discharging,Good,370,3315884,3800000,3800000,0,3618076,916477,3949218,3619,39492,resting
2026-07-24T19:57:37.290557,87,3946093,3889266,945981,Discharging,Good,370,3313516,3800000,3800000,0,3502729,945981,3946093,3732,39460,resting
2026-07-24T19:57:47.367976,87,3948437,3890304,920603,Discharging,Good,370,3311116,3800000,3800000,0,3596681,920603,3948437,3634,39453,resting
2026-07-24T19:57:57.444357,87,3948046,3891425,919101,Discharging,Good,370,3308776,3800000,3800000,0,3600013,919101,3948046,3628,39460,resting
2026-07-24T19:58:07.531449,87,3948242,3892446,928732,Discharging,Good,370,3306696,3800000,3800000,0,3560441,928732,3948242,3666,39453,resting
2026-07-24T19:58:17.533483,86,3947851,3893197,917026,Discharging,Good,370,3304626,3800000,3800000,0,3603633,917026,3947851,3620,39445,resting
2026-07-24T19:58:27.535513,86,3947460,3893903,924631,Discharging,Good,370,3301886,3800000,3800000,0,3571031,924631,3947460,3649,39453,resting
2026-07-24T19:58:37.537442,86,3947265,3894274,917124,Discharging,Good,370,3299731,3800000,3800000,0,3597911,917124,3947265,3620,39460,resting
2026-07-24T19:58:47.623836,86,3942773,3894509,981162,Discharging,Good,370,3297385,3800000,3800000,0,3360693,981162,3942773,3868,39468,resting
2026-07-24T19:58:57.701878,86,3946875,3894898,915280,Discharging,Good,370,3294858,3800000,3800000,0,3599836,915280,3946875,3612,39468,resting
2026-07-24T19:59:07.703969,86,3945312,3895080,922324,Discharging,Good,370,3292569,3800000,3800000,0,3569861,922324,3945312,3638,39484,resting
2026-07-24T19:59:17.706003,86,3944921,3895360,918540,Discharging,Good,370,3289983,3800000,3800000,0,3581752,918540,3944921,3623,39484,resting
2026-07-24T19:59:27.707910,86,3940039,3895778,980942,Discharging,Good,370,3287340,3800000,3800000,0,3351207,980942,3940039,3863,39500,resting
2026-07-24T19:59:37.786210,86,3939648,3896262,993674,Discharging,Good,370,3285004,3800000,3800000,0,3305917,993674,3939648,3914,39515,resting
2026-07-24T19:59:47.879255,86,3944335,3896855,918357,Discharging,Good,370,3282667,3800000,3800000,0,3574499,918357,3944335,3622,39531,resting
2026-07-24T19:59:57.962574,86,3944531,3897144,922006,Discharging,Good,370,3280127,3800000,3800000,0,3557598,922006,3944531,3636,39539,resting
2026-07-24T20:00:08.049678,86,3942968,3897275,918820,Discharging,Good,370,3277878,3800000,3800000,0,3567486,918820,3942968,3622,39570,resting
2026-07-24T20:00:18.051681,86,3943750,3897448,917893,Discharging,Good,370,3275530,3800000,3800000,0,3568531,917893,3943750,3619,39570,resting
2026-07-24T20:00:28.053671,86,3938867,3897715,983078,Discharging,Good,370,3272872,3800000,3800000,0,3329208,983078,3938867,3871,39585,resting
2026-07-24T20:00:38.137465,86,3943554,3897843,915207,Discharging,Good,370,3270474,3800000,3800000,0,3573480,915207,3943554,3609,39601,resting
2026-07-24T20:00:48.218016,86,3942968,3898019,925693,Discharging,Good,370,3268355,3800000,3800000,0,3530711,925693,3942968,3650,39617,resting
2026-07-24T20:00:58.299968,85,3942773,3898223,919834,Discharging,Good,370,3265958,3800000,3800000,0,3550594,919834,3942773,3626,39625,resting
2026-07-24T20:01:08.386974,85,3941601,3898501,923142,Discharging,Good,370,3263892,3800000,3800000,0,3535633,923142,3941601,3638,39601,resting
2026-07-24T20:01:18.388900,85,3941992,3898711,922568,Discharging,Good,370,3261445,3800000,3800000,0,3535181,922568,3941992,3636,39562,resting
2026-07-24T20:01:28.390761,85,3941601,3899074,923142,Discharging,Good,370,3258796,3800000,3800000,0,3530113,923142,3941601,3638,39539,resting
2026-07-24T20:01:38.472056,85,3936328,3899433,985605,Discharging,Good,370,3256424,3800000,3800000,0,3303984,985605,3936328,3879,39507,resting
2026-07-24T20:01:48.555371,85,3941406,3899673,922836,Discharging,Good,370,3254270,3800000,3800000,0,3526379,922836,3941406,3622,39492,resting
2026-07-24T20:01:58.655526,85,3936914,3899866,972763,Discharging,Good,370,3251918,3800000,3800000,0,3342970,972763,3936914,3829,39492,resting
2026-07-24T20:02:08.657517,85,3940820,3899979,918234,Discharging,Good,370,3249829,3800000,3800000,0,3539216,918234,3940820,3618,39484,resting
2026-07-24T20:02:18.659473,85,3935546,3900081,978781,Discharging,Good,370,3247441,3800000,3800000,0,3317842,978781,3935546,3851,39476,resting
2026-07-24T20:02:28.661443,85,3940039,3900255,920212,Discharging,Good,370,3244855,3800000,3800000,0,3526203,920212,3940039,3625,39484,resting
2026-07-24T20:02:38.748427,85,3939648,3900464,920505,Discharging,Good,370,3242517,3800000,3800000,0,3522541,920505,3939648,3626,39476,resting
2026-07-24T20:02:48.832080,85,3939843,3900682,917624,Discharging,Good,370,3240690,3800000,3800000,0,3531609,917624,3939843,3615,39484,resting
2026-07-24T20:02:58.914674,85,3939062,3900727,919821,Discharging,Good,370,3238356,3800000,3800000,0,3520637,919821,3939062,3623,39500,resting
2026-07-24T20:03:08.916682,85,3937695,3900596,920786,Discharging,Good,370,3236256,3800000,3800000,0,3514666,920786,3937695,3625,39507,resting
2026-07-24T20:03:18.918712,85,3938671,3900139,922043,Discharging,Good,370,3233482,3800000,3800000,0,3506866,922043,3938671,3631,39515,resting
2026-07-24T20:03:28.971269,85,3938476,3899892,918320,Discharging,Good,370,3230899,3800000,3800000,0,3518271,918320,3938476,3616,39523,resting
2026-07-24T20:03:39.047589,84,3932226,3899855,988095,Discharging,Good,370,3228489,3800000,3800000,0,3267387,988095,3932226,3885,39546,resting
2026-07-24T20:03:49.132025,84,3937890,3899812,919235,Discharging,Good,370,3226394,3800000,3800000,0,3509868,919235,3937890,3619,39562,resting
2026-07-24T20:03:59.219068,84,3937890,3899774,921713,Discharging,Good,370,3224041,3800000,3800000,0,3497879,921713,3937890,3629,39578,resting
2026-07-24T20:04:09.220801,84,3864843,3899293,1848078,Discharging,Good,370,3220944,3800000,3800000,0,1742861,1848078,3864843,7141,39625,resting
2026-07-24T20:04:19.222520,84,3843945,3895986,2030707,Discharging,Good,370,3216467,3800000,3800000,0,1583914,2030707,3843945,7805,39804,resting
2026-07-24T20:04:29.306432,84,3863085,3891285,1751655,Discharging,Good,370,3211657,3800000,3800000,0,1833498,1751655,3863085,6765,39843,resting
2026-07-24T20:04:39.389331,84,3862500,3885985,1715486,Discharging,Good,370,3207362,3800000,3800000,0,1869652,1715486,3862500,6626,39562,resting
2026-07-24T20:04:49.470392,84,3862304,3880567,1693623,Discharging,Good,370,3203561,3800000,3800000,0,1891543,1693623,3862304,6541,38953,resting
2026-07-24T20:04:59.550482,84,3864062,3875178,1663362,Discharging,Good,370,3199304,3800000,3800000,0,1923396,1663362,3864062,6427,38109,resting
2026-07-24T20:05:09.552220,84,3855664,3869706,1772126,Discharging,Good,370,3195447,3800000,3800000,0,1803171,1772126,3855664,6831,37484,resting
2026-07-24T20:05:19.553921,83,3856640,3864418,1704500,Discharging,Good,370,3191646,3800000,3800000,0,1872482,1704500,3856640,6572,37062,resting
2026-07-24T20:05:29.555580,83,3860937,3859522,1681160,Discharging,Good,370,3186979,3800000,3800000,0,1895702,1681160,3860937,6490,36812,resting
2026-07-24T20:05:39.638747,83,3852929,3854981,1743733,Discharging,Good,370,3182744,3800000,3800000,0,1825247,1743733,3852929,6718,36734,resting
2026-07-24T20:05:49.724757,83,3901367,3851540,1134250,Discharging,Good,370,3179537,3800000,3800000,0,2803206,1134250,3901367,4423,36695,resting
2026-07-24T20:05:59.802553,83,3926562,3851218,854135,Discharging,Good,370,3177165,3800000,3800000,0,3719745,854135,3926562,3353,36625,resting
2026-07-24T20:06:09.887646,83,3928320,3851077,847348,Discharging,Good,370,3174812,3800000,3800000,0,3746762,847348,3928320,3328,36617,resting
2026-07-24T20:06:19.974653,83,3931250,3851248,845127,Discharging,Good,370,3172462,3800000,3800000,0,3753828,845127,3931250,3322,36640,resting
2026-07-24T20:06:30.066522,83,3930859,3851493,852158,Discharging,Good,370,3170095,3800000,3800000,0,3720078,852158,3930859,3349,36710,resting
2026-07-24T20:06:40.143371,83,3931250,3851940,848630,Discharging,Good,370,3167738,3800000,3800000,0,3732766,848630,3931250,3336,36734,resting
2026-07-24T20:06:50.239333,83,3932617,3853352,847055,Discharging,Good,370,3165861,3800000,3800000,0,3737491,847055,3932617,3331,36796,resting
2026-07-24T20:07:00.323285,83,3888281,3853397,1406771,Discharging,Good,370,3161954,3800000,3800000,0,2247667,1406771,3888281,5468,36890,resting
2026-07-24T20:07:10.407953,83,3903320,3853485,1167233,Discharging,Good,370,3158712,3800000,3800000,0,2706153,1167233,3903320,4554,37039,resting
2026-07-24T20:07:20.487516,83,3927734,3854066,889707,Discharging,Good,370,3156770,3800000,3800000,0,3548100,889707,3927734,3494,37085,resting
2026-07-24T20:07:30.567995,83,3928320,3854364,862937,Discharging,Good,370,3154373,3800000,3800000,0,3655391,862937,3928320,3389,37125,resting
2026-07-24T20:07:40.652102,82,3851171,3854176,1872309,Discharging,Good,370,3149173,3800000,3800000,0,1681972,1872309,3851171,7208,37140,resting
2026-07-24T20:07:50.735259,82,3912890,3853883,1045395,Discharging,Good,370,3146437,3800000,3800000,0,3009806,1045395,3912890,4089,37203,resting
2026-07-24T20:08:00.814365,82,3912304,3853886,1035202,Discharging,Good,370,3143562,3800000,3800000,0,3036665,1035202,3912304,4049,37226,resting
2026-07-24T20:08:10.896975,82,3911718,3853943,1042624,Discharging,Good,370,3140666,3800000,3800000,0,3012270,1042624,3911718,4078,37242,resting
2026-07-24T20:08:20.898632,82,3912500,3854116,1037448,Discharging,Good,370,3138367,3800000,3800000,0,3025083,1037448,3912500,4058,37273,resting
2026-07-24T20:08:30.982901,82,3915234,3854344,969699,Discharging,Good,370,3135405,3800000,3800000,0,3233379,969699,3915234,3795,37289,resting
2026-07-24T20:08:41.062667,82,3926562,3854655,854538,Discharging,Good,370,3133032,3800000,3800000,0,3666346,854538,3926562,3355,37304,resting
2026-07-24T20:08:51.245349,82,3927734,3855717,849350,Discharging,Good,370,3130894,3800000,3800000,0,3686223,849350,3927734,3336,37281,resting
2026-07-24T20:09:01.321826,82,3927734,3856101,866513,Discharging,Good,370,3128488,3800000,3800000,0,3610434,866513,3927734,3403,37273,resting
2026-07-24T20:09:11.402710,82,3908984,3856287,1067648,Discharging,Good,370,3125523,3800000,3800000,0,2927484,1067648,3908984,4172,37273,resting
2026-07-24T20:09:21.486475,82,3909960,3856796,1069174,Discharging,Good,370,3123318,3800000,3800000,0,2921243,1069174,3909960,4179,37296,resting
2026-07-24T20:09:31.570383,82,3911523,3857240,1033603,Discharging,Good,370,3120447,3800000,3800000,0,3018999,1033603,3911523,4042,37304,resting
2026-07-24T20:09:41.663682,82,3905273,3857407,1110153,Discharging,Good,370,3117364,3800000,3800000,0,2808048,1110153,3905273,4335,37320,resting
2026-07-24T20:09:51.748080,81,3913671,3857714,986093,Discharging,Good,370,3114699,3800000,3800000,0,3158626,986093,3913671,3858,37328,resting
2026-07-24T20:10:01.749856,81,3905273,3857704,1084579,Discharging,Good,370,3111988,3800000,3800000,0,2869305,1084579,3905273,4234,37343,resting
2026-07-24T20:10:11.834725,81,3911718,3857629,1007736,Discharging,Good,370,3109189,3800000,3800000,0,3085320,1007736,3911718,3941,37398,resting
2026-07-24T20:10:21.926498,81,3910742,3857615,986533,Discharging,Good,370,3106449,3800000,3800000,0,3148854,986533,3910742,3857,37445,resting
2026-07-24T20:10:32.011986,81,3901171,3857538,1107260,Discharging,Good,370,3103726,3800000,3800000,0,2803068,1107260,3901171,4319,37507,resting
2026-07-24T20:10:42.094644,81,3900585,3857528,1106576,Discharging,Good,370,3100653,3800000,3800000,0,2802024,1106576,3900585,4316,37609,resting
2026-07-24T20:10:52.186329,81,3898632,3857448,1119589,Discharging,Good,370,3097544,3800000,3800000,0,2766679,1119589,3898632,4364,37703,resting
2026-07-24T20:11:02.269531,81,3914648,3857193,926169,Discharging,Good,370,3095311,3800000,3800000,0,3342058,926169,3914648,3625,37796,resting
2026-07-24T20:11:12.351681,81,3908984,3857601,1004819,Discharging,Good,370,3092917,3800000,3800000,0,3078083,1004819,3908984,3927,37859,resting
2026-07-24T20:11:22.438618,81,3910742,3858087,969589,Discharging,Good,370,3090446,3800000,3800000,0,3187377,969589,3910742,3791,37929,resting
2026-07-24T20:11:32.523970,81,3910351,3858345,1013193,Discharging,Good,370,3087953,3800000,3800000,0,3047744,1013193,3910351,3961,37984,resting
2026-07-24T20:11:42.525736,81,3832031,3856982,1909992,Discharging,Good,370,3083944,3800000,3800000,0,1614637,1909992,3832031,7317,38148,resting
2026-07-24T20:11:52.527464,81,3840039,3852023,1754280,Discharging,Good,370,3079448,3800000,3800000,0,1755391,1754280,3840039,6736,38351,resting
2026-07-24T20:12:02.554388,80,3835351,3844366,1773164,Discharging,Good,370,3074476,3800000,3800000,0,1733892,1773164,3835351,6800,38460,resting
2026-07-24T20:12:12.556159,80,3828710,3836389,1862519,Discharging,Good,370,3069866,3800000,3800000,0,1648233,1862519,3828710,7129,38492,resting
2026-07-24T20:12:22.557846,80,3828515,3828282,1832246,Discharging,Good,370,3065398,3800000,3800000,0,1673027,1832246,3828515,7013,38539,resting
2026-07-24T20:12:32.559601,80,3824218,3820517,1845686,Discharging,Good,370,3060889,3800000,3800000,0,1658401,1845686,3824218,7056,38601,resting
2026-07-24T20:12:42.561376,80,3823828,3813348,1865705,Discharging,Good,370,3056378,3800000,3800000,0,1638189,1865705,3823828,7132,38687,resting
2026-07-24T20:12:52.563108,80,3824218,3806868,1815364,Discharging,Good,370,3051877,3800000,3800000,0,1681137,1815364,3824218,6942,38789,resting
2026-07-24T20:13:02.564731,80,3828125,3800411,1756538,Discharging,Good,370,3046855,3800000,3800000,0,1734579,1756538,3828125,6724,38953,resting
2026-07-24T20:13:12.566463,80,3825000,3795135,1797480,Discharging,Good,370,3042297,3800000,3800000,0,1692534,1797480,3825000,6875,39062,resting
2026-07-24T20:13:22.568211,79,3818554,3789977,1827534,Discharging,Good,370,3037700,3800000,3800000,0,1662185,1827534,3818554,6977,39179,resting
2026-07-24T20:13:32.569918,79,3816992,3784995,1848847,Discharging,Good,370,3033073,3800000,3800000,0,1640521,1848847,3816992,7056,39304,resting
2026-07-24T20:13:42.571715,79,3814843,3780560,1844111,Discharging,Good,370,3028424,3800000,3800000,0,1642213,1844111,3814843,7035,39421,resting
2026-07-24T20:13:52.573463,79,3808789,3776459,1919746,Discharging,Good,370,3023688,3800000,3800000,0,1575045,1919746,3808789,7310,39546,resting
2026-07-24T20:14:02.575285,79,3807812,3771959,1919233,Discharging,Good,370,3018417,3800000,3800000,0,1572720,1919233,3807812,7306,39679,resting
2026-07-24T20:14:12.577036,79,3811523,3768292,1857710,Discharging,Good,370,3013765,3800000,3800000,0,1622301,1857710,3811523,7080,39820,resting
2026-07-24T20:14:22.578785,79,3811132,3765213,1854963,Discharging,Good,370,3009092,3800000,3800000,0,1622184,1854963,3811132,7069,39937,resting
2026-07-24T20:14:32.580618,79,3811718,3762476,1830195,Discharging,Good,370,3004390,3800000,3800000,0,1641568,1830195,3811718,6975,40054,resting
2026-07-24T20:14:42.582408,78,3807812,3759940,1877387,Discharging,Good,370,2999701,3800000,3800000,0,1597806,1877387,3807812,7148,40203,resting
2026-07-24T20:14:52.584148,78,3802734,3757467,1922785,Discharging,Good,370,2995004,3800000,3800000,0,1557638,1922785,3802734,6999,40343,resting
2026-07-24T20:15:02.586135,78,3802734,3754686,1888557,Discharging,Good,370,2989791,3800000,3800000,0,1583108,1888557,3802734,7180,40476,resting
2026-07-24T20:15:12.588096,78,3801367,3752289,1916303,Discharging,Good,370,2985090,3800000,3800000,0,1557733,1916303,3801367,7282,40585,resting
2026-07-24T20:15:22.589867,78,3802929,3749872,1894575,Discharging,Good,370,2980394,3800000,3800000,0,1573120,1894575,3802929,7204,40718,resting
2026-07-24T20:15:32.591604,78,3800195,3747532,1887605,Discharging,Good,370,2975710,3800000,3800000,0,1576447,1887605,3800195,7172,40828,resting
2026-07-24T20:15:42.593364,78,3798437,3745555,1928876,Discharging,Good,370,2970991,3800000,3800000,0,1540270,1928876,3798437,7325,40960,resting
2026-07-24T20:15:52.595092,78,3798437,3743680,1905756,Discharging,Good,370,2966238,3800000,3800000,0,1556462,1905756,3798437,7237,41085,resting
2026-07-24T20:16:02.596872,77,3801367,3741652,1876691,Discharging,Good,370,2960984,3800000,3800000,0,1577768,1876691,3801367,7133,41226,resting
2026-07-24T20:16:12.598783,77,3799609,3739869,1852082,Discharging,Good,370,2956233,3800000,3800000,0,1596167,1852082,3799609,7036,41343,resting
2026-07-24T20:16:22.600700,77,3796875,3738225,1877729,Discharging,Good,370,2951476,3800000,3800000,0,1571832,1877729,3796875,7129,41453,resting
2026-07-24T20:16:32.602427,77,3798828,3736571,1864289,Discharging,Good,370,2947273,3800000,3800000,0,1580909,1864289,3798828,7081,41617,resting
2026-07-24T20:16:42.604207,77,3803125,3735157,1814045,Discharging,Good,370,2942188,3800000,3800000,0,1621893,1814045,3803125,6899,41726,resting
2026-07-24T20:16:52.686451,77,3802148,3734075,1808259,Discharging,Good,370,2937108,3800000,3800000,0,1624273,1808259,3802148,6875,41882,resting
2026-07-24T20:17:02.688125,77,3801171,3732846,1780134,Discharging,Good,370,2932399,3800000,3800000,0,1647291,1780134,3801171,6766,42031,resting
2026-07-24T20:17:12.689835,77,3799218,3731872,1824030,Discharging,Good,370,2927824,3800000,3800000,0,1605140,1824030,3799218,6929,42156,resting
2026-07-24T20:17:22.691579,76,3799804,3731066,1808930,Discharging,Good,370,2923268,3800000,3800000,0,1616020,1808930,3799804,6873,42281,resting
2026-07-24T20:17:32.693246,76,3798437,3730519,1809321,Discharging,Good,370,2918671,3800000,3800000,0,1613130,1809321,3798437,6872,42414,resting
2026-07-24T20:17:42.694985,76,3798632,3729967,1790083,Discharging,Good,370,2914124,3800000,3800000,0,1627926,1790083,3798632,6799,42554,resting
2026-07-24T20:17:52.771638,76,3797460,3729304,1808650,Discharging,Good,370,2908991,3800000,3800000,0,1608376,1808650,3797460,6868,42695,resting
2026-07-24T20:18:02.773379,76,3791210,3728810,1869941,Discharging,Good,370,2904437,3800000,3800000,0,1553223,1869941,3791210,7087,42804,resting
2026-07-24T20:18:12.775076,76,3796093,3728219,1786738,Discharging,Good,370,2899814,3800000,3800000,0,1622965,1786738,3796093,6782,42968,resting
2026-07-24T20:18:22.776783,76,3797460,3727810,1771345,Discharging,Good,370,2895285,3800000,3800000,0,1634512,1771345,3797460,6726,43070,resting
2026-07-24T20:18:32.778520,76,3792773,3727406,1814521,Discharging,Good,370,2890747,3800000,3800000,0,1593118,1814521,3792773,6882,43171,resting
2026-07-24T20:18:42.780250,75,3794335,3727002,1810798,Discharging,Good,370,2886216,3800000,3800000,0,1593891,1810798,3794335,6870,43273,resting
2026-07-24T20:18:52.846591,75,3785742,3726493,1877680,Discharging,Good,370,2881124,3800000,3800000,0,1534406,1877680,3785742,7107,43367,resting
2026-07-24T20:19:02.848324,75,3792968,3726076,1786689,Discharging,Good,370,2876593,3800000,3800000,0,1610013,1786689,3792968,6776,43445,resting
2026-07-24T20:19:12.850074,75,3791015,3725676,1812483,Discharging,Good,370,2872071,3800000,3800000,0,1584605,1812483,3791015,6870,43507,resting
2026-07-24T20:19:22.851751,75,3790234,3725231,1817341,Discharging,Good,370,2867509,3800000,3800000,0,1577859,1817341,3790234,6888,43585,resting
2026-07-24T20:19:32.853524,75,3787109,3724917,1849214,Discharging,Good,370,2862915,3800000,3800000,0,1548179,1849214,3787109,7002,43640,resting
2026-07-24T20:19:42.855236,75,3786718,3724614,1815376,Discharging,Good,370,2858334,3800000,3800000,0,1574513,1815376,3786718,6874,43703,resting
2026-07-24T20:19:52.939705,75,3781835,3723917,1881196,Discharging,Good,370,2853212,3800000,3800000,0,1516701,1881196,3781835,7112,43789,resting
2026-07-24T20:20:02.941451,74,3785546,3723311,1819673,Discharging,Good,370,2848636,3800000,3800000,0,1565465,1819673,3785546,6888,43859,resting
2026-07-24T20:20:12.943160,74,3785742,3722662,1812397,Discharging,Good,370,2844085,3800000,3800000,0,1569239,1812397,3785742,6861,43921,resting
2026-07-24T20:20:22.944930,74,3782617,3722112,1854304,Discharging,Good,370,2839425,3800000,3800000,0,1531261,1854304,3782617,7012,43984,resting
2026-07-24T20:20:32.946658,74,3783984,3721287,1823261,Discharging,Good,370,2834816,3800000,3800000,0,1554805,1823261,3783984,6899,44039,resting
2026-07-24T20:20:42.948429,74,3786523,3720468,1770771,Discharging,Good,370,2830268,3800000,3800000,0,1598325,1770771,3786523,6705,44101,resting
2026-07-24T20:20:53.026424,74,3782421,3719673,1798860,Discharging,Good,370,2825188,3800000,3800000,0,1570543,1798860,3782421,6803,44171,resting
2026-07-24T20:21:03.028426,74,3780078,3718569,1842817,Discharging,Good,370,2820607,3800000,3800000,0,1530595,1842817,3780078,6964,44250,resting
2026-07-24T20:21:13.030149,74,3773632,3717559,1876423,Discharging,Good,370,2816039,3800000,3800000,0,1500748,1876423,3773632,7079,44320,resting
2026-07-24T20:21:23.031927,73,3776562,3716839,1863178,Discharging,Good,370,2811458,3800000,3800000,0,1508958,1863178,3776562,7035,44367,resting
2026-07-24T20:21:33.033623,73,3781054,3715989,1807783,Discharging,Good,370,2806857,3800000,3800000,0,1552651,1807783,3781054,6835,44414,resting
2026-07-24T20:21:43.114401,73,3775585,3714722,1843745,Discharging,Good,370,2801747,3800000,3800000,0,1519595,1843745,3775585,6960,44476,resting
2026-07-24T20:21:53.116274,73,3777929,3713522,1805488,Discharging,Good,370,2797114,3800000,3800000,0,1549228,1805488,3777929,6820,44523,resting
2026-07-24T20:22:03.118160,73,3774218,3712543,1858784,Discharging,Good,370,2792508,3800000,3800000,0,1502330,1858784,3774218,7013,44570,resting
2026-07-24T20:22:13.120302,73,3774023,3711769,1857539,Discharging,Good,370,2787949,3800000,3800000,0,1500883,1857539,3774023,7009,44609,resting
2026-07-24T20:22:23.121983,73,3774804,3711001,1836750,Discharging,Good,370,2783363,3800000,3800000,0,1515373,1836750,3774804,6933,44640,resting
2026-07-24T20:22:33.202535,73,3771093,3710217,1869990,Discharging,Good,370,2778269,3800000,3800000,0,1485713,1869990,3771093,7050,44679,resting
2026-07-24T20:22:43.204340,72,3774414,3709350,1791780,Discharging,Good,370,2773604,3800000,3800000,0,1547960,1791780,3774414,6762,44710,resting
2026-07-24T20:22:53.206115,72,3773632,3708498,1808174,Discharging,Good,370,2769026,3800000,3800000,0,1531393,1808174,3773632,6823,44742,resting
2026-07-24T20:23:03.207983,72,3769921,3707805,1843537,Discharging,Good,370,2764442,3800000,3800000,0,1499531,1843537,3769921,6948,44773,resting
2026-07-24T20:23:13.209730,72,3767187,3707039,1879389,Discharging,Good,370,2759859,3800000,3800000,0,1468487,1879389,3767187,7079,44812,resting
2026-07-24T20:23:23.290468,72,3772070,3705928,1795271,Discharging,Good,370,2754724,3800000,3800000,0,1534433,1795271,3772070,6771,44835,resting
2026-07-24T20:23:33.292253,72,3764257,3705279,1869782,Discharging,Good,370,2750139,3800000,3800000,0,1470834,1869782,3764257,7037,44882,resting
2026-07-24T20:23:43.374421,72,3763476,3704433,1896442,Discharging,Good,370,2745339,3800000,3800000,0,1447626,1896442,3763476,7136,44929,resting
2026-07-24T20:23:53.376095,72,3811914,3704104,1261202,Discharging,Good,370,2742012,3800000,3800000,0,2174125,1261202,3811914,4806,44906,resting
2026-07-24T20:24:03.378128,72,3832812,3707226,1057284,Discharging,Good,370,2739415,3800000,3800000,0,2590992,1057284,3832812,4051,44718,resting
2026-07-24T20:24:13.380157,72,3840234,3714112,977756,Discharging,Good,370,2736869,3800000,3800000,0,2799132,977756,3840234,3754,44507,resting
2026-07-24T20:24:23.381988,71,3842382,3721721,991940,Discharging,Good,370,2734044,3800000,3800000,0,2756259,991940,3842382,3811,44304,resting
2026-07-24T20:24:33.384022,71,3838867,3729809,1041049,Discharging,Good,370,2731551,3800000,3800000,0,2623844,1041049,3838867,3995,44085,resting
2026-07-24T20:24:43.386089,71,3844726,3737914,991049,Discharging,Good,370,2729051,3800000,3800000,0,2753699,991049,3844726,3810,43945,resting
2026-07-24T20:24:53.388354,71,3843750,3745569,993527,Discharging,Good,370,2726570,3800000,3800000,0,2744334,993527,3843750,3818,43820,resting
2026-07-24T20:25:03.390390,71,3840820,3752695,1039426,Discharging,Good,370,2724087,3800000,3800000,0,2620760,1039426,3840820,3991,43671,resting
2026-07-24T20:25:13.472158,71,3840820,3759442,1042160,Discharging,Good,370,2721122,3800000,3800000,0,2611040,1042160,3840820,4001,43554,resting
2026-07-24T20:25:23.474198,71,3845312,3764628,978610,Discharging,Good,370,2718598,3800000,3800000,0,2778019,978610,3845312,3763,43453,resting
2026-07-24T20:25:33.476378,71,3841406,3769414,1037240,Discharging,Good,370,2716098,3800000,3800000,0,2618582,1037240,3841406,3983,43351,resting
2026-07-24T20:25:43.478425,71,3845312,3773545,975693,Discharging,Good,370,2713591,3800000,3800000,0,2781193,975693,3845312,3751,43257,resting
2026-07-24T20:25:53.480486,71,3844921,3777227,983945,Discharging,Good,370,2711032,3800000,3800000,0,2755267,983945,3844921,3783,43171,resting
2026-07-24T20:26:03.561448,71,3845117,3780760,981540,Discharging,Good,370,2708283,3800000,3800000,0,2759218,981540,3845117,3774,43078,resting
2026-07-24T20:26:13.563333,71,3839843,3783471,1044504,Discharging,Good,370,2705694,3800000,3800000,0,2590410,1044504,3839843,4009,43007,resting
2026-07-24T20:26:23.565390,71,3840625,3786143,1049313,Discharging,Good,370,2703192,3800000,3800000,0,2576154,1049313,3840625,4029,42914,resting
2026-07-24T20:26:33.567445,71,3841601,3788316,1036557,Discharging,Good,370,2700715,3800000,3800000,0,2605466,1036557,3841601,3981,42781,resting
2026-07-24T20:26:43.569478,71,3845312,3790133,971506,Discharging,Good,370,2698225,3800000,3800000,0,2777363,971506,3845312,3735,42687,resting
2026-07-24T20:26:53.571545,70,3845507,3791874,968356,Discharging,Good,370,2695763,3800000,3800000,0,2783855,968356,3845507,3723,42593,resting
2026-07-24T20:27:03.658752,70,3840234,3793483,1024789,Discharging,Good,370,2692990,3800000,3800000,0,2627848,1024789,3840234,3934,42492,resting
2026-07-24T20:27:13.660696,70,3844335,3794705,967392,Discharging,Good,370,2690520,3800000,3800000,0,2781209,967392,3844335,3719,42375,resting
2026-07-24T20:27:23.662674,70,3840039,3795573,1026547,Discharging,Good,370,2687859,3800000,3800000,0,2618349,1026547,3840039,3940,42289,resting
2026-07-24T20:27:33.664675,70,3839843,3796314,1019443,Discharging,Good,370,2685402,3800000,3800000,0,2634185,1019443,3839843,3913,42187,resting
2026-07-24T20:27:43.666689,70,3843554,3797101,967404,Discharging,Good,370,2682923,3800000,3800000,0,2773322,967404,3843554,3718,42117,resting
2026-07-24T20:27:53.668432,70,3810351,3797328,1379012,Discharging,Good,370,2679959,3800000,3800000,0,1943390,1379012,3810351,5252,42070,resting
2026-07-24T20:28:03.738965,70,3831640,3796142,1111215,Discharging,Good,370,2676845,3800000,3800000,0,2408935,1111215,3831640,4257,42031,resting
2026-07-24T20:28:13.740870,70,3826757,3795200,1143954,Discharging,Good,370,2674119,3800000,3800000,0,2337610,1143954,3826757,4376,41960,resting
2026-07-24T20:28:23.742771,70,3825000,3794573,1186276,Discharging,Good,370,2671474,3800000,3800000,0,2251983,1186276,3825000,4536,41835,resting
2026-07-24T20:28:33.826580,70,3825585,3794402,1138498,Discharging,Good,370,2668285,3800000,3800000,0,2343688,1138498,3825585,4354,41625,resting
2026-07-24T20:28:43.913519,70,3829492,3794279,1067441,Discharging,Good,370,2665320,3800000,3800000,0,2496924,1067441,3829492,4087,41406,resting
2026-07-24T20:28:54.006587,70,3831445,3793896,1056418,Discharging,Good,370,2662975,3800000,3800000,0,2520758,1056418,3831445,4047,41140,resting
2026-07-24T20:29:04.088054,70,3831835,3793756,1038937,Discharging,Good,370,2660090,3800000,3800000,0,2560395,1038937,3831835,3981,40867,resting
2026-07-24T20:29:14.170648,69,3841601,3793720,912680,Discharging,Good,370,2657555,3800000,3800000,0,2911814,912680,3841601,3506,40632,resting
2026-07-24T20:29:24.258657,69,3833007,3793616,1023703,Discharging,Good,370,2655031,3800000,3800000,0,2593555,1023703,3833007,3923,40382,resting
2026-07-24T20:29:34.345888,69,3841406,3793645,921115,Discharging,Good,370,2652473,3800000,3800000,0,2879632,921115,3841406,3538,40109,resting
2026-07-24T20:29:44.439022,69,3842382,3793721,918076,Discharging,Good,370,2649923,3800000,3800000,0,2886387,918076,3842382,3527,39914,resting
2026-07-24T20:29:54.526055,69,3808984,3794082,1350155,Discharging,Good,370,2647003,3800000,3800000,0,1960517,1350155,3808984,5142,39718,resting
2026-07-24T20:30:04.617869,69,3832031,3794050,1020846,Discharging,Good,370,2644410,3800000,3800000,0,2590410,1020846,3832031,3911,39570,resting
2026-07-24T20:30:14.700360,69,3839843,3794089,922226,Discharging,Good,370,2641849,3800000,3800000,0,2864643,922226,3839843,3541,39421,resting
2026-07-24T20:30:24.778678,69,3832617,3794048,1024118,Discharging,Good,370,2639293,3800000,3800000,0,2577137,1024118,3832617,3925,39296,resting
2026-07-24T20:30:34.874643,69,3831054,3793865,1035007,Discharging,Good,370,2636418,3800000,3800000,0,2547246,1035007,3831054,3965,39171,resting
2026-07-24T20:30:44.967998,69,3840234,3793800,912717,Discharging,Good,370,2633883,3800000,3800000,0,2885760,912717,3840234,3504,39054,resting
2026-07-24T20:30:55.056646,69,3831250,3793570,1020370,Discharging,Good,370,2631657,3800000,3800000,0,2579120,1020370,3831250,3909,38953,resting
2026-07-24T20:31:05.153385,69,3834765,3793576,968991,Discharging,Good,370,2628966,3800000,3800000,0,2713096,968991,3834765,3715,38820,resting
2026-07-24T20:31:15.249009,69,3830664,3793528,1028622,Discharging,Good,370,2626109,3800000,3800000,0,2553036,1028622,3830664,3940,38734,resting
2026-07-24T20:31:25.346625,69,3829882,3793303,1020029,Discharging,Good,370,2623561,3800000,3800000,0,2572045,1020029,3829882,3924,38664,resting
2026-07-24T20:31:35.424008,68,3829492,3793090,1020456,Discharging,Good,370,2620727,3800000,3800000,0,2568192,1020456,3829492,3907,38585,resting
2026-07-24T20:31:45.500628,68,3837304,3793010,918564,Discharging,Good,370,2618176,3800000,3800000,0,2850292,918564,3837304,3524,38515,resting
2026-07-24T20:31:55.579624,68,3829101,3792866,1016183,Discharging,Good,370,2615750,3800000,3800000,0,2574093,1016183,3829101,3891,38445,resting
2026-07-24T20:32:05.666260,68,3836328,3792780,910337,Discharging,Good,370,2613222,3800000,3800000,0,2870609,910337,3836328,3492,38375,resting
2026-07-24T20:32:15.761522,68,3827734,3792676,1014633,Discharging,Good,370,2610404,3800000,3800000,0,2572756,1014633,3827734,3883,38312,resting
2026-07-24T20:32:25.842430,68,3826953,3792340,1018552,Discharging,Good,370,2607855,3800000,3800000,0,2560355,1018552,3826953,3897,38265,resting
2026-07-24T20:32:35.926325,68,3801562,3792112,1315548,Discharging,Good,370,2604201,3800000,3800000,0,1979556,1315548,3801562,5000,38218,resting
2026-07-24T20:32:46.012866,68,3815039,3791809,1129049,Discharging,Good,370,2601065,3800000,3800000,0,2303766,1129049,3815039,4307,38210,resting
2026-07-24T20:32:56.089807,68,3827539,3790987,967355,Discharging,Good,370,2598351,3800000,3800000,0,2686036,967355,3827539,3702,38187,resting
2026-07-24T20:33:06.176393,68,3815039,3790658,1133627,Discharging,Good,370,2595203,3800000,3800000,0,2289291,1133627,3815039,4324,38140,resting
2026-07-24T20:33:16.258454,68,3749218,3789470,1954243,Discharging,Good,370,2591797,3800000,3800000,0,1326240,1954243,3749218,7326,38140,resting
2026-07-24T20:33:26.260211,68,3742773,3785062,1945368,Discharging,Good,370,2586964,3800000,3800000,0,1329807,1945368,3742773,7281,38304,resting
2026-07-24T20:33:36.276716,67,3741601,3779695,1919196,Discharging,Good,370,2581607,3800000,3800000,0,1345150,1919196,3741601,7180,38468,resting
2026-07-24T20:33:46.360223,67,3746875,3773424,1806269,Discharging,Good,370,2576949,3800000,3800000,0,1426669,1806269,3746875,6767,38562,resting
2026-07-24T20:33:56.443176,67,3744531,3766707,1806086,Discharging,Good,370,2572193,3800000,3800000,0,1424180,1806086,3744531,6762,38648,resting
2026-07-24T20:34:06.526982,67,3731445,3759806,1942243,Discharging,Good,370,2567151,3800000,3800000,0,1321745,1942243,3731445,7247,38750,resting
2026-07-24T20:34:16.528743,67,3735546,3752874,1887336,Discharging,Good,370,2562371,3800000,3800000,0,1357665,1887336,3735546,7049,38835,resting
2026-07-24T20:34:26.530476,67,3727539,3746196,1952094,Discharging,Good,370,2557043,3800000,3800000,0,1309897,1952094,3727539,7276,38937,resting
2026-07-24T20:34:36.614599,67,3728515,3738655,1942768,Discharging,Good,370,2552312,3800000,3800000,0,1313750,1942768,3728515,7243,39000,resting
2026-07-24T20:34:46.698400,67,3734375,3732850,1847395,Discharging,Good,370,2547628,3800000,3800000,0,1379038,1847395,3734375,6898,39046,resting
2026-07-24T20:34:56.783913,66,3732226,3727231,1828925,Discharging,Good,370,2542826,3800000,3800000,0,1390339,1828925,3732226,6825,39109,resting
2026-07-24T20:35:06.785596,66,3730078,3721825,1869062,Discharging,Good,370,2538584,3800000,3800000,0,1358212,1869062,3730078,6971,39148,resting
2026-07-24T20:35:16.787256,66,3723437,3716664,1943720,Discharging,Good,370,2533295,3800000,3800000,0,1303323,1943720,3723437,7235,39171,resting
2026-07-24T20:35:26.870635,66,3719335,3711742,1961017,Discharging,Good,370,2527874,3800000,3800000,0,1289062,1961017,3719335,7293,39226,resting
2026-07-24T20:35:36.956938,66,3728320,3706112,1822383,Discharging,Good,370,2523063,3800000,3800000,0,1384485,1822383,3728320,6793,39257,resting
2026-07-24T20:35:47.039388,66,3717773,3701895,1947883,Discharging,Good,370,2518317,3800000,3800000,0,1292848,1947883,3717773,7241,39273,resting
2026-07-24T20:35:57.124490,66,3717773,3698053,1934858,Discharging,Good,370,2513508,3800000,3800000,0,1299065,1934858,3717773,7193,39296,resting
2026-07-24T20:36:07.126218,66,3720507,3695170,1893549,Discharging,Good,370,2509282,3800000,3800000,0,1325174,1893549,3720507,7043,39320,resting
2026-07-24T20:36:17.127931,65,3712890,3691586,1963715,Discharging,Good,370,2503931,3800000,3800000,0,1275098,1963715,3712890,7291,39335,resting
2026-07-24T20:36:27.210959,65,3712500,3688309,1961884,Discharging,Good,370,2498602,3800000,3800000,0,1273572,1961884,3712500,7283,39359,resting
2026-07-24T20:36:37.296436,65,3710351,3684369,1989179,Discharging,Good,370,2493702,3800000,3800000,0,1253633,1989179,3710351,7380,39390,resting
2026-07-24T20:36:47.382211,65,3713867,3681248,1919709,Discharging,Good,370,2488929,3800000,3800000,0,1296513,1919709,3713867,7129,39406,resting
2026-07-24T20:36:57.468087,65,3707812,3677970,1981952,Discharging,Good,370,2484087,3800000,3800000,0,1253353,1981952,3707812,7359,39421,resting
2026-07-24T20:37:07.469796,65,3707421,3674135,1956721,Discharging,Good,370,2479701,3800000,3800000,0,1267273,1956721,3707421,7254,39437,resting
2026-07-24T20:37:17.471545,65,3707226,3670954,1958796,Discharging,Good,370,2474101,3800000,3800000,0,1263072,1958796,3707226,7261,39453,resting
2026-07-24T20:37:27.554386,64,3705273,3667729,1970307,Discharging,Good,370,2469133,3800000,3800000,0,1253171,1970307,3705273,7300,39492,resting
2026-07-24T20:37:37.634425,64,3704296,3664804,1981843,Discharging,Good,370,2464789,3800000,3800000,0,1243685,1981843,3704296,7340,39500,resting
2026-07-24T20:37:47.714397,64,3708398,3662128,1893488,Discharging,Good,370,2459931,3800000,3800000,0,1299153,1893488,3708398,7021,39500,resting
2026-07-24T20:37:57.794446,64,3700195,3659676,1988422,Discharging,Good,370,2454842,3800000,3800000,0,1234567,1988422,3700195,7357,39523,resting
2026-07-24T20:38:07.796197,64,3703710,3657444,1956513,Discharging,Good,370,2450556,3800000,3800000,0,1252511,1956513,3703710,7245,39539,resting
2026-07-24T20:38:17.797920,64,3696875,3655279,1993256,Discharging,Good,370,2444916,3800000,3800000,0,1226594,1993256,3696875,7368,39578,resting
2026-07-24T20:38:27.878678,64,3703906,3653105,1897248,Discharging,Good,370,2439948,3800000,3800000,0,1286045,1897248,3703906,7027,39601,resting
2026-07-24T20:38:37.962441,64,3695703,3650538,2002485,Discharging,Good,370,2435615,3800000,3800000,0,1216296,2002485,3695703,7400,39617,resting
2026-07-24T20:38:48.042447,63,3703710,3648559,1890180,Discharging,Good,370,2430799,3800000,3800000,0,1286014,1890180,3703710,7000,39632,resting
2026-07-24T20:38:58.122384,63,3695312,3646705,1981989,Discharging,Good,370,2425840,3800000,3800000,0,1223942,1981989,3695312,7323,39648,resting
2026-07-24T20:39:08.124088,63,3692382,3644586,1984748,Discharging,Good,370,2420935,3800000,3800000,0,1219769,1984748,3692382,7328,39671,resting
2026-07-24T20:39:18.126062,63,3693359,3642807,1976496,Discharging,Good,370,2415457,3800000,3800000,0,1222090,1976496,3693359,7299,39671,resting
2026-07-24T20:39:28.206420,63,3691796,3641246,1996576,Discharging,Good,370,2410602,3800000,3800000,0,1207368,1996576,3691796,7370,39679,resting
2026-07-24T20:39:38.286434,63,3697656,3639472,1898750,Discharging,Good,370,2406159,3800000,3800000,0,1267233,1898750,3697656,7020,39734,resting
2026-07-24T20:39:48.366440,63,3683789,3637875,2078546,Discharging,Good,370,2401133,3800000,3800000,0,1155198,2078546,3683789,7656,39765,resting
2026-07-24T20:39:58.368192,63,3695898,3636638,1899360,Discharging,Good,370,2396842,3800000,3800000,0,1261920,1899360,3695898,7019,39781,resting
2026-07-24T20:40:08.369951,62,3687109,3635161,2013251,Discharging,Good,370,2391959,3800000,3800000,0,1188107,2013251,3687109,7423,39804,resting
2026-07-24T20:40:18.371758,62,3685742,3633698,1995795,Discharging,Good,370,2386491,3800000,3800000,0,1195759,1995795,3685742,7355,39828,resting
2026-07-24T20:40:28.454384,62,3686718,3632009,1963508,Discharging,Good,370,2381468,3800000,3800000,0,1212863,1963508,3686718,7238,39859,resting
2026-07-24T20:40:38.534403,62,3687500,3630206,1959174,Discharging,Good,370,2376561,3800000,3800000,0,1213042,1959174,3687500,7224,39875,resting
2026-07-24T20:40:48.614359,62,3696679,3628852,1835932,Discharging,Good,370,2371662,3800000,3800000,0,1291802,1835932,3696679,6786,39882,resting
2026-07-24T20:40:58.616093,62,3686328,3627948,1959504,Discharging,Good,370,2366880,3800000,3800000,0,1207897,1959504,3686328,7223,39890,resting
2026-07-24T20:41:08.617777,62,3687304,3626077,1931806,Discharging,Good,370,2361413,3800000,3800000,0,1222386,1931806,3687304,7121,39890,resting
2026-07-24T20:41:18.698434,62,3692382,3624847,1852094,Discharging,Good,370,2356513,3800000,3800000,0,1272350,1852094,3692382,6838,39898,resting
2026-07-24T20:41:28.778408,61,3690234,3623570,1861872,Discharging,Good,370,2351669,3800000,3800000,0,1263066,1861872,3690234,6870,39898,resting
2026-07-24T20:41:38.862661,61,3691210,3622563,1836604,Discharging,Good,370,2347438,3800000,3800000,0,1278140,1836604,3691210,6779,39890,resting
2026-07-24T20:41:48.946424,61,3679101,3621544,1995075,Discharging,Good,370,2342588,3800000,3800000,0,1174185,1995075,3679101,7340,39906,resting
2026-07-24T20:41:58.948143,61,3683789,3620639,1907795,Discharging,Good,370,2338229,3800000,3800000,0,1225618,1907795,3683789,7026,39898,resting
2026-07-24T20:42:09.030383,61,3675781,3619483,2004438,Discharging,Good,370,2332793,3800000,3800000,0,1163813,2004438,3675781,7367,39906,resting
2026-07-24T20:42:19.032085,61,3680468,3618589,1957123,Discharging,Good,370,2327952,3800000,3800000,0,1189476,1957123,3680468,7201,39906,resting
2026-07-24T20:42:29.114452,61,3676171,3617700,1992878,Discharging,Good,370,2323058,3800000,3800000,0,1165679,1992878,3676171,7326,39914,resting
2026-07-24T20:42:39.116088,61,3675000,3616642,1972577,Discharging,Good,370,2318673,3800000,3800000,0,1175453,1972577,3675000,7247,39921,resting
2026-07-24T20:42:49.198421,60,3681835,3615412,1889814,Discharging,Good,370,2313216,3800000,3800000,0,1224044,1889814,3681835,6957,39929,resting
2026-07-24T20:42:59.200141,60,3672851,3614573,1991449,Discharging,Good,370,2308194,3800000,3800000,0,1159052,1991449,3672851,7313,39945,resting
2026-07-24T20:43:09.202395,60,3682226,3613697,1847370,Discharging,Good,370,2302726,3800000,3800000,0,1246488,1847370,3682226,6802,39953,resting
2026-07-24T20:43:19.282410,60,3678710,3612479,1894209,Discharging,Good,370,2297769,3800000,3800000,0,1213049,1894209,3678710,6968,39945,resting
2026-07-24T20:43:29.362470,60,3666992,3611543,2027094,Discharging,Good,370,2292721,3800000,3800000,0,1131038,2027094,3666992,7433,39960,resting
2026-07-24T20:43:39.443638,60,3665820,3610450,2027008,Discharging,Good,370,2287718,3800000,3800000,0,1128618,2027008,3665820,7430,39976,resting
2026-07-24T20:43:49.445357,60,3663867,3609208,2023554,Discharging,Good,370,2283219,3800000,3800000,0,1128321,2023554,3663867,7414,40007,resting
2026-07-24T20:43:59.447097,59,3663671,3607819,2011298,Discharging,Good,370,2277676,3800000,3800000,0,1132440,2011298,3663671,7368,40039,resting
2026-07-24T20:44:09.516977,59,3668359,3606603,1958588,Discharging,Good,370,2272172,3800000,3800000,0,1160107,1958588,3668359,7183,40062,resting
2026-07-24T20:44:19.598491,59,3658984,3605469,2048517,Discharging,Good,370,2267698,3800000,3800000,0,1106994,2048517,3658984,7495,40093,resting
2026-07-24T20:44:29.682450,59,3660351,3604360,2025153,Discharging,Good,370,2262731,3800000,3800000,0,1117313,2025153,3660351,7412,40117,resting
2026-07-24T20:44:39.762384,59,3660937,3603260,2009113,Discharging,Good,370,2257806,3800000,3800000,0,1123782,2009113,3660937,7355,40140,resting
2026-07-24T20:44:49.764159,59,3664648,3601962,1947333,Discharging,Good,370,2253403,3800000,3800000,0,1157173,1947333,3664648,7135,40164,resting
2026-07-24T20:44:59.765850,59,3653515,3600820,2075812,Discharging,Good,370,2247763,3800000,3800000,0,1082835,2075812,3653515,7582,40203,resting
2026-07-24T20:45:09.818397,59,3663867,3599803,1955036,Discharging,Good,370,2242862,3800000,3800000,0,1147222,1955036,3663867,7162,40226,resting
2026-07-24T20:45:19.898412,58,3665429,3598791,1892292,Discharging,Good,370,2238605,3800000,3800000,0,1183012,1892292,3665429,6936,40234,resting
2026-07-24T20:45:29.978437,58,3657031,3597903,2007367,Discharging,Good,370,2233493,3800000,3800000,0,1112648,2007367,3657031,7340,40273,resting
2026-07-24T20:45:40.058456,58,3665234,3596831,1891157,Discharging,Good,370,2228605,3800000,3800000,0,1178434,1891157,3665234,6931,40273,resting
2026-07-24T20:45:50.060146,58,3655078,3595806,1992927,Discharging,Good,370,2224110,3800000,3800000,0,1116001,1992927,3655078,7283,40289,resting
2026-07-24T20:46:00.061825,58,3658203,3594684,1987616,Discharging,Good,370,2218542,3800000,3800000,0,1116182,1987616,3658203,7269,40304,resting
2026-07-24T20:46:10.142438,58,3654492,3593512,1995722,Discharging,Good,370,2213465,3800000,3800000,0,1109104,1995722,3654492,7293,40304,resting
2026-07-24T20:46:20.226443,58,3660546,3592221,1886457,Discharging,Good,370,2209048,3800000,3800000,0,1171003,1886457,3660546,6905,40312,resting
2026-07-24T20:46:30.306444,58,3649414,3591043,2035187,Discharging,Good,370,2204075,3800000,3800000,0,1082984,2035187,3649414,7427,40320,resting
2026-07-24T20:46:40.390429,57,3660351,3589890,1912824,Discharging,Good,370,2199115,3800000,3800000,0,1149669,1912824,3660351,7001,40312,resting
2026-07-24T20:46:50.392124,57,3648632,3589034,2018744,Discharging,Good,370,2195209,3800000,3800000,0,1087413,2018744,3648632,7365,40320,resting
2026-07-24T20:47:00.393843,57,3643750,3587792,2039521,Discharging,Good,370,2189589,3800000,3800000,0,1073580,2039521,3643750,7430,40335,resting
2026-07-24T20:47:10.442791,57,3657421,3586859,1871076,Discharging,Good,370,2184066,3800000,3800000,0,1167278,1871076,3657421,6843,40320,resting
2026-07-24T20:47:20.526429,57,3658203,3585669,1874458,Discharging,Good,370,2179268,3800000,3800000,0,1162612,1874458,3658203,6856,40304,resting
2026-07-24T20:47:30.610384,57,3653515,3584937,1902912,Discharging,Good,370,2174368,3800000,3800000,0,1142652,1902912,3653515,6951,40296,resting
2026-07-24T20:47:40.695824,57,3646093,3584064,1996088,Discharging,Good,370,2169454,3800000,3800000,0,1086852,1996088,3646093,7277,40281,resting
2026-07-24T20:47:50.697523,56,3650585,3583153,1927167,Discharging,Good,370,2165183,3800000,3800000,0,1123505,1927167,3650585,7033,40281,resting
2026-07-24T20:48:00.699160,56,3645312,3582250,1988910,Discharging,Good,370,2159570,3800000,3800000,0,1085805,1988910,3645312,7250,40257,resting
2026-07-24T20:48:10.782443,56,3653320,3581053,1868244,Discharging,Good,370,2153957,3800000,3800000,0,1152931,1868244,3653320,6825,40250,resting
2026-07-24T20:48:20.866530,56,3641601,3580067,2005121,Discharging,Good,370,2150176,3800000,3800000,0,1072342,2005121,3641601,7301,40218,resting
2026-07-24T20:48:30.950521,56,3650585,3579423,1882160,Discharging,Good,370,2145279,3800000,3800000,0,1139796,1882160,3650585,6870,40210,resting
2026-07-24T20:48:41.034756,56,3648828,3578818,1900434,Discharging,Good,370,2140367,3800000,3800000,0,1126251,1900434,3648828,6934,40203,resting
2026-07-24T20:48:51.118366,56,3649023,3578290,1885224,Discharging,Good,370,2135999,3800000,3800000,0,1133021,1885224,3649023,6879,40187,resting
2026-07-24T20:49:01.120030,56,3640039,3577801,1996308,Discharging,Good,370,2131059,3800000,3800000,0,1067500,1996308,3640039,7266,40164,resting
2026-07-24T20:49:11.121848,55,3646093,3577202,1913056,Discharging,Good,370,2125517,3800000,3800000,0,1111058,1913056,3646093,6975,40171,resting
2026-07-24T20:49:21.203523,55,3633984,3576484,2045221,Discharging,Good,370,2121111,3800000,3800000,0,1037106,2045221,3633984,7431,40140,resting
2026-07-24T20:49:31.286382,55,3635546,3575845,2004303,Discharging,Good,370,2116103,3800000,3800000,0,1055779,2004303,3635546,7286,40148,resting
2026-07-24T20:49:41.366431,55,3643750,3575154,1891621,Discharging,Good,370,2111215,3800000,3800000,0,1116087,1891621,3643750,6892,40125,resting
2026-07-24T20:49:51.450938,55,3630468,3574249,2029657,Discharging,Good,370,2106770,3800000,3800000,0,1037993,2029657,3630468,7368,40117,resting
2026-07-24T20:50:01.452635,55,3641992,3573451,1885127,Discharging,Good,370,2101743,3800000,3800000,0,1114907,1885127,3641992,6865,40117,resting
2026-07-24T20:50:11.454734,55,3637695,3572625,1927973,Discharging,Good,370,2096225,3800000,3800000,0,1087268,1927973,3637695,7013,40109,resting
2026-07-24T20:50:21.538487,55,3638671,3571839,1903107,Discharging,Good,370,2091312,3800000,3800000,0,1098893,1903107,3638671,6924,40101,resting
2026-07-24T20:50:31.622381,54,3629687,3570881,2012482,Discharging,Good,370,2086122,3800000,3800000,0,1036591,2012482,3629687,7304,40101,resting
2026-07-24T20:50:41.703465,54,3632617,3569767,1907038,Discharging,Good,370,2081063,3800000,3800000,0,1091254,1907038,3632617,6935,40085,resting
2026-07-24T20:50:51.787271,54,3626562,3568728,2022614,Discharging,Good,370,2077261,3800000,3800000,0,1027018,2022614,3626562,7335,40078,resting
2026-07-24T20:51:01.789032,54,3633398,3567868,1935200,Discharging,Good,370,2072827,3800000,3800000,0,1071117,1935200,3633398,7030,40070,resting
2026-07-24T20:51:11.790802,54,3635742,3566876,1888471,Discharging,Good,370,2067323,3800000,3800000,0,1094707,1888471,3635742,6865,40078,resting
2026-07-24T20:51:21.792635,54,3623828,3566003,2038764,Discharging,Good,370,2062270,3800000,3800000,0,1011529,2038764,3623828,7387,40078,resting
2026-07-24T20:51:31.874494,54,3633984,3565030,1891633,Discharging,Good,370,2056771,3800000,3800000,0,1087299,1891633,3633984,6873,40078,resting
2026-07-24T20:51:41.958412,53,3621679,3564203,2023456,Discharging,Good,370,2051779,3800000,3800000,0,1013997,2023456,3621679,7328,40062,resting
2026-07-24T20:51:51.960129,53,3630859,3563405,1902253,Discharging,Good,370,2047486,3800000,3800000,0,1076347,1902253,3630859,6906,40062,resting
2026-07-24T20:52:01.961902,53,3620117,3562637,2020307,Discharging,Good,370,2042452,3800000,3800000,0,1010961,2020307,3620117,7313,40062,resting
2026-07-24T20:52:11.990390,53,3623242,3561781,1966950,Discharging,Good,370,2036938,3800000,3800000,0,1035581,1966950,3623242,7125,40070,resting
2026-07-24T20:52:21.992097,53,3625976,3560676,1924299,Discharging,Good,370,2031931,3800000,3800000,0,1055933,1924299,3625976,6977,40078,resting
2026-07-24T20:52:32.074430,53,3621875,3559414,1950092,Discharging,Good,370,2026804,3800000,3800000,0,1039337,1950092,3621875,7062,40093,resting
2026-07-24T20:52:42.154415,53,3613867,3558407,2058490,Discharging,Good,370,2021784,3800000,3800000,0,982168,2058490,3613867,7434,40109,resting
2026-07-24T20:52:52.156093,53,3609570,3557360,2110895,Discharging,Good,370,2016764,3800000,3800000,0,955407,2110895,3609570,7617,40140,resting
2026-07-24T20:53:02.157826,52,3623437,3556247,1910908,Discharging,Good,370,2011774,3800000,3800000,0,1052784,1910908,3623437,6923,40171,resting
2026-07-24T20:53:12.238484,52,3610156,3555148,2052069,Discharging,Good,370,2006610,3800000,3800000,0,977847,2052069,3610156,7408,40203,resting
2026-07-24T20:53:22.240187,52,3608398,3554079,2074860,Discharging,Good,370,2001513,3800000,3800000,0,964649,2074860,3608398,7486,40250,resting
2026-07-24T20:53:32.322456,52,3609570,3552681,2052777,Discharging,Good,370,1996419,3800000,3800000,0,972545,2052777,3609570,7409,40281,resting
2026-07-24T20:53:42.324169,52,3619921,3551864,1912006,Discharging,Good,370,1992033,3800000,3800000,0,1041854,1912006,3619921,6921,40281,resting
2026-07-24T20:53:52.325860,52,3607421,3550857,2049445,Discharging,Good,370,1986421,3800000,3800000,0,969248,2049445,3607421,7392,40296,resting
2026-07-24T20:54:02.347201,52,3602539,3549657,2097577,Discharging,Good,370,1981195,3800000,3800000,0,944515,2097577,3602539,7554,40312,resting
2026-07-24T20:54:12.430403,52,3615039,3548457,1928461,Discharging,Good,370,1976306,3800000,3800000,0,1024809,1928461,3615039,6971,40335,resting
2026-07-24T20:54:22.510364,51,3616796,3547397,1896320,Discharging,Good,370,1971238,3800000,3800000,0,1039507,1896320,3616796,6858,40343,resting
2026-07-24T20:54:32.590477,51,3603320,3546244,2047528,Discharging,Good,370,1966134,3800000,3800000,0,960247,2047528,3603320,7377,40359,resting
2026-07-24T20:54:42.592229,51,3598046,3545371,2122284,Discharging,Good,370,1961107,3800000,3800000,0,924054,2122284,3598046,7635,40367,resting
2026-07-24T20:54:52.594031,51,3598242,3544360,2072943,Discharging,Good,370,1955354,3800000,3800000,0,943274,2072943,3598242,7456,40406,resting
2026-07-24T20:55:02.674463,51,3609570,3543034,1928925,Discharging,Good,370,1950846,3800000,3800000,0,1011364,1928925,3609570,6962,40421,resting
2026-07-24T20:55:12.754358,51,3603320,3541729,1998469,Discharging,Good,370,1945874,3800000,3800000,0,973682,1998469,3603320,7200,40398,resting
2026-07-24T20:55:22.838382,51,3607617,3540661,1920087,Discharging,Good,370,1940886,3800000,3800000,0,1010832,1920087,3607617,6926,40406,resting
2026-07-24T20:55:32.918409,50,3611132,3539580,1879585,Discharging,Good,370,1936377,3800000,3800000,0,1030215,1879585,3611132,6787,40406,resting
2026-07-24T20:55:42.920173,50,3609960,3538834,1893842,Discharging,Good,370,1931945,3800000,3800000,0,1020119,1893842,3609960,6836,40406,resting
2026-07-24T20:55:52.921964,50,3596875,3537967,2051398,Discharging,Good,370,1926158,3800000,3800000,0,938948,2051398,3596875,7378,40406,resting
2026-07-24T20:56:03.006261,50,3599218,3536825,2004059,Discharging,Good,370,1920593,3800000,3800000,0,958351,2004059,3599218,7212,40414,resting
2026-07-24T20:56:13.087085,50,3605664,3536140,1905927,Discharging,Good,370,1915663,3800000,3800000,0,1005108,1905927,3605664,6871,40414,resting
2026-07-24T20:56:23.170387,50,3594921,3535254,2026679,Discharging,Good,370,1910621,3800000,3800000,0,942734,2026679,3594921,7285,40429,resting
2026-07-24T20:56:33.250408,50,3596289,3534092,1987909,Discharging,Good,370,1906079,3800000,3800000,0,958836,1987909,3596289,7148,40453,resting
2026-07-24T20:56:43.252099,50,3598046,3533241,1957209,Discharging,Good,370,1901616,3800000,3800000,0,971595,1957209,3598046,7041,40460,resting
2026-07-24T20:56:53.253908,49,3590820,3532068,2031354,Discharging,Good,370,1896070,3800000,3800000,0,933402,2031354,3590820,7294,40468,resting
2026-07-24T20:57:03.337853,49,3596875,3531073,1955646,Discharging,Good,370,1890972,3800000,3800000,0,966929,1955646,3596875,7033,40484,resting
2026-07-24T20:57:13.425277,49,3597460,3530258,1937031,Discharging,Good,370,1886033,3800000,3800000,0,973672,1937031,3597460,6968,40476,resting
2026-07-24T20:57:23.509943,49,3588476,3529671,2037336,Discharging,Good,370,1880960,3800000,3800000,0,923244,2037336,3588476,7310,40492,resting
2026-07-24T20:57:33.595760,49,3596875,3528840,1911237,Discharging,Good,370,1876405,3800000,3800000,0,981775,1911237,3596875,6874,40500,resting
2026-07-24T20:57:43.597502,49,3595117,3528047,1931574,Discharging,Good,370,1871886,3800000,3800000,0,969098,1931574,3595117,6943,40515,resting
2026-07-24T20:57:53.599239,49,3575781,3526869,2128107,Discharging,Good,370,1866034,3800000,3800000,0,876851,2128107,3575781,7606,40539,resting
2026-07-24T20:58:03.682357,48,3576757,3525176,2137372,Discharging,Good,370,1860726,3800000,3800000,0,870567,2137372,3576757,7643,40562,resting
2026-07-24T20:58:13.766157,48,3591210,3523694,1943195,Discharging,Good,370,1855565,3800000,3800000,0,954904,1943195,3591210,6973,40593,resting
2026-07-24T20:58:23.848078,48,3588671,3522197,1951057,Discharging,Good,370,1850423,3800000,3800000,0,948420,1951057,3588671,7001,40617,resting
2026-07-24T20:58:33.930418,48,3576562,3520611,2083002,Discharging,Good,370,1845275,3800000,3800000,0,885872,2083002,3576562,7449,40632,resting
2026-07-24T20:58:43.932143,48,3572070,3519340,2143890,Discharging,Good,370,1840066,3800000,3800000,0,858283,2143890,3572070,7657,40656,resting
2026-07-24T20:58:53.933905,48,3569531,3517982,2116437,Discharging,Good,370,1834409,3800000,3800000,0,866743,2116437,3569531,7553,40671,resting
2026-07-24T20:59:04.016826,48,3585351,3516465,1941328,Discharging,Good,370,1829324,3800000,3800000,0,942305,1941328,3585351,7061,40687,resting
2026-07-24T20:59:14.098400,48,3573828,3515341,2056879,Discharging,Good,370,1824299,3800000,3800000,0,886925,2056879,3573828,7350,40687,resting
2026-07-24T20:59:24.178504,47,3581640,3514273,1962739,Discharging,Good,370,1819205,3800000,3800000,0,926870,1962739,3581640,7029,40703,resting
2026-07-24T20:59:34.264646,47,3570312,3513165,2081391,Discharging,Good,370,1814693,3800000,3800000,0,871865,2081391,3570312,7431,40703,resting
2026-07-24T20:59:44.266386,47,3564648,3512055,2141913,Discharging,Good,370,1809506,3800000,3800000,0,844808,2141913,3564648,7634,40718,resting
2026-07-24T20:59:54.268093,47,3569726,3510849,2078192,Discharging,Good,370,1803746,3800000,3800000,0,867940,2078192,3569726,7418,40726,resting
2026-07-24T21:00:04.350406,47,3568554,3509510,2054706,Discharging,Good,370,1798708,3800000,3800000,0,875408,2054706,3568554,7332,40734,resting
2026-07-24T21:00:14.430479,47,3575976,3508283,1938825,Discharging,Good,370,1793391,3800000,3800000,0,924988,1938825,3575976,6932,40734,resting
2026-07-24T21:00:24.510449,47,3564843,3507045,2108490,Discharging,Good,370,1788306,3800000,3800000,0,848145,2108490,3564843,7515,40742,resting
2026-07-24T21:00:34.512167,46,3564648,3505709,2075312,Discharging,Good,370,1783617,3800000,3800000,0,859445,2075312,3564648,7397,40757,resting
2026-07-24T21:00:44.513993,46,3561132,3504498,2119440,Discharging,Good,370,1778408,3800000,3800000,0,839093,2119440,3561132,7546,40765,resting
2026-07-24T21:00:54.515654,46,3555273,3503250,2166449,Discharging,Good,370,1772565,3800000,3800000,0,818189,2166449,3555273,7701,40773,resting
2026-07-24T21:01:04.597199,46,3560546,3501724,2096845,Discharging,Good,370,1767286,3800000,3800000,0,848198,2083576,3561328,7420,40773,resting
2026-07-24T21:01:14.678443,46,3570703,3499861,1953388,Discharging,Good,370,1762182,3800000,3800000,0,902115,1953388,3570703,6974,40781,resting
2026-07-24T21:01:24.759247,46,3564257,3498565,2026410,Discharging,Good,370,1756975,3800000,3800000,0,867038,2026410,3564257,7222,40773,resting
2026-07-24T21:01:34.760952,46,3558789,3497731,2075446,Discharging,Good,370,1752515,3800000,3800000,0,844404,2075446,3558789,7385,40781,resting
2026-07-24T21:01:44.762704,45,3561328,3496726,2044806,Discharging,Good,370,1747461,3800000,3800000,0,854585,2044806,3561328,7282,40765,resting
2026-07-24T21:01:54.782449,45,3555664,3495770,2082013,Discharging,Good,370,1741721,3800000,3800000,0,836556,2082013,3555664,7403,40757,resting
2026-07-24T21:02:04.865241,45,3566015,3494807,1940742,Discharging,Good,370,1736715,3800000,3800000,0,894871,1940742,3566015,6920,40742,resting
2026-07-24T21:02:14.946464,45,3559960,3493621,2024469,Discharging,Good,370,1731587,3800000,3800000,0,855328,2024469,3559960,7206,40718,resting
2026-07-24T21:02:25.026393,45,3555468,3492642,2045990,Discharging,Good,370,1726540,3800000,3800000,0,843865,2045990,3555468,7274,40710,resting
2026-07-24T21:02:35.028145,45,3547460,3491857,2136908,Discharging,Good,370,1721379,3800000,3800000,0,805546,2136908,3547460,7579,40710,resting
2026-07-24T21:02:45.029949,45,3551171,3490530,2082013,Discharging,Good,370,1716239,3800000,3800000,0,824317,2082013,3551171,7393,40710,resting
2026-07-24T21:02:55.110408,45,3550195,3489503,2079999,Discharging,Good,370,1710651,3800000,3800000,0,822428,2079999,3550195,7384,40703,resting
2026-07-24T21:03:05.190410,44,3562109,3488609,1924824,Discharging,Good,370,1705538,3800000,3800000,0,886074,1924824,3562109,6856,40695,resting
2026-07-24T21:03:15.270438,44,3547460,3487423,2080646,Discharging,Good,370,1700357,3800000,3800000,0,817225,2080646,3547460,7380,40703,resting
2026-07-24T21:03:25.350392,44,3557226,3486520,1948640,Discharging,Good,370,1695375,3800000,3800000,0,870029,1948640,3557226,6931,40687,resting
2026-07-24T21:03:35.352128,44,3550000,3485822,2015009,Discharging,Good,370,1690833,3800000,3800000,0,839119,2015009,3550000,7152,40679,resting
2026-07-24T21:03:45.353839,44,3543554,3484773,2101618,Discharging,Good,370,1685617,3800000,3800000,0,802056,2101618,3543554,7446,40679,resting
2026-07-24T21:03:55.418575,44,3539453,3483547,2125018,Discharging,Good,370,1680056,3800000,3800000,0,790607,2125018,3539453,7519,40664,resting
2026-07-24T21:04:05.502393,44,3542968,3482549,2073468,Discharging,Good,370,1674894,3800000,3800000,0,807774,2073468,3542968,7346,40656,resting
2026-07-24T21:04:15.582467,43,3540429,3481563,2094171,Discharging,Good,370,1669741,3800000,3800000,0,797327,2094171,3540429,7413,40648,resting
2026-07-24T21:04:25.666408,43,3537890,3480380,2102265,Discharging,Good,370,1664500,3800000,3800000,0,791765,2102265,3537890,7437,40656,resting
2026-07-24T21:04:35.668104,43,3530664,3479391,2193292,Discharging,Good,370,1659807,3800000,3800000,0,756765,2193292,3530664,7742,40671,resting
2026-07-24T21:04:45.669942,43,3542187,3478141,2030805,Discharging,Good,370,1654174,3800000,3800000,0,814541,2030805,3542187,7192,40679,resting
2026-07-24T21:04:55.738384,43,3534375,3477125,2112885,Discharging,Good,370,1648359,3800000,3800000,0,780146,2112885,3534375,7467,40687,resting
2026-07-24T21:05:05.818453,43,3535156,3476031,2091791,Discharging,Good,370,1643744,3800000,3800000,0,785806,2091791,3535156,7394,40703,resting
2026-07-24T21:05:15.901411,43,3544531,3474536,1954584,Discharging,Good,370,1639034,3800000,3800000,0,838558,1954584,3544531,6928,40718,resting
2026-07-24T21:05:25.984782,42,3533007,3473381,2088031,Discharging,Good,370,1633833,3800000,3800000,0,782475,2088031,3533007,7376,40718,resting
2026-07-24T21:05:35.986496,42,3530273,3472244,2107709,Discharging,Good,370,1629082,3800000,3800000,0,772915,2107709,3530273,7440,40742,resting
2026-07-24T21:05:45.988240,42,3540429,3470756,1984369,Discharging,Good,370,1623992,3800000,3800000,0,818392,1984369,3540429,7025,40750,resting
2026-07-24T21:05:56.003785,42,3528515,3469340,2097150,Discharging,Good,370,1618140,3800000,3800000,0,771590,2097150,3528515,7399,40750,resting
2026-07-24T21:06:06.086389,42,3528710,3468054,2091913,Discharging,Good,370,1612928,3800000,3800000,0,771030,2091913,3528710,7381,40757,resting
2026-07-24T21:06:16.170465,42,3536523,3466793,1979633,Discharging,Good,370,1608434,3800000,3800000,0,812491,1979633,3536523,7000,40765,resting
2026-07-24T21:06:26.250750,42,3524218,3465610,2104755,Discharging,Good,370,1603153,3800000,3800000,0,761681,2104755,3524218,7417,40750,resting
2026-07-24T21:06:36.252510,42,3535351,3464714,1957490,Discharging,Good,370,1598610,3800000,3800000,0,816663,1957490,3535351,6920,40750,resting
2026-07-24T21:06:46.254258,41,3516601,3463501,2181610,Discharging,Good,370,1593403,3800000,3800000,0,730379,2181610,3516601,7669,40742,resting
2026-07-24T21:06:56.322823,41,3516796,3462028,2190936,Discharging,Good,370,1587375,3800000,3800000,0,724519,2190936,3516796,7703,40742,resting
2026-07-24T21:07:06.406432,41,3518945,3460626,2128754,Discharging,Good,370,1582130,3800000,3800000,0,743218,2128754,3518945,7490,40734,resting
2026-07-24T21:07:16.486483,41,3528710,3459270,1990204,Discharging,Good,370,1577660,3800000,3800000,0,792712,1990204,3528710,7022,40726,resting
2026-07-24T21:07:26.570365,41,3512304,3458186,2178571,Discharging,Good,370,1572374,3800000,3800000,0,721745,2178571,3512304,7651,40718,resting
2026-07-24T21:07:36.572094,41,3518164,3457380,2101435,Discharging,Good,370,1567774,3800000,3800000,0,746049,2101435,3518164,7393,40718,resting
2026-07-24T21:07:46.573837,41,3522656,3456316,2060273,Discharging,Good,370,1562593,3800000,3800000,0,758439,2060273,3522656,7256,40710,resting
2026-07-24T21:07:56.630521,40,3520117,3455061,2046234,Discharging,Good,370,1556810,3800000,3800000,0,760817,2046234,3520117,7201,40710,resting
2026-07-24T21:08:06.714387,40,3526562,3453927,1955915,Discharging,Good,370,1551616,3800000,3800000,0,793294,1955915,3526562,6897,40703,resting
2026-07-24T21:08:16.794426,40,3511523,3452894,2133051,Discharging,Good,370,1546973,3800000,3800000,0,725239,2133051,3511523,7490,40695,resting
2026-07-24T21:08:26.874440,40,3512109,3451945,2104694,Discharging,Good,370,1541703,3800000,3800000,0,732506,2104694,3512109,7391,40703,resting
2026-07-24T21:08:36.876178,40,3504492,3451139,2195258,Discharging,Good,370,1537006,3800000,3800000,0,700148,2195258,3504492,7691,40703,resting
2026-07-24T21:08:46.877955,40,3513281,3449517,2049067,Discharging,Good,370,1530977,3800000,3800000,0,747158,2049067,3513281,7197,40710,resting
2026-07-24T21:08:56.934497,40,3507421,3447937,2133173,Discharging,Good,370,1525044,3800000,3800000,0,714918,2133173,3507421,7481,40718,resting
2026-07-24T21:09:07.018484,39,3515234,3446540,2015888,Discharging,Good,370,1519873,3800000,3800000,0,753947,2015888,3515234,7085,40710,resting
2026-07-24T21:09:17.020221,39,3516601,3445415,1979206,Discharging,Good,370,1515328,3800000,3800000,0,765624,1979206,3516601,6959,40703,resting
2026-07-24T21:09:27.102381,39,3505273,3444398,2111298,Discharging,Good,370,1509561,3800000,3800000,0,714991,2111298,3505273,7400,40703,resting
2026-07-24T21:09:37.104131,39,3505859,3443711,2081891,Discharging,Good,370,1504444,3800000,3800000,0,722633,2081891,3505859,7298,40703,resting
2026-07-24T21:09:47.105881,39,3515820,3442910,1959455,Discharging,Good,370,1499296,3800000,3800000,0,765159,1959455,3515820,6889,40687,resting
2026-07-24T21:09:57.186599,39,3514843,3442057,1951813,Discharging,Good,370,1494119,3800000,3800000,0,765503,1951813,3514843,6859,40671,resting
2026-07-24T21:10:07.270448,39,3502929,3441238,2086334,Discharging,Good,370,1488810,3800000,3800000,0,713600,2086334,3502929,7308,40671,resting
2026-07-24T21:10:17.350406,39,3499609,3440255,2118659,Discharging,Good,370,1483541,3800000,3800000,0,700226,2118659,3499609,7414,40671,resting
2026-07-24T21:10:27.352117,38,3494531,3439165,2182916,Discharging,Good,370,1478903,3800000,3800000,0,677489,2182916,3494531,7628,40656,resting
2026-07-24T21:10:37.353830,38,3504687,3438229,2035614,Discharging,Good,370,1473194,3800000,3800000,0,723709,2035614,3504687,7131,40648,resting
2026-07-24T21:10:47.435225,38,3494140,3436957,2144061,Discharging,Good,370,1467375,3800000,3800000,0,684390,2144061,3494140,7490,40648,resting
2026-07-24T21:10:57.518430,38,3506835,3435777,1963288,Discharging,Good,370,1462304,3800000,3800000,0,744823,1963288,3506835,6884,40640,resting
2026-07-24T21:11:07.598425,38,3497656,3435003,2091022,Discharging,Good,370,1457196,3800000,3800000,0,696882,2091022,3497656,7313,40632,resting
2026-07-24T21:11:17.678377,38,3506445,3434040,1973017,Discharging,Good,370,1452072,3800000,3800000,0,735965,1973017,3506445,6917,40640,resting
2026-07-24T21:11:27.680104,38,3492968,3432944,2117584,Discharging,Good,370,1446929,3800000,3800000,0,683292,2117584,3492968,7396,40632,resting
2026-07-24T21:11:37.681806,37,3494531,3431832,2057965,Discharging,Good,370,1441169,3800000,3800000,0,700288,2057965,3494531,7189,40640,resting
2026-07-24T21:11:47.764560,37,3501171,3430734,1970759,Discharging,Good,370,1436038,3800000,3800000,0,728672,1970759,3501171,6899,40632,resting
2026-07-24T21:11:57.846382,37,3485546,3429715,2168158,Discharging,Good,370,1431363,3800000,3800000,0,660174,2168158,3485546,7556,40648,resting
2026-07-24T21:12:07.927702,37,3488281,3428866,2131806,Discharging,Good,370,1426239,3800000,3800000,0,669028,2131806,3488281,7436,40640,resting
2026-07-24T21:12:17.929397,37,3496093,3428068,2011518,Discharging,Good,370,1421597,3800000,3800000,0,706728,2011518,3496093,7032,40656,resting
2026-07-24T21:12:27.931146,37,3487304,3426989,2109162,Discharging,Good,370,1416236,3800000,3800000,0,671468,2109162,3487304,7353,40671,resting
2026-07-24T21:12:37.933256,37,3488671,3425761,2076349,Discharging,Good,370,1410393,3800000,3800000,0,679265,2076349,3488671,7241,40703,resting
2026-07-24T21:12:48.022637,37,3572656,3426282,1073691,Discharging,Good,370,1407385,3800000,3800000,0,1310791,1073691,3572656,3835,40539,resting
2026-07-24T21:12:58.109429,36,3575781,3429300,1053634,Discharging,Good,370,1404763,3800000,3800000,0,1333255,1053634,3575781,3767,40343,resting
2026-07-24T21:13:08.184060,36,3568945,3433560,1168124,Discharging,Good,370,1401976,3800000,3800000,0,1200194,1168124,3568945,4169,40156,resting
2026-07-24T21:13:18.185760,36,3564648,3437655,1226180,Discharging,Good,370,1399337,3800000,3800000,0,1141216,1226180,3564648,4370,40031,resting
2026-07-24T21:13:28.187719,36,3570507,3444160,1150839,Discharging,Good,370,1396197,3800000,3800000,0,1213199,1150839,3570507,4109,39914,resting
2026-07-24T21:13:38.210485,36,3580078,3450090,1036911,Discharging,Good,370,1393058,3800000,3800000,0,1343469,1036911,3580078,3712,39796,resting
2026-07-24T21:13:48.288447,36,3582421,3455871,1023154,Discharging,Good,370,1390210,3800000,3800000,0,1358749,1023154,3582421,3665,39656,resting
2026-07-24T21:13:58.362820,36,3581835,3462589,1021518,Discharging,Good,370,1387823,3800000,3800000,0,1358588,1021518,3581835,3658,39546,resting
2026-07-24T21:14:08.445974,36,3574609,3467642,1128524,Discharging,Good,370,1385034,3800000,3800000,0,1227296,1128524,3574609,4033,39445,resting
2026-07-24T21:14:18.447951,36,3577929,3471461,1079428,Discharging,Good,370,1382562,3800000,3800000,0,1280828,1079428,3577929,3860,39367,resting
2026-07-24T21:14:28.450579,36,3578710,3476068,1070724,Discharging,Good,370,1379822,3800000,3800000,0,1288681,1070724,3578710,3830,39273,resting
2026-07-24T21:14:38.544220,36,3574804,3480499,1127438,Discharging,Good,370,1376766,3800000,3800000,0,1221145,1127438,3574804,4030,39179,resting
2026-07-24T21:14:48.624968,36,3574414,3484546,1146005,Discharging,Good,370,1374005,3800000,3800000,0,1198952,1146005,3574414,4096,39093,resting
2026-07-24T21:14:58.707941,36,3583007,3489007,1019406,Discharging,Good,370,1371519,3800000,3800000,0,1345409,1019406,3583007,3652,39007,resting
2026-07-24T21:15:08.792041,36,3573828,3492282,1134091,Discharging,Good,370,1368656,3800000,3800000,0,1206830,1134091,3573828,4052,38945,resting
2026-07-24T21:15:18.794157,35,3569531,3494639,1210104,Discharging,Good,370,1366182,3800000,3800000,0,1128978,1210104,3569531,4318,38835,resting
2026-07-24T21:15:28.796213,35,3572656,3498110,1140902,Discharging,Good,370,1363163,3800000,3800000,0,1194811,1140902,3572656,4076,38750,resting
2026-07-24T21:15:38.874809,35,3573437,3500701,1127975,Discharging,Good,370,1360098,3800000,3800000,0,1205787,1127975,3573437,4030,38687,resting
2026-07-24T21:15:48.958104,35,3582226,3503254,1009897,Discharging,Good,370,1357396,3800000,3800000,0,1344093,1009897,3582226,3617,38617,resting
2026-07-24T21:15:59.035336,35,3572656,3505905,1128878,Discharging,Good,370,1354879,3800000,3800000,0,1200199,1128878,3572656,4033,38562,resting
2026-07-24T21:16:09.118597,35,3580859,3507965,1014584,Discharging,Good,370,1352093,3800000,3800000,0,1332657,1014584,3580859,3633,38507,resting
2026-07-24T21:16:19.120600,35,3576171,3509544,1079306,Discharging,Good,370,1349708,3800000,3800000,0,1250533,1079306,3576171,3858,38453,resting
2026-07-24T21:16:29.122629,35,3571679,3511179,1146676,Discharging,Good,370,1346897,3800000,3800000,0,1174609,1146676,3571679,4095,38390,resting
2026-07-24T21:16:39.203887,35,3570507,3512705,1134933,Discharging,Good,370,1343809,3800000,3800000,0,1184042,1134933,3570507,4052,38343,resting
2026-07-24T21:16:49.283414,35,3580273,3514280,1016989,Discharging,Good,370,1341140,3800000,3800000,0,1318735,1016989,3580273,3641,38281,resting
2026-07-24T21:16:59.367623,35,3570117,3515617,1125924,Discharging,Good,370,1338633,3800000,3800000,0,1188919,1125924,3570117,4019,38226,resting
2026-07-24T21:17:09.450650,35,3570312,3516845,1132284,Discharging,Good,370,1335846,3800000,3800000,0,1179779,1132284,3570312,4042,38179,resting
2026-07-24T21:17:19.452619,35,3564648,3517681,1197848,Discharging,Good,370,1333357,3800000,3800000,0,1113127,1197848,3564648,4268,38148,resting
2026-07-24T21:17:29.454614,35,3578906,3518767,1019931,Discharging,Good,370,1330296,3800000,3800000,0,1304299,1019931,3578906,3650,38085,resting
2026-07-24T21:17:39.485758,34,3572851,3519783,1078940,Discharging,Good,370,1327330,3800000,3800000,0,1230216,1078940,3572851,3853,38046,resting
2026-07-24T21:17:49.558852,34,3578125,3520567,1009555,Discharging,Good,370,1324486,3800000,3800000,0,1311950,1009555,3578125,3612,38015,resting
2026-07-24T21:17:59.645822,34,3568554,3521492,1122677,Discharging,Good,370,1321711,3800000,3800000,0,1177285,1122677,3568554,4006,37976,resting
2026-07-24T21:18:09.740902,34,3568750,3522048,1128244,Discharging,Good,370,1318987,3800000,3800000,0,1169061,1128244,3568750,4026,37929,resting
2026-07-24T21:18:19.742897,34,3574023,3522473,1042966,Discharging,Good,370,1316212,3800000,3800000,0,1261989,1042966,3574023,3727,37898,resting
2026-07-24T21:18:29.744871,34,3575585,3522914,1020053,Discharging,Good,370,1313369,3800000,3800000,0,1287549,1020053,3575585,3647,37859,resting
2026-07-24T21:18:39.821258,34,3566992,3523337,1124106,Discharging,Good,370,1310589,3800000,3800000,0,1165894,1124106,3566992,4009,37812,resting
2026-07-24T21:18:49.904691,34,3574414,3523695,1021200,Discharging,Good,370,1307862,3800000,3800000,0,1280710,1021200,3574414,3650,37781,resting
2026-07-24T21:18:59.906773,34,3566210,3523979,1128524,Discharging,Good,370,1305329,3800000,3800000,0,1156669,1128524,3566210,4024,37742,resting
2026-07-24T21:19:10.001463,34,3574023,3524210,1018344,Discharging,Good,370,1302600,3800000,3800000,0,1279135,1018344,3574023,3639,37703,resting
2026-07-24T21:19:20.003510,34,3558593,3524431,1187460,Discharging,Good,370,1299785,3800000,3800000,0,1094592,1187460,3558593,4224,37664,resting
2026-07-24T21:19:30.005437,34,3573632,3524663,1017917,Discharging,Good,370,1296828,3800000,3800000,0,1274001,1017917,3573632,3637,37625,resting
2026-07-24T21:19:40.090531,34,3572070,3524710,1028268,Discharging,Good,370,1294018,3800000,3800000,0,1258444,1028268,3572070,3672,37601,resting
2026-07-24T21:19:50.163309,33,3570312,3524679,1043649,Discharging,Good,370,1291273,3800000,3800000,0,1237267,1043649,3570312,3725,37539,resting
2026-07-24T21:20:00.257445,33,3563085,3524644,1129318,Discharging,Good,370,1288869,3800000,3800000,0,1141280,1129318,3563085,4023,37484,resting
2026-07-24T21:20:10.333309,33,3561914,3524599,1125277,Discharging,Good,370,1286079,3800000,3800000,0,1142899,1125277,3561914,4008,37445,resting
2026-07-24T21:20:20.335365,33,3561523,3524278,1134872,Discharging,Good,370,1283125,3800000,3800000,0,1130634,1134872,3561523,4041,37421,resting
2026-07-24T21:20:30.337384,33,3568945,3524028,1038376,Discharging,Good,370,1280017,3800000,3800000,0,1232710,1038376,3568945,3705,37390,resting
2026-07-24T21:20:40.423583,33,3564648,3523813,1077328,Discharging,Good,370,1277224,3800000,3800000,0,1185547,1077328,3564648,3839,37359,resting
2026-07-24T21:20:50.497832,33,3560546,3523626,1132431,Discharging,Good,370,1274372,3800000,3800000,0,1125341,1132431,3560546,4031,37320,resting
2026-07-24T21:21:00.586627,33,3568359,3523302,1026681,Discharging,Good,370,1271534,3800000,3800000,0,1238489,1026681,3568359,3663,37296,resting
2026-07-24T21:21:10.664555,33,3559765,3523107,1127365,Discharging,Good,370,1268744,3800000,3800000,0,1125406,1127365,3559765,4013,37257,resting
2026-07-24T21:21:20.666633,33,3551171,3522928,1245052,Discharging,Good,370,1266319,3800000,3800000,0,1017081,1245052,3551171,4008,37234,resting
2026-07-24T21:21:30.668642,33,3566796,3522362,1015622,Discharging,Good,370,1263101,3800000,3800000,0,1243672,1015622,3566796,3622,37203,resting
2026-07-24T21:21:40.712569,33,3553320,3521892,1193270,Discharging,Good,370,1260381,3800000,3800000,0,1056241,1193270,3553320,4238,37171,resting
2026-07-24T21:21:50.787247,33,3558593,3521390,1126864,Discharging,Good,370,1257645,3800000,3800000,0,1116057,1126864,3558593,4009,37140,resting
2026-07-24T21:22:00.871016,33,3566601,3520921,1014450,Discharging,Good,370,1254845,3800000,3800000,0,1236970,1014450,3566601,3618,37117,resting
2026-07-24T21:22:10.962663,32,3566210,3520417,1014243,Discharging,Good,370,1252178,3800000,3800000,0,1234593,1014243,3566210,3616,37070,resting
2026-07-24T21:22:20.964654,32,3551562,3519953,1196847,Discharging,Good,370,1249350,3800000,3800000,0,1043867,1196847,3551562,4249,37023,resting
2026-07-24T21:22:30.966711,32,3565039,3519377,1017380,Discharging,Good,370,1246286,3800000,3800000,0,1224995,1017380,3565039,3626,36992,resting
2026-07-24T21:22:41.045113,32,3556640,3518855,1126718,Discharging,Good,370,1243070,3800000,3800000,0,1103266,1126718,3556640,4007,36968,resting
2026-07-24T21:22:51.118552,32,3563671,3518260,1029208,Discharging,Good,370,1240310,3800000,3800000,0,1205111,1029208,3563671,3667,36937,resting
2026-07-24T21:23:01.207212,32,3555468,3517648,1125021,Discharging,Good,370,1237543,3800000,3800000,0,1100017,1125021,3555468,3999,36921,resting
2026-07-24T21:23:11.280950,32,3554492,3517124,1126815,Discharging,Good,370,1234744,3800000,3800000,0,1095782,1126815,3554492,4005,36882,resting
2026-07-24T21:23:21.282764,32,3487304,3515880,1937434,Discharging,Good,370,1230855,3800000,3800000,0,635301,1937434,3487304,6756,36960,resting
2026-07-24T21:23:31.284529,32,3481835,3511724,1958625,Discharging,Good,370,1225117,3800000,3800000,0,625498,1958625,3481835,6819,37179,resting
2026-07-24T21:23:41.286505,32,3478515,3506111,1946735,Discharging,Good,370,1220680,3800000,3800000,0,627039,1946735,3478515,6771,37328,resting
2026-07-24T21:23:51.370373,31,3466210,3499757,2099848,Discharging,Good,370,1215560,3800000,3800000,0,578879,2099848,3466210,7278,37437,resting
2026-07-24T21:24:01.450446,31,3470312,3492960,1982319,Discharging,Good,370,1210392,3800000,3800000,0,610593,1982319,3470312,6879,37609,resting
2026-07-24T21:24:11.530396,31,3459570,3483300,2093659,Discharging,Good,370,1205197,3800000,3800000,0,575641,2093659,3459570,7242,37710,resting
2026-07-24T21:24:21.532173,31,3452929,3478021,2183002,Discharging,Good,370,1200649,3800000,3800000,0,549999,2183002,3452929,7536,37804,resting
2026-07-24T21:24:31.533886,31,3456250,3471288,2097528,Discharging,Good,370,1194706,3800000,3800000,0,569578,2097528,3456250,7249,37898,resting
2026-07-24T21:24:41.606460,31,3463867,3463175,2012690,Discharging,Good,370,1189594,3800000,3800000,0,591046,2012690,3463867,6971,37976,resting
2026-07-24T21:24:51.686396,31,3465039,3456776,1962519,Discharging,Good,370,1184524,3800000,3800000,0,603573,1962519,3465039,6799,38046,resting
2026-07-24T21:25:01.771167,31,3452734,3450689,2081330,Discharging,Good,370,1179160,3800000,3800000,0,566541,2081330,3452734,7186,38132,resting
2026-07-24T21:25:11.854457,30,3448046,3444871,2146857,Discharging,Good,370,1174607,3800000,3800000,0,547128,2146857,3448046,7402,38203,resting
2026-07-24T21:25:21.856208,30,3447656,3440343,2126605,Discharging,Good,370,1169825,3800000,3800000,0,550090,2126605,3447656,7331,38289,resting
2026-07-24T21:25:31.857982,30,3455273,3434999,2034198,Discharging,Good,370,1163979,3800000,3800000,0,572205,2034198,3455273,7028,38367,resting
2026-07-24T21:25:41.943490,30,3452148,3430195,2052924,Discharging,Good,370,1158670,3800000,3800000,0,564399,2052924,3452148,7085,38429,resting
2026-07-24T21:25:52.026443,30,3453906,3425557,1997028,Discharging,Good,370,1153348,3800000,3800000,0,577532,1997028,3453906,6897,38492,resting
2026-07-24T21:26:02.109833,30,3452929,3421260,2004450,Discharging,Good,370,1148153,3800000,3800000,0,572802,2004450,3452929,6921,38546,resting
2026-07-24T21:26:12.191353,30,3453906,3416574,1978998,Discharging,Good,370,1143589,3800000,3800000,0,577862,1978998,3453906,6835,38593,resting
2026-07-24T21:26:22.193074,29,3440429,3413568,2123175,Discharging,Good,370,1138861,3800000,3800000,0,536395,2123175,3440429,7304,38640,resting
2026-07-24T21:26:32.194914,29,3433398,3409896,2229169,Discharging,Good,370,1132933,3800000,3800000,0,508231,2229169,3433398,7651,38679,resting
2026-07-24T21:26:42.279687,29,3447656,3405548,2010602,Discharging,Good,370,1127639,3800000,3800000,0,560846,2010602,3447656,6931,38734,resting
2026-07-24T21:26:52.362488,29,3438085,3402126,2127545,Discharging,Good,370,1122313,3800000,3800000,0,527515,2127545,3438085,7314,38765,resting
2026-07-24T21:27:02.446428,29,3447656,3398832,1994440,Discharging,Good,370,1117081,3800000,3800000,0,560097,1994440,3447656,6876,38820,resting
2026-07-24T21:27:12.529260,29,3443554,3395480,2016803,Discharging,Good,370,1112362,3800000,3800000,0,551547,2016803,3443554,6944,38882,resting
2026-07-24T21:27:22.530947,29,3438085,3393519,2070050,Discharging,Good,370,1107626,3800000,3800000,0,535072,2070050,3438085,7113,38937,resting
2026-07-24T21:27:32.532809,28,3437695,3390925,2107868,Discharging,Good,370,1101488,3800000,3800000,0,522560,2107868,3437695,7243,38984,resting
2026-07-24T21:27:42.534516,28,3430468,3388352,2158392,Discharging,Good,370,1096113,3800000,3800000,0,507837,2158392,3430468,7403,39023,resting
2026-07-24T21:27:52.618419,28,3430078,3385747,2143488,Discharging,Good,370,1090796,3800000,3800000,0,508888,2143488,3430078,7352,39062,resting
2026-07-24T21:28:02.698447,28,3427734,3383321,2164435,Discharging,Good,370,1085439,3800000,3800000,0,501488,2164435,3427734,7418,39117,resting
2026-07-24T21:28:12.762719,28,3428125,3380963,2139423,Discharging,Good,370,1080794,3800000,3800000,0,505180,2139423,3428125,7333,39148,resting
2026-07-24T21:28:22.764421,28,3438476,3378847,1999518,Discharging,Good,370,1074964,3800000,3800000,0,537611,1999518,3438476,6874,39171,resting
2026-07-24T21:28:32.766190,28,3425390,3376850,2142279,Discharging,Good,370,1069004,3800000,3800000,0,499003,2142279,3425390,7337,39218,resting
2026-07-24T21:28:42.767967,27,3436914,3374954,2024164,Discharging,Good,370,1063722,3800000,3800000,0,525511,2024164,3436914,6956,39257,resting
2026-07-24T21:28:52.850411,27,3425000,3372976,2143329,Discharging,Good,370,1058450,3800000,3800000,0,493834,2143329,3425000,7340,39281,resting
2026-07-24T21:29:02.930466,27,3429101,3371334,2059992,Discharging,Good,370,1053161,3800000,3800000,0,511245,2059992,3429101,7063,39328,resting
2026-07-24T21:29:12.932193,27,3428320,3369637,2079401,Discharging,Good,370,1047879,3800000,3800000,0,503933,2079401,3428320,7128,39367,resting
2026-07-24T21:29:22.933945,27,3424414,3367651,2123786,Discharging,Good,370,1042587,3800000,3800000,0,490909,2123786,3424414,7270,39406,resting
2026-07-24T21:29:33.015190,27,3429296,3365854,2046881,Discharging,Good,370,1037048,3800000,3800000,0,506647,2046881,3429296,7018,39453,resting
2026-07-24T21:29:43.098377,27,3415820,3363988,2198260,Discharging,Good,370,1031582,3800000,3800000,0,469272,2198260,3415820,7508,39500,resting
2026-07-24T21:29:53.178418,27,3430078,3362161,2001105,Discharging,Good,370,1026943,3800000,3800000,0,513187,2001105,3430078,6863,39531,resting
2026-07-24T21:30:03.258406,26,3424804,3360440,2050776,Discharging,Good,370,1021626,3800000,3800000,0,498165,2050776,3424804,7023,39578,resting
2026-07-24T21:30:13.260414,26,3414648,3359153,2179694,Discharging,Good,370,1016844,3800000,3800000,0,466507,2179694,3414648,7442,39601,resting
2026-07-24T21:30:23.262138,26,3425390,3357545,2021271,Discharging,Good,370,1012076,3800000,3800000,0,500712,2021271,3425390,6923,39632,resting
2026-07-24T21:30:33.285738,26,3406250,3355916,2241595,Discharging,Good,370,1005975,3800000,3800000,0,448776,2241595,3406250,7633,39656,resting
2026-07-24T21:30:43.370492,26,3411523,3354408,2187103,Discharging,Good,370,1000605,3800000,3800000,0,457502,2187103,3411523,7461,39695,resting
2026-07-24T21:30:53.450402,26,3410742,3352542,2176178,Discharging,Good,370,995202,3800000,3800000,0,457316,2176178,3410742,7422,39718,resting
2026-07-24T21:31:03.530449,26,3410546,3351020,2163568,Discharging,Good,370,989683,3800000,3800000,0,457430,2163568,3410546,7378,39765,resting
2026-07-24T21:31:13.532147,25,3407031,3349712,2201312,Discharging,Good,370,984269,3800000,3800000,0,447128,2201312,3407031,7499,39804,resting
2026-07-24T21:31:23.533818,25,3413085,3348007,2111395,Discharging,Good,370,978347,3800000,3800000,0,463365,2111395,3413085,7204,39835,resting
2026-07-24T21:31:33.614424,25,3416015,3346877,2052277,Discharging,Good,370,973022,3800000,3800000,0,474118,2052277,3416015,7010,39867,resting
2026-07-24T21:31:43.694458,25,3408984,3345768,2148029,Discharging,Good,370,967634,3800000,3800000,0,450475,2148029,3408984,7379,39875,resting
2026-07-24T21:31:53.774431,25,3413476,3344936,2089594,Discharging,Good,370,963032,3800000,3800000,0,460870,2089594,3413476,7132,39898,resting
2026-07-24T21:32:03.854382,25,3415234,3344295,2045124,Discharging,Good,370,957816,3800000,3800000,0,468341,2045124,3415234,6984,39898,resting
2026-07-24T21:32:13.856135,25,3410156,3343578,2099384,Discharging,Good,370,952501,3800000,3800000,0,453704,2099384,3410156,7156,39890,resting
2026-07-24T21:32:23.857869,24,3396875,3342770,2248846,Discharging,Good,370,947786,3800000,3800000,0,421454,2248846,3396875,7637,39890,resting
2026-07-24T21:32:33.938504,24,3413671,3341974,2036603,Discharging,Good,370,942499,3800000,3800000,0,462779,2036603,3413671,6952,39898,resting
2026-07-24T21:32:44.022425,24,3403710,3341269,2157294,Discharging,Good,370,937265,3800000,3800000,0,434463,2157294,3403710,7342,39898,resting
2026-07-24T21:32:54.102429,24,3414453,3340459,2020820,Discharging,Good,370,931983,3800000,3800000,0,461190,2020820,3414453,6899,39921,resting
2026-07-24T21:33:04.185276,24,3411718,3339855,2033161,Discharging,Good,370,926599,3800000,3800000,0,455743,2033161,3411718,6936,39937,resting
2026-07-24T21:33:14.187071,24,3400195,3339079,2160736,Discharging,Good,370,921322,3800000,3800000,0,426392,2160736,3400195,7346,39937,resting
2026-07-24T21:33:24.188772,24,3392578,3337964,2260528,Discharging,Good,370,916029,3800000,3800000,0,405227,2260528,3392578,7667,39945,resting
2026-07-24T21:33:34.270489,23,3403320,3337006,2106403,Discharging,Good,370,910595,3800000,3800000,0,432298,2106403,3403320,7168,39976,resting
2026-07-24T21:33:44.355382,23,3407226,3336073,2030402,Discharging,Good,370,905235,3800000,3800000,0,445840,2030402,3407226,6918,39984,resting
2026-07-24T21:33:54.438381,23,3396289,3335210,2187469,Discharging,Good,370,900347,3800000,3800000,0,411593,2187469,3396289,7428,40000,resting
2026-07-24T21:34:04.518405,23,3407226,3334338,2032001,Discharging,Good,370,895135,3800000,3800000,0,440518,2032001,3407226,6923,40023,resting
2026-07-24T21:34:14.520125,23,3399609,3333514,2119464,Discharging,Good,370,889783,3800000,3800000,0,419815,2119464,3399609,7204,40031,resting
2026-07-24T21:34:24.521834,23,3390429,3332323,2211053,Discharging,Good,370,884061,3800000,3800000,0,399837,2211053,3390429,7496,40062,resting
2026-07-24T21:34:34.604538,23,3400390,3330933,2079279,Discharging,Good,370,878673,3800000,3800000,0,422585,2079279,3400390,7070,40093,resting
2026-07-24T21:34:44.686482,22,3390234,3329623,2189044,Discharging,Good,370,873358,3800000,3800000,0,398967,2189044,3390234,7421,40117,resting
2026-07-24T21:34:54.766419,22,3387500,3328226,2218744,Discharging,Good,370,868548,3800000,3800000,0,391459,2218744,3387500,7515,40171,resting
2026-07-24T21:35:04.846400,22,3396289,3327010,2084906,Discharging,Good,370,863707,3800000,3800000,0,414266,2084906,3396289,7080,40234,resting
2026-07-24T21:35:14.848089,22,3395703,3326154,2069660,Discharging,Good,370,858942,3800000,3800000,0,415015,2069660,3395703,7027,40273,resting
2026-07-24T21:35:24.849811,22,3395117,3324819,2062653,Discharging,Good,370,853536,3800000,3800000,0,413804,2062653,3395117,7002,40304,resting
2026-07-24T21:35:34.918421,22,3384960,3323791,2210272,Discharging,Good,370,847469,3800000,3800000,0,383422,2210272,3384960,7481,40328,resting
2026-07-24T21:35:45.000596,22,3392382,3322744,2089411,Discharging,Good,370,842077,3800000,3800000,0,403021,2089411,3392382,7087,40351,resting
2026-07-24T21:35:55.082418,22,3381445,3321647,2212555,Discharging,Good,370,837245,3800000,3800000,0,378406,2212555,3381445,7481,40375,resting
2026-07-24T21:36:05.163932,21,3392773,3320269,2067987,Discharging,Good,370,831629,3800000,3800000,0,402144,2067987,3392773,7015,40414,resting
2026-07-24T21:36:15.165653,21,3377929,3319285,2271564,Discharging,Good,370,826736,3800000,3800000,0,363950,2271564,3377929,7671,40421,resting
2026-07-24T21:36:25.167399,21,3391015,3318228,2067243,Discharging,Good,370,821976,3800000,3800000,0,397619,2067243,3391015,7010,40437,resting
2026-07-24T21:36:35.200753,21,3383984,3317050,2153180,Discharging,Good,370,815790,3800000,3800000,0,378876,2153180,3383984,7285,40460,resting
2026-07-24T21:36:45.284051,21,3379296,3315929,2178082,Discharging,Good,370,810333,3800000,3800000,0,372039,2178082,3379296,7359,40484,resting
2026-07-24T21:36:55.285836,21,3376367,3314991,2216107,Discharging,Good,370,804969,3800000,3800000,0,363235,2216107,3376367,7482,40492,resting
2026-07-24T21:37:05.287540,21,3374804,3314102,2229059,Discharging,Good,370,799341,3800000,3800000,0,358600,2229059,3374804,7522,40515,resting
2026-07-24T21:37:15.289275,20,3374218,3313179,2190424,Discharging,Good,370,793270,3800000,3800000,0,362153,2190424,3374218,7390,40546,resting
2026-07-24T21:37:25.290933,20,3385742,3312522,2077521,Discharging,Good,370,787930,3800000,3800000,0,379264,2077521,3385742,7033,40562,resting
2026-07-24T21:37:35.375054,20,3382812,3311473,2090167,Discharging,Good,370,781933,3800000,3800000,0,374100,2090167,3382812,7070,40585,resting
2026-07-24T21:37:45.459120,20,3384375,3310679,2045465,Discharging,Good,370,776620,3800000,3800000,0,379678,2045465,3384375,6922,40593,resting
2026-07-24T21:37:55.460866,20,3366601,3310034,2289068,Discharging,Good,370,771761,3800000,3800000,0,337150,2289068,3366601,7704,40609,resting
2026-07-24T21:38:05.462585,20,3372460,3308952,2186591,Discharging,Good,370,766405,3800000,3800000,0,350502,2186591,3372460,7373,40648,resting
2026-07-24T21:38:15.502413,20,3368359,3308040,2263446,Discharging,Good,370,760363,3800000,3800000,0,335931,2263446,3368359,7622,40648,resting
2026-07-24T21:38:25.582391,19,3373632,3307177,2164496,Discharging,Good,370,754882,3800000,3800000,0,348756,2164496,3373632,7301,40671,resting
2026-07-24T21:38:35.662393,19,3373632,3306334,2144415,Discharging,Good,370,750020,3800000,3800000,0,349755,2144415,3373632,7234,40695,resting
2026-07-24T21:38:45.742402,19,3381445,3305391,2068647,Discharging,Good,370,744660,3800000,3800000,0,359974,2068647,3381445,6994,40710,resting
2026-07-24T21:38:55.744171,19,3363085,3304707,2268963,Discharging,Good,370,739897,3800000,3800000,0,326094,2268963,3363085,7628,40703,resting
2026-07-24T21:39:05.745857,19,3378125,3303835,2040766,Discharging,Good,370,733963,3800000,3800000,0,359650,2040766,3378125,6894,40734,resting
2026-07-24T21:39:15.826424,19,3364257,3303085,2235577,Discharging,Good,370,727935,3800000,3800000,0,325613,2235577,3364257,7519,40734,resting
2026-07-24T21:39:25.906396,19,3365234,3302305,2194818,Discharging,Good,370,722521,3800000,3800000,0,329194,2194818,3365234,7386,40757,resting
2026-07-24T21:39:35.986474,18,3366015,3301457,2165607,Discharging,Good,370,717834,3800000,3800000,0,331470,2165607,3366015,7289,40765,resting
2026-07-24T21:39:46.066443,18,3363671,3300881,2182440,Discharging,Good,370,712505,3800000,3800000,0,326471,2182440,3363671,7340,40773,resting
2026-07-24T21:39:56.068188,18,3363085,3300323,2206647,Discharging,Good,370,707567,3800000,3800000,0,320652,2206647,3363085,7420,40812,resting
2026-07-24T21:40:06.069969,18,3371875,3299638,2070307,Discharging,Good,370,702229,3800000,3800000,0,339190,2070307,3371875,6980,40828,resting
2026-07-24T21:40:16.071691,18,3355468,3299050,2265448,Discharging,Good,370,696253,3800000,3800000,0,307335,2265448,3355468,7599,40835,resting
2026-07-24T21:40:26.154455,18,3360156,3298186,2191656,Discharging,Good,370,690857,3800000,3800000,0,315221,2191656,3360156,7363,40867,resting
2026-07-24T21:40:36.234488,18,3326171,3297183,2603081,Discharging,Good,370,685776,3800000,3800000,0,263447,2603081,3326171,8657,40914,resting
2026-07-24T21:40:46.314498,17,3356640,3296066,2220380,Discharging,Good,370,680338,3800000,3800000,0,306406,2220380,3356640,7452,40929,resting
2026-07-24T21:40:56.316211,17,3351562,3295336,2267596,Discharging,Good,370,675353,3800000,3800000,0,297827,2267596,3351562,7598,40960,resting
2026-07-24T21:41:06.317970,17,3357617,3294429,2174701,Discharging,Good,370,670626,3800000,3800000,0,308376,2174701,3357617,7300,40968,resting
2026-07-24T21:41:16.320322,17,3357031,3293072,2161078,Discharging,Good,370,664390,3800000,3800000,0,307434,2161078,3357031,7253,40984,resting
2026-07-24T21:41:26.402678,17,3352343,3291716,2231708,Discharging,Good,370,659005,3800000,3800000,0,295291,2231708,3352343,7481,41015,resting
2026-07-24T21:41:36.482275,17,3423632,3290514,1325448,Discharging,Good,370,654118,3800000,3800000,0,493507,1325448,3423632,4537,41039,resting
2026-07-24T21:41:46.551643,17,3445117,3292081,1090732,Discharging,Good,370,651068,3800000,3800000,0,596909,1090732,3445117,3757,40835,resting
2026-07-24T21:41:56.553581,17,3437304,3294970,1206649,Discharging,Good,370,648391,3800000,3800000,0,537348,1206649,3437304,4147,40687,resting
2026-07-24T21:42:06.555543,16,3446289,3300825,1138913,Discharging,Good,370,645134,3800000,3800000,0,566447,1138913,3446289,3924,40531,resting
2026-07-24T21:42:16.648104,16,3438085,3306365,1241964,Discharging,Good,370,641826,3800000,3800000,0,516783,1241964,3438085,4269,40382,resting
2026-07-24T21:42:26.727373,16,3442382,3312274,1196054,Discharging,Good,370,638939,3800000,3800000,0,534205,1196054,3442382,4117,40265,resting
2026-07-24T21:42:36.803440,16,3444140,3318170,1174642,Discharging,Good,370,636738,3800000,3800000,0,542069,1174642,3444140,4045,40101,resting
2026-07-24T21:42:46.875672,16,3454296,3324005,1062179,Discharging,Good,370,633932,3800000,3800000,0,596822,1062179,3454296,3669,40000,resting
2026-07-24T21:42:56.877782,16,3440039,3328637,1247079,Discharging,Good,370,631340,3800000,3800000,0,506255,1247079,3440039,4288,39906,resting
2026-07-24T21:43:06.879789,16,3441601,3334008,1232626,Discharging,Good,370,628384,3800000,3800000,0,509792,1232626,3441601,4241,39789,resting
2026-07-24T21:43:16.881869,16,3448828,3339000,1066098,Discharging,Good,370,625156,3800000,3800000,0,586396,1066098,3448828,3682,39687,resting
2026-07-24T21:43:26.954331,16,3445117,3343601,1174960,Discharging,Good,370,622008,3800000,3800000,0,529386,1174960,3445117,4047,39609,resting
2026-07-24T21:43:37.025135,16,3451757,3348458,1078695,Discharging,Good,370,619269,3800000,3800000,0,574090,1078695,3451757,3723,39546,resting
2026-07-24T21:43:47.103149,16,3454492,3352074,1053879,Discharging,Good,370,616375,3800000,3800000,0,584863,1053879,3454492,3640,39468,resting
2026-07-24T21:43:57.105109,16,3440625,3354911,1250985,Discharging,Good,370,613733,3800000,3800000,0,490599,1250985,3440625,4304,39429,resting
2026-07-24T21:44:07.107069,16,3443750,3358886,1176889,Discharging,Good,370,610488,3800000,3800000,0,518730,1176889,3443750,4052,39367,resting
2026-07-24T21:44:17.132166,15,3452929,3362113,1057919,Discharging,Good,370,607206,3800000,3800000,0,573962,1057919,3452929,3652,39312,resting
2026-07-24T21:44:27.202595,15,3443945,3365141,1176095,Discharging,Good,370,604233,3800000,3800000,0,513762,1176095,3443945,4050,39257,resting
2026-07-24T21:44:37.280513,15,3443554,3367906,1182003,Discharging,Good,370,601445,3800000,3800000,0,508835,1182003,3443554,4070,39210,resting
2026-07-24T21:44:47.354672,15,3442382,3370124,1183151,Discharging,Good,370,598589,3800000,3800000,0,505927,1183151,3442382,4072,39156,resting
2026-07-24T21:44:57.356665,15,3437695,3371665,1243246,Discharging,Good,370,595963,3800000,3800000,0,479360,1243246,3437695,4272,39109,resting
2026-07-24T21:45:07.358764,15,3442773,3374032,1177011,Discharging,Good,370,593243,3800000,3800000,0,504025,1177011,3442773,4052,39054,resting
2026-07-24T21:45:17.404875,15,3421679,3375990,1441365,Discharging,Good,370,589532,3800000,3800000,0,409009,1441365,3421679,4930,39015,resting
2026-07-24T21:45:27.494723,15,3450000,3377582,1060751,Discharging,Good,370,586596,3800000,3800000,0,553000,1060751,3450000,3659,38992,resting
2026-07-24T21:45:37.496935,15,3450585,3379097,1057626,Discharging,Good,370,583806,3800000,3800000,0,551996,1057626,3450585,3649,38945,resting
2026-07-24T21:45:47.566663,15,3440625,3380674,1177719,Discharging,Good,370,580941,3800000,3800000,0,493276,1177719,3440625,4052,38890,resting
2026-07-24T21:45:57.568700,15,3435937,3381928,1251351,Discharging,Good,370,578060,3800000,3800000,0,461948,1251351,3435937,4298,38820,resting
2026-07-24T21:46:07.570781,15,3437695,3383109,1219174,Discharging,Good,370,574719,3800000,3800000,0,471400,1219174,3437695,4190,38765,resting
2026-07-24T21:46:17.651087,15,3439843,3384141,1185287,Discharging,Good,370,571504,3800000,3800000,0,482165,1185287,3439843,4077,38742,resting
2026-07-24T21:46:27.729596,14,3440039,3385094,1172653,Discharging,Good,370,568624,3800000,3800000,0,484903,1172653,3440039,4033,38703,resting
2026-07-24T21:46:37.803683,14,3439648,3385880,1177023,Discharging,Good,370,566107,3800000,3800000,0,480965,1177023,3439648,4048,38664,resting
2026-07-24T21:46:47.873594,14,3443164,3386733,1129171,Discharging,Good,370,563280,3800000,3800000,0,498843,1129171,3443164,3887,38632,resting
2026-07-24T21:46:57.875656,14,3447460,3387380,1059616,Discharging,Good,370,560800,3800000,3800000,0,529248,1059616,3447460,3652,38601,resting
2026-07-24T21:47:07.877721,14,3438867,3388062,1179989,Discharging,Good,370,557545,3800000,3800000,0,472500,1179989,3438867,4057,38570,resting
2026-07-24T21:47:17.928340,14,3447265,3388652,1060104,Discharging,Good,370,554737,3800000,3800000,0,523285,1060104,3447265,3654,38531,resting
2026-07-24T21:47:28.015348,14,3447460,3389000,1055380,Discharging,Good,370,551782,3800000,3800000,0,522827,1055380,3447460,3638,38500,resting
2026-07-24T21:47:38.098669,14,3446875,3389357,1059518,Discharging,Good,370,548976,3800000,3800000,0,518137,1059518,3446875,3652,38468,resting
2026-07-24T21:47:48.179737,14,3446093,3389806,1058810,Discharging,Good,370,546256,3800000,3800000,0,515915,1058810,3446093,3648,38445,resting
2026-07-24T21:47:58.181688,14,3431640,3390123,1246310,Discharging,Good,370,543647,3800000,3800000,0,436205,1246310,3431640,4275,38406,resting
2026-07-24T21:48:08.183662,14,3431054,3390475,1230404,Discharging,Good,370,540508,3800000,3800000,0,439293,1230404,3431054,4220,38382,resting
2026-07-24T21:48:18.199557,14,3444335,3390595,1065878,Discharging,Good,370,537520,3800000,3800000,0,504297,1065878,3444335,3671,38359,resting
2026-07-24T21:48:28.282587,14,3443945,3390570,1058566,Discharging,Good,370,534609,3800000,3800000,0,505031,1058566,3443945,3645,38328,resting
2026-07-24T21:48:38.352839,13,3433789,3390561,1185763,Discharging,Good,370,531759,3800000,3800000,0,448453,1185763,3433789,4071,38312,resting
2026-07-24T21:48:48.428906,13,3433203,3390433,1176071,Discharging,Good,370,528781,3800000,3800000,0,449616,1176071,3433203,4037,38289,resting
2026-07-24T21:48:58.430955,13,3439062,3390383,1121139,Discharging,Good,370,525852,3800000,3800000,0,469033,1121139,3439062,3668,38265,resting
2026-07-24T21:49:08.433036,13,3441601,3390475,1058346,Discharging,Good,370,522741,3800000,3800000,0,493922,1058346,3441601,3642,38250,resting
2026-07-24T21:49:18.515288,13,3441601,3390451,1062497,Discharging,Good,370,519854,3800000,3800000,0,489275,1062497,3441601,3656,38226,resting
2026-07-24T21:49:28.599660,13,3431835,3390376,1174166,Discharging,Good,370,516920,3800000,3800000,0,440244,1174166,3431835,4029,38203,resting
2026-07-24T21:49:38.686778,13,3441601,3390330,1061398,Discharging,Good,370,514105,3800000,3800000,0,484365,1061398,3441601,3652,38171,resting
2026-07-24T21:49:48.767304,13,3440429,3390372,1055990,Discharging,Good,370,511517,3800000,3800000,0,484395,1055990,3440429,3633,38164,resting
2026-07-24T21:49:58.769297,13,3435937,3390412,1132687,Discharging,Good,370,508939,3800000,3800000,0,449320,1132687,3435937,3890,38132,resting
2026-07-24T21:50:08.771286,13,3440039,3390474,1062204,Discharging,Good,370,506073,3800000,3800000,0,476436,1062204,3440039,3654,38117,resting
2026-07-24T21:50:18.773190,13,3429101,3390416,1176559,Discharging,Good,370,503407,3800000,3800000,0,427863,1176559,3429101,4034,38093,resting
2026-07-24T21:50:28.852393,13,3429296,3389982,1178903,Discharging,Good,370,500415,3800000,3800000,0,424475,1178903,3429296,4042,38085,resting
2026-07-24T21:50:38.930827,13,3429296,3389332,1176962,Discharging,Good,370,497484,3800000,3800000,0,422684,1176962,3429296,4036,38085,resting
2026-07-24T21:50:49.017028,13,3437695,3388684,1058127,Discharging,Good,370,494566,3800000,3800000,0,467397,1058127,3437695,3637,38062,resting
2026-07-24T21:50:59.019118,12,3430859,3388492,1132858,Discharging,Good,370,491958,3800000,3800000,0,434262,1132858,3430859,3692,38039,resting
2026-07-24T21:51:09.021206,12,3427148,3388308,1191293,Discharging,Good,370,488812,3800000,3800000,0,410320,1191293,3427148,4082,38015,resting
2026-07-24T21:51:19.023240,12,3421093,3388183,1247921,Discharging,Good,370,485859,3800000,3800000,0,389334,1247921,3421093,4267,37992,resting
2026-07-24T21:51:29.107762,12,3426367,3388088,1175558,Discharging,Good,370,482911,3800000,3800000,0,410793,1175558,3426367,4027,37968,resting
2026-07-24T21:51:39.198650,12,3425976,3387891,1176107,Discharging,Good,370,480047,3800000,3800000,0,408166,1176107,3425976,4029,37953,resting
2026-07-24T21:51:49.285440,12,3425781,3387742,1180062,Discharging,Good,370,477456,3800000,3800000,0,404602,1180062,3425781,4042,37929,resting
2026-07-24T21:51:59.287413,12,3434765,3387650,1058761,Discharging,Good,370,474891,3800000,3800000,0,448534,1058761,3434765,3636,37914,resting
2026-07-24T21:52:09.289412,12,3425195,3387366,1178195,Discharging,Good,370,471733,3800000,3800000,0,400386,1178195,3425195,4035,37890,resting
2026-07-24T21:52:19.291375,12,3424414,3386878,1178231,Discharging,Good,370,468994,3800000,3800000,0,398049,1178231,3424414,4034,37875,resting
2026-07-24T21:52:29.379661,12,3423828,3386286,1181466,Discharging,Good,370,466087,3800000,3800000,0,394498,1181466,3423828,4044,37859,resting
2026-07-24T21:52:39.466566,12,3418554,3385474,1240511,Discharging,Good,370,463082,3800000,3800000,0,373299,1240511,3418554,4240,37851,resting
2026-07-24T21:52:49.552845,12,3422656,3384855,1181137,Discharging,Good,370,460492,3800000,3800000,0,389871,1181137,3422656,4042,37828,resting
2026-07-24T21:52:59.630218,12,3422070,3384367,1178768,Discharging,Good,370,457577,3800000,3800000,0,388182,1178768,3422070,4033,37820,resting
2026-07-24T21:53:09.632213,11,3426562,3384053,1129599,Discharging,Good,370,454719,3800000,3800000,0,402549,1129599,3426562,3869,37804,resting
2026-07-24T21:53:19.705396,11,3428125,3383686,1093197,Discharging,Good,370,451765,3800000,3800000,0,413251,1093197,3428125,3747,37835,resting
2026-07-24T21:53:29.794468,11,3410156,3383498,1287533,Discharging,Good,370,448189,3800000,3800000,0,348099,1287533,3410156,4390,37835,resting
2026-07-24T21:53:39.874330,11,3329492,3381847,2230328,Discharging,Good,370,443671,3800000,3800000,0,198926,2230328,3329492,7424,37906,resting
2026-07-24T21:53:49.954380,11,3329492,3375999,2228119,Discharging,Good,370,438399,3800000,3800000,0,196757,2228119,3329492,7418,38132,resting
2026-07-24T21:54:00.034408,11,3328515,3369723,2178070,Discharging,Good,370,432914,3800000,3800000,0,198760,2178070,3328515,7249,38312,resting
2026-07-24T21:54:10.116110,11,3325000,3362807,2203973,Discharging,Good,370,427483,3800000,3800000,0,193960,2203973,3325000,7328,38484,resting
2026-07-24T21:54:20.117898,11,3326953,3354165,2141803,Discharging,Good,370,422727,3800000,3800000,0,197369,2141803,3326953,7124,38609,resting
2026-07-24T21:54:30.119657,10,3318750,3346997,2211224,Discharging,Good,370,416637,3800000,3800000,0,188419,2211224,3318750,7338,38734,resting
2026-07-24T21:54:40.202345,10,3313085,3339531,2257294,Discharging,Good,370,410437,3800000,3800000,0,181827,2257294,3313085,7476,38921,resting
2026-07-24T21:54:50.204632,10,3325781,3332362,2111017,Discharging,Good,370,405605,3800000,3800000,0,192137,2111017,3325781,7020,39046,resting
2026-07-24T21:55:00.286415,10,3324414,3325264,2085773,Discharging,Good,370,400020,3800000,3800000,0,191785,2085773,3324414,6933,39171,resting
2026-07-24T21:55:10.367136,10,3310546,3317129,2210736,Discharging,Good,370,394476,3800000,3800000,0,178436,2210736,3310546,7318,39281,resting
2026-07-24T21:55:20.368880,10,3318554,3311935,2119415,Discharging,Good,370,388949,3800000,3800000,0,183517,2119415,3318554,7033,39367,resting
2026-07-24T21:55:30.370654,10,3319140,3305736,2098639,Discharging,Good,370,383415,3800000,3800000,0,182696,2098639,3319140,6965,39460,resting
2026-07-24T21:55:40.454641,9,3302929,3299905,2297894,Discharging,Good,370,377382,3800000,3800000,0,164229,2297894,3302929,7587,39546,resting
2026-07-24T21:55:50.456396,9,3305273,3294568,2232220,Discharging,Good,370,371875,3800000,3800000,0,166594,2232220,3305273,7378,39625,resting
2026-07-24T21:56:00.538435,9,3300781,3288584,2264215,Discharging,Good,370,366350,3800000,3800000,0,161800,2264215,3300781,7472,39703,resting
2026-07-24T21:56:10.619114,9,3312109,3283898,2102033,Discharging,Good,370,360948,3800000,3800000,0,171713,2102033,3312109,6962,39796,resting
2026-07-24T21:56:20.620834,9,3312500,3279266,2089496,Discharging,Good,370,355394,3800000,3800000,0,170085,2089496,3312500,6921,39875,resting
2026-07-24T21:56:30.622489,9,3299414,3274060,2228668,Discharging,Good,370,349866,3800000,3800000,0,156984,2228668,3299414,7353,39953,resting
2026-07-24T21:56:40.702431,9,3306054,3269936,2124896,Discharging,Good,370,344235,3800000,3800000,0,162000,2124896,3306054,7024,40015,resting
2026-07-24T21:56:50.782450,8,3293359,3265986,2275055,Discharging,Good,370,338715,3800000,3800000,0,148882,2275055,3293359,7492,40062,resting
2026-07-24T21:57:00.862418,8,3296093,3261355,2223798,Discharging,Good,370,333219,3800000,3800000,0,149842,2223798,3296093,7329,40132,resting
2026-07-24T21:57:10.944503,8,3306054,3257870,2093109,Discharging,Good,370,327771,3800000,3800000,0,156595,2093109,3306054,6919,40210,resting
2026-07-24T21:57:20.946201,8,3289843,3254873,2264679,Discharging,Good,370,322213,3800000,3800000,0,142277,2264679,3289843,7450,40289,resting
2026-07-24T21:57:30.947936,8,3300195,3251926,2100946,Discharging,Good,370,316664,3800000,3800000,0,150724,2100946,3300195,6933,40351,resting
2026-07-24T21:57:41.030408,8,3285937,3248792,2286529,Discharging,Good,370,310946,3800000,3800000,0,135990,2286529,3285937,7513,40414,resting
2026-07-24T21:57:51.110462,8,3285351,3245468,2286578,Discharging,Good,370,305007,3800000,3800000,0,133390,2286578,3285351,7511,40492,resting
2026-07-24T21:58:01.190472,1,3284179,3241815,2269903,Discharging,Good,370,299377,3800000,3800000,0,131889,2269903,3284179,7454,40554,resting
2026-07-24T21:58:11.192170,1,3276757,3239463,2370220,Discharging,Good,370,294385,3800000,3800000,0,124201,2370220,3276757,7764,40601,resting
2026-07-24T21:58:21.193880,1,3275976,3236795,2251581,Discharging,Good,370,288067,3800000,3800000,0,127939,2251581,3275976,7387,40664,resting
2026-07-24T21:58:31.196018,1,3274023,3233699,2328473,Discharging,Good,370,282479,3800000,3800000,0,121315,2328473,3274023,7621,40718,resting
2026-07-24T21:58:41.278387,1,3289648,3231262,2130109,Discharging,Good,370,276797,3800000,3800000,0,129944,2130109,3289648,7007,40773,resting
2026-07-24T22:32:21.250571,14,3330078,3342795,2091791,Discharging,Good,370,565903,3800000,3800000,0,270535,2091791,3330078,6964,28953,resting
2026-07-24T22:32:31.326274,14,3387695,3341864,1318832,Discharging,Good,370,562416,3800000,3800000,0,426450,1318832,3387695,4467,29156,resting
2026-07-24T22:32:41.411677,14,3391406,3341622,1180477,Discharging,Good,370,559137,3800000,3800000,0,473653,1180477,3391406,4003,29500,resting
2026-07-24T22:32:51.492259,14,3387304,3324085,1246200,Discharging,Good,370,567577,3800000,3800000,0,455446,1246200,3387304,4221,29617,resting
2026-07-24T22:33:01.575253,14,3366796,3323922,1441939,Discharging,Good,370,563572,3800000,3800000,0,390843,1441939,3366796,4852,29781,resting
2026-07-24T22:33:11.658460,14,3373242,3323707,1362313,Discharging,Good,370,559788,3800000,3800000,0,410909,1362313,3373242,4593,29921,resting
2026-07-24T22:33:21.736226,14,3390039,3323356,1147567,Discharging,Good,370,556924,3800000,3800000,0,485308,1147567,3390039,3890,30031,resting
2026-07-24T22:33:31.808396,14,3370507,3323232,1365780,Discharging,Good,370,553131,3800000,3800000,0,404992,1365780,3370507,4602,30171,resting
2026-07-24T22:33:41.895380,14,3390039,3323263,1136105,Discharging,Good,370,549976,3800000,3800000,0,484089,1136105,3390039,3851,30312,resting
2026-07-24T22:33:51.971692,14,3398242,3323595,1020236,Discharging,Good,370,547359,3800000,3800000,0,536502,1020236,3398242,3467,30453,resting
2026-07-24T22:34:02.061763,14,3397265,3323956,1017856,Discharging,Good,370,544532,3800000,3800000,0,534979,1017856,3397265,3457,30539,resting
2026-07-24T22:34:12.135980,14,3391015,3324302,1099435,Discharging,Good,370,541479,3800000,3800000,0,492506,1099435,3391015,3728,30609,resting
2026-07-24T22:34:22.223489,14,3399804,3325479,989255,Discharging,Good,370,539008,3800000,3800000,0,544862,989255,3399804,3363,30671,resting
2026-07-24T22:34:32.312086,14,3389453,3325863,1103940,Discharging,Good,370,535942,3800000,3800000,0,485481,1103940,3389453,3741,30718,resting
2026-07-24T22:34:42.391002,14,3393945,3326214,1029794,Discharging,Good,370,533082,3800000,3800000,0,517658,1029794,3393945,3495,30796,resting
2026-07-24T22:34:52.468687,13,3393359,3326980,1026840,Discharging,Good,370,530569,3800000,3800000,0,516700,1026840,3393359,3484,30882,resting
2026-07-24T22:35:02.470729,13,3342968,3326904,1619234,Discharging,Good,370,526521,3800000,3800000,0,325166,1619234,3342968,5412,30914,resting
2026-07-24T22:35:12.554629,13,3364062,3326729,1357760,Discharging,Good,370,522750,3800000,3800000,0,385009,1357760,3364062,4566,31007,resting
2026-07-24T22:35:22.630292,13,3357617,3326324,1410921,Discharging,Good,370,519618,3800000,3800000,0,368282,1410921,3357617,4735,31148,resting
2026-07-24T22:35:32.710642,13,3377343,3326280,1155929,Discharging,Good,370,516408,3800000,3800000,0,446747,1155929,3377343,3904,31343,resting
2026-07-24T22:35:42.798909,13,3257421,3325474,2491204,Discharging,Good,370,509488,3800000,3800000,0,204514,2491204,3257421,8112,31703,resting
2026-07-24T22:35:52.882369,13,3342773,3322956,1444490,Discharging,Good,370,505424,3800000,3800000,0,349897,1444490,3342773,4827,32125,resting
2026-07-24T22:36:02.963611,13,3309765,3321857,1811653,Discharging,Good,370,500392,3800000,3800000,0,276207,1811653,3309765,5994,32437,resting
2026-07-24T22:36:13.046334,13,3334765,3321039,1509139,Discharging,Good,370,496200,3800000,3800000,0,328796,1509139,3334765,5027,32656,resting
2026-07-24T22:36:23.118331,12,3339453,3318753,1432662,Discharging,Good,370,492743,3800000,3800000,0,343935,1432662,3339453,4780,32867,resting
2026-07-24T22:36:33.198713,12,3355273,3318225,1266781,Discharging,Good,370,489225,3800000,3800000,0,386195,1266781,3355273,4249,33023,resting
2026-07-24T22:36:43.283612,12,3335156,3317801,1533943,Discharging,Good,370,484965,3800000,3800000,0,316155,1533943,3335156,5112,33195,resting
2026-07-24T22:36:53.366385,12,3332421,3316423,1488216,Discharging,Good,370,481609,3800000,3800000,0,323614,1488216,3332421,4957,33375,resting
2026-07-24T22:37:03.451180,12,3329492,3315949,1546858,Discharging,Good,370,477313,3800000,3800000,0,308569,1546858,3329492,5146,33492,resting
2026-07-24T22:37:13.538589,12,3326171,3315464,1567085,Discharging,Good,370,472960,3800000,3800000,0,301808,1567085,3326171,5209,33554,resting
2026-07-24T22:37:23.622408,12,3327929,3313941,1572347,Discharging,Good,370,469215,3800000,3800000,0,298416,1572347,3327929,5228,33546,resting
2026-07-24T22:37:33.698554,12,3339843,3313301,1363973,Discharging,Good,370,465427,3800000,3800000,0,341228,1363973,3339843,4553,33523,resting
2026-07-24T22:37:43.783617,12,3303710,3312394,1753071,Discharging,Good,370,460558,3800000,3800000,0,262714,1753071,3303710,5787,33554,resting
2026-07-24T22:37:53.870077,12,3268945,3309744,2204242,Discharging,Good,370,456744,3800000,3800000,0,207211,2204242,3268945,7205,33585,resting
2026-07-24T22:38:03.950555,11,3333789,3309097,1419674,Discharging,Good,370,452801,3800000,3800000,0,318947,1419674,3333789,4729,33539,resting
2026-07-24T22:38:14.034836,11,3297656,3307989,1858930,Discharging,Good,370,447638,3800000,3800000,0,240804,1858930,3297656,6124,33500,resting
2026-07-24T22:38:24.119389,11,3323046,3304923,1532747,Discharging,Good,370,443788,3800000,3800000,0,289537,1532747,3323046,5089,33523,resting
2026-07-24T22:38:34.202609,11,3332031,3303965,1384603,Discharging,Good,370,439942,3800000,3800000,0,317738,1384603,3332031,4609,33523,resting
2026-07-24T22:38:44.271452,11,3328906,3303228,1405294,Discharging,Good,370,436039,3800000,3800000,0,310283,1405294,3328906,4674,33515,resting
2026-07-24T22:38:54.354617,11,3308203,3300670,1645576,Discharging,Good,370,432267,3800000,3800000,0,262684,1645576,3308203,5439,33531,resting
2026-07-24T22:39:04.436604,11,3328125,3300038,1399483,Discharging,Good,370,428380,3800000,3800000,0,306098,1399483,3328125,4654,33546,resting
2026-07-24T22:39:14.518751,11,3334375,3299209,1342696,Discharging,Good,370,424651,3800000,3800000,0,316267,1342696,3334375,4475,33546,resting
2026-07-24T22:39:24.590328,11,3314062,3297427,1613557,Discharging,Good,370,421198,3800000,3800000,0,261036,1613557,3314062,5343,33554,resting
2026-07-24T22:39:34.676161,10,3335937,3297074,1245016,Discharging,Good,370,417740,3800000,3800000,0,335529,1245016,3335937,4151,33562,resting
2026-07-24T22:39:44.758379,10,3308984,3296662,1559859,Discharging,Good,370,413408,3800000,3800000,0,265029,1559859,3308984,5157,33570,resting
2026-07-24T22:39:54.837473,10,3310156,3295740,1536531,Discharging,Good,370,409721,3800000,3800000,0,229027,1788960,3291406,5879,33617,resting
2026-07-24T22:40:04.922558,10,3317773,3293777,1489803,Discharging,Good,370,405375,3800000,3800000,0,272099,1489803,3317773,4938,33640,resting
2026-07-24T22:40:15.006545,10,3326367,3292972,1365047,Discharging,Good,370,401584,3800000,3800000,0,294190,1365047,3326367,4534,33664,resting
2026-07-24T22:40:25.008363,10,3312304,3291768,1484310,Discharging,Good,370,398295,3800000,3800000,0,268336,1484310,3312304,4911,33687,resting
2026-07-24T22:40:35.091553,10,3312890,3291344,1496382,Discharging,Good,370,393723,3800000,3800000,0,263116,1496382,3312890,4952,33710,resting
2026-07-24T22:40:45.174324,10,3302734,3290698,1597359,Discharging,Good,370,389286,3800000,3800000,0,243706,1597359,3302734,5270,33742,resting
2026-07-24T22:40:55.334556,10,3301953,3288911,1563045,Discharging,Good,370,385823,3800000,3800000,0,246840,1563045,3301953,5156,33789,resting
2026-07-24T22:41:05.416580,10,3318359,3288491,1376278,Discharging,Good,370,382001,3800000,3800000,0,277560,1376278,3318359,4564,33812,resting
2026-07-24T22:41:15.498335,9,3318554,3288082,1386373,Discharging,Good,370,378150,3800000,3800000,0,272762,1386373,3318554,4597,33828,resting
2026-07-24T22:41:25.578809,9,3314257,3287424,1372225,Discharging,Good,370,374627,3800000,3800000,0,273006,1372225,3314257,4545,33867,resting
2026-07-24T22:41:35.663271,9,3301562,3286725,1529048,Discharging,Good,370,370380,3800000,3800000,0,242229,1529048,3301562,5045,33882,resting
2026-07-24T22:41:45.746470,1,3298242,3285932,1537251,Discharging,Good,370,366110,3800000,3800000,0,238158,1537251,3298242,5066,33921,resting
2026-07-24T22:41:55.830999,1,3313671,3285292,1393660,Discharging,Good,370,362239,3800000,3800000,0,259919,1393660,3313671,4615,33960,resting
2026-07-24T22:42:05.916240,1,3295117,3283919,1598091,Discharging,Good,370,357800,3800000,3800000,0,223892,1598091,3295117,5261,34007,resting
2026-07-24T22:42:16.000356,1,3305664,3283323,1409102,Discharging,Good,370,353886,3800000,3800000,0,251142,1409102,3305664,4655,34039,resting
2026-07-24T22:56:33.068913,0,3267578,3303107,2360284,Discharging,Good,370,0,3800000,3800000,0,0,2360284,3267578,7710,29867,resting
2026-07-24T22:56:43.156029,0,3342773,3302063,1350362,Discharging,Good,370,0,3800000,3800000,0,0,1350362,3342773,4513,30031,resting
2026-07-25T07:12:21.802380,99,3979687,3963639,1867988,Discharging,Good,370,3797080,3800000,3800000,0,2032711,1867988,3979687,7431,32445,resting
2026-07-25T07:12:31.882153,99,4035156,3963383,1120529,Discharging,Good,370,3794012,3800000,3800000,0,3385911,1120529,4035156,4521,32640,resting
2026-07-25T07:12:41.968257,99,3969335,3962912,1885481,Discharging,Good,370,3788775,3800000,3800000,0,2009447,1885481,3969335,7483,32851,resting
2026-07-25T07:12:52.052088,99,3958789,3963575,1965278,Discharging,Good,370,3796179,3800000,3800000,0,1931624,1965278,3958789,7779,33078,resting
2026-07-25T07:13:02.149247,99,4021093,3963299,1204684,Discharging,Good,370,3792833,3800000,3800000,0,3148404,1204684,4021093,4844,33250,resting
2026-07-25T07:13:12.232199,99,4019726,3963122,1203549,Discharging,Good,370,3789490,3800000,3800000,0,3148596,1203549,4019726,4837,33460,resting
2026-07-25T07:13:22.315321,99,4030078,3962869,1074460,Discharging,Good,370,3786873,3800000,3800000,0,3524442,1074460,4030078,4330,33671,resting
2026-07-25T07:13:32.407399,99,4027148,3962597,1101840,Discharging,Good,370,3783408,3800000,3800000,0,3433718,1101840,4027148,4437,33851,resting
2026-07-25T07:13:42.492000,99,4032226,3962524,1025607,Discharging,Good,370,3780560,3800000,3800000,0,3686168,1025607,4032226,4135,34015,resting
2026-07-25T07:13:52.586619,99,4038867,3962572,948447,Discharging,Good,370,3778154,3800000,3800000,0,3983516,948447,4038867,3830,34140,resting
2026-07-25T07:14:02.662577,99,4020898,3962742,1159774,Discharging,Good,370,3774933,3800000,3800000,0,3254886,1159774,4020898,4661,34250,resting
2026-07-25T07:14:12.746338,99,4009375,3962860,1288143,Discharging,Good,370,3771355,3800000,3800000,0,2927745,1288143,4009375,5163,34359,resting
2026-07-25T07:14:22.825890,99,4029492,3963353,1023227,Discharging,Good,370,3769108,3800000,3800000,0,3683550,1023227,4029492,4123,34476,resting
2026-07-25T07:14:32.923959,99,4037695,3963593,928232,Discharging,Good,370,3766530,3800000,3800000,0,4057746,928232,4037695,3747,34570,resting
2026-07-25T07:14:43.010189,99,4009570,3963753,1255612,Discharging,Good,370,3763043,3800000,3800000,0,2996979,1255612,4009570,5034,34664,resting
2026-07-25T07:41:18.209174,79,3866210,3863457,1901313,Discharging,Good,370,3036330,3800000,3800000,0,1596964,1901313,3866210,7349,37625,resting
2026-07-25T07:41:28.288032,79,3921679,3862952,1151168,Discharging,Good,370,3033168,3800000,3800000,0,2634861,1151168,3921679,4514,37601,resting
2026-07-25T07:41:38.374591,79,3925000,3862929,1097287,Discharging,Good,370,3030120,3800000,3800000,0,2761465,1097287,3925000,4306,37468,resting
2026-07-25T07:41:48.456450,81,3876367,3883490,1651753,Discharging,Good,370,3112789,3800000,3800000,0,1884536,1651753,3876367,6402,37562,resting
2026-07-25T07:41:58.537701,81,3918359,3883050,1139206,Discharging,Good,370,3109625,3800000,3800000,0,2729642,1139206,3918359,4463,37523,resting
2026-07-25T07:42:08.616652,81,3910546,3882657,1236483,Discharging,Good,370,3106191,3800000,3800000,0,2512117,1236483,3910546,4835,37414,resting
2026-07-25T07:42:18.701416,81,3894921,3881554,1427694,Discharging,Good,370,3102820,3800000,3800000,0,2173308,1427694,3894921,5557,37335,resting
2026-07-25T07:42:28.776292,81,3919140,3881188,1136435,Discharging,Good,370,3099664,3800000,3800000,0,2727533,1136435,3919140,4453,37296,resting
2026-07-25T07:53:49.280725,79,3873437,3863197,1847785,Discharging,Good,370,3036429,3800000,3800000,0,1643280,1847785,3873437,7154,34726,resting
2026-07-25T07:53:59.367762,79,3925000,3862628,1115451,Discharging,Good,370,3033349,3800000,3800000,0,2719392,1115451,3925000,4378,34796,resting
2026-07-25T07:54:09.466603,79,3928906,3862622,1046042,Discharging,Good,370,3030444,3800000,3800000,0,2897057,1046042,3928906,4109,34765,resting
2026-07-25T07:54:19.551772,81,3859765,3883575,1858076,Discharging,Good,370,3112388,3800000,3800000,0,1675059,1858076,3859765,7171,34898,resting
2026-07-25T07:54:29.636622,81,3917968,3883190,1105722,Discharging,Good,370,3109317,3800000,3800000,0,2812024,1105722,3917968,4332,34914,resting
2026-07-25T07:54:39.719296,81,3910156,3882833,1207638,Discharging,Good,370,3105963,3800000,3800000,0,2571932,1207638,3910156,4722,34804,resting
2026-07-25T07:54:49.800753,81,3918750,3881983,1093210,Discharging,Good,370,3103259,3800000,3800000,0,2838666,1093210,3918750,4284,34750,resting
2026-07-25T07:54:59.880321,81,3937890,3881959,853452,Discharging,Good,370,3100889,3800000,3800000,0,3633349,853452,3937890,3360,34695,resting
2026-07-25T07:55:09.961705,81,3937695,3881973,857334,Discharging,Good,370,3098634,3800000,3800000,0,3614267,857334,3937695,3375,34648,resting
2026-07-25T07:55:20.041652,81,3953515,3882399,660105,Discharging,Good,370,3096873,3800000,3800000,0,4691485,660105,3953515,2609,34625,resting
2026-07-25T07:55:30.128704,81,3955468,3882786,649021,Discharging,Good,370,3095071,3800000,3800000,0,4768830,649021,3955468,2567,34578,resting
2026-07-25T07:55:40.213503,81,3955664,3883265,650718,Discharging,Good,370,3093264,3800000,3800000,0,4753616,650718,3955664,2574,34539,resting
2026-07-25T07:55:50.308857,81,3917187,3884536,1118856,Discharging,Good,370,3090857,3800000,3800000,0,2762515,1118856,3917187,4382,34531,resting
2026-07-25T07:56:00.409552,81,3924609,3884725,1003329,Discharging,Good,370,3088070,3800000,3800000,0,3077823,1003329,3924609,3937,34546,resting
2026-07-25T07:56:10.485008,81,3910351,3884627,1176168,Discharging,Good,370,3084803,3800000,3800000,0,2622757,1176168,3910351,4597,34539,resting
2026-07-25T07:56:20.565051,81,3927148,3884389,941672,Discharging,Good,370,3082670,3800000,3800000,0,3273613,941672,3927148,3698,34539,resting
2026-07-25T07:56:30.642948,81,3923632,3884125,980246,Discharging,Good,370,3079948,3800000,3800000,0,3142015,980246,3923632,3845,34546,resting
2026-07-25T07:56:40.732978,80,3922656,3883951,1007675,Discharging,Good,370,3077149,3800000,3800000,0,3053711,1007675,3922656,3952,34570,resting
2026-07-25T07:56:50.828939,80,3922460,3883549,981516,Discharging,Good,370,3074691,3800000,3800000,0,3132593,981516,3922460,3849,34585,resting
2026-07-25T07:57:00.905050,80,3925000,3883481,948325,Discharging,Good,370,3072057,3800000,3800000,0,3239455,948325,3925000,3722,34617,resting
2026-07-25T07:57:10.989687,80,3921093,3883439,998361,Discharging,Good,370,3069284,3800000,3800000,0,3074322,998361,3921093,3914,34656,resting
2026-07-25T07:57:21.080891,80,3929101,3883351,880405,Discharging,Good,370,3067012,3800000,3800000,0,3483637,880405,3929101,3459,34679,resting
2026-07-25T07:57:31.164866,80,3861718,3882793,1709187,Discharging,Good,370,3062265,3800000,3800000,0,1791650,1709187,3861718,6599,34742,resting
2026-07-25T07:57:41.260170,80,3920117,3882434,959360,Discharging,Good,370,3059601,3800000,3800000,0,3189210,959360,3920117,3760,34820,resting
2026-07-25T07:57:51.340212,80,3918359,3881604,989059,Discharging,Good,370,3057138,3800000,3800000,0,3090956,989059,3918359,3875,34835,resting
2026-07-25T07:58:01.424931,80,3919921,3881440,968161,Discharging,Good,370,3054449,3800000,3800000,0,3154897,968161,3919921,3795,34867,resting
2026-07-25T07:58:11.512524,80,3919921,3881347,955002,Discharging,Good,370,3051797,3800000,3800000,0,3195592,955002,3919921,3743,34906,resting
2026-07-25T07:58:21.595729,80,3916210,3880840,984457,Discharging,Good,370,3049357,3800000,3800000,0,3097501,984457,3916210,3855,34953,resting
2026-07-25T07:58:31.672874,80,3906640,3880651,1135263,Discharging,Good,370,3046204,3800000,3800000,0,2683258,1135263,3906640,4433,34992,resting
2026-07-25T07:58:41.756836,80,3902734,3880327,1144772,Discharging,Good,370,3043025,3800000,3800000,0,2658193,1144772,3902734,4467,35007,resting
2026-07-25T07:58:51.843727,80,3916796,3879378,957224,Discharging,Good,370,3040429,3800000,3800000,0,3176298,957224,3916796,3749,35039,resting
2026-07-25T07:59:01.932207,79,3916015,3879230,959567,Discharging,Good,370,3037764,3800000,3800000,0,3165765,959567,3916015,3757,35062,resting
2026-07-25T07:59:12.028337,79,3916601,3879159,959030,Discharging,Good,370,3035101,3800000,3800000,0,3164761,959030,3916601,3756,35078,resting
2026-07-25T07:59:22.110685,79,3901953,3878890,1135788,Discharging,Good,370,3032287,3800000,3800000,0,2669764,1135788,3901953,4431,35101,resting
2026-07-25T07:59:32.194422,79,3915625,3878637,957272,Discharging,Good,370,3029628,3800000,3800000,0,3164855,957272,3915625,3748,35140,resting
2026-07-25T07:59:42.279263,79,3908984,3878391,1031625,Discharging,Good,370,3026763,3800000,3800000,0,2933976,1031625,3908984,4032,35171,resting
2026-07-25T07:59:52.361629,79,3884765,3877598,1305294,Discharging,Good,370,3023967,3800000,3800000,0,2316694,1305294,3884765,5069,35226,resting
2026-07-25T08:00:02.363280,79,3896679,3877212,1160104,Discharging,Good,370,3021067,3800000,3800000,0,2604134,1160104,3896679,4520,35242,resting
2026-07-25T08:00:12.439710,79,3912109,3876887,972604,Discharging,Good,370,3018366,3800000,3800000,0,3103386,972604,3912109,3804,35257,resting
2026-07-25T08:00:22.521753,70,3890039,3804000,1213827,Discharging,Good,370,2697326,3800000,3800000,0,2222166,1213827,3890039,4720,35304,resting
2026-07-25T08:00:32.615819,70,3911132,3804408,961398,Discharging,Good,370,2694913,3800000,3800000,0,2803118,961398,3911132,3760,35312,resting
2026-07-25T08:00:42.693602,70,3910742,3804943,959103,Discharging,Good,370,2692249,3800000,3800000,0,2807048,959103,3910742,3750,35312,resting
2026-07-25T08:00:52.780738,79,3910742,3864000,968503,Discharging,Good,370,3039731,3800000,3800000,0,3138587,968503,3910742,3787,35320,resting
2026-07-25T08:01:02.855914,79,3910742,3864000,976584,Discharging,Good,370,3037019,3800000,3800000,0,3109838,976584,3910742,3819,35343,resting
2026-07-25T08:01:12.939727,79,3910156,3864000,965488,Discharging,Good,370,3034338,3800000,3800000,0,3142802,965488,3910156,3775,35367,resting
2026-07-25T08:01:23.026302,79,3906250,3864000,1014023,Discharging,Good,370,3031901,3800000,3800000,0,2989972,1014023,3906250,3960,35390,resting
2026-07-25T08:01:33.111524,79,3909375,3864000,963657,Discharging,Good,370,3029225,3800000,3800000,0,3143468,963657,3909375,3767,35406,resting
2026-07-25T08:01:43.210617,79,3908789,3864000,972165,Discharging,Good,370,3026525,3800000,3800000,0,3113180,972165,3908789,3799,35445,resting
2026-07-25T08:02:15.028533,75,3822851,3843026,1990876,Discharging,Good,370,2884201,3800000,3800000,0,1448709,1990876,3822851,7607,35687,resting
2026-07-25T08:02:25.126264,75,3886718,3842280,1166696,Discharging,Good,370,2880993,3800000,3800000,0,2469360,1166696,3886718,4534,35835,resting
2026-07-25T08:16:51.098558,79,3862109,3863454,1750068,Discharging,Good,370,3036501,3800000,3800000,0,1735076,1750068,3862109,6757,32953,resting
2026-07-25T08:17:01.193488,79,3871679,3862724,1576302,Discharging,Good,370,3032610,3800000,3800000,0,1923876,1576302,3871679,6100,33132,resting
2026-07-25T08:17:11.274395,79,3897265,3862106,1192526,Discharging,Good,370,3029298,3800000,3800000,0,2540236,1192526,3897265,4646,33375,resting
2026-07-25T08:17:21.358255,79,3910742,3864000,1039584,Discharging,Good,370,3037979,3800000,3800000,0,2922302,1039584,3910742,4065,33476,resting
2026-07-25T08:17:31.439635,79,3904101,3864000,1115866,Discharging,Good,370,3034880,3800000,3800000,0,2719753,1115866,3904101,4356,33640,resting
2026-07-25T08:17:41.526226,79,3908984,3864000,1015622,Discharging,Good,370,3032059,3800000,3800000,0,2985420,1015622,3908984,3970,33781,resting
2026-07-25T08:17:51.621269,79,3915820,3864164,942331,Discharging,Good,370,3029753,3800000,3800000,0,3215168,942331,3915820,3689,33875,resting
2026-07-25T08:18:01.697053,79,3920507,3864341,871604,Discharging,Good,370,3027332,3800000,3800000,0,3473288,871604,3920507,3417,33960,resting
2026-07-25T08:18:11.782552,79,3921093,3864565,861496,Discharging,Good,370,3024939,3800000,3800000,0,3511262,861496,3921093,3378,34015,resting
2026-07-25T08:18:21.864657,79,3911718,3865183,946811,Discharging,Good,370,3022523,3800000,3800000,0,3192319,946811,3911718,3703,34078,resting
2026-07-25T08:18:31.949410,79,3917578,3865432,887827,Discharging,Good,370,3020057,3800000,3800000,0,3401627,887827,3917578,3477,34125,resting
2026-07-25T08:18:42.030499,79,3917578,3865697,876792,Discharging,Good,370,3017622,3800000,3800000,0,3441662,876792,3917578,3434,34164,resting
2026-07-25T08:18:52.114583,79,3904296,3866411,1021091,Discharging,Good,370,3015195,3800000,3800000,0,2952915,1021091,3904296,3986,34218,resting
2026-07-25T08:19:02.196296,79,3917773,3866522,858225,Discharging,Good,370,3012812,3800000,3800000,0,3510515,858225,3917773,3362,34273,resting
2026-07-25T08:19:12.272265,79,3917382,3866690,865793,Discharging,Good,370,3010408,3800000,3800000,0,3477052,865793,3917382,3391,34312,resting
2026-07-25T08:19:22.357479,79,3933984,3867305,653550,Discharging,Good,370,3008785,3800000,3800000,0,4603756,653550,3933984,2571,34351,resting
2026-07-25T08:19:32.438891,79,3935156,3867677,648985,Discharging,Good,370,3006983,3800000,3800000,0,4633362,648985,3935156,2553,34375,resting
2026-07-25T08:19:42.515413,79,3934570,3868119,657725,Discharging,Good,370,3005156,3800000,3800000,0,4569015,657725,3934570,2587,34414,resting
2026-07-25T08:19:52.600010,79,3935546,3869494,663670,Discharging,Good,370,3003508,3800000,3800000,0,4525604,663670,3935546,2611,34429,resting
2026-07-25T08:20:02.697618,78,3935546,3869931,658494,Discharging,Good,370,3001085,3800000,3800000,0,4557497,658494,3935546,2591,34460,resting
2026-07-25T08:20:12.783639,78,3935351,3870265,652256,Discharging,Good,370,2999274,3800000,3800000,0,4598308,652256,3935351,2566,34484,resting
2026-07-25T08:20:22.874562,78,3935156,3871376,654783,Discharging,Good,370,2997639,3800000,3800000,0,4578064,654783,3935156,2576,34515,resting
2026-07-25T08:20:32.954585,78,3934960,3871812,654453,Discharging,Good,370,2995822,3800000,3800000,0,4577596,654453,3934960,2575,34539,resting
2026-07-25T08:20:43.034552,78,3934960,3872273,653184,Discharging,Good,370,2994008,3800000,3800000,0,4583713,653184,3934960,2570,34554,resting
2026-07-25T08:20:53.122353,78,3934960,3873660,651670,Discharging,Good,370,2992367,3800000,3800000,0,4591844,651670,3934960,2564,34585,resting
2026-07-25T08:21:03.218557,78,3934179,3874128,656712,Discharging,Good,370,2990543,3800000,3800000,0,4553812,656712,3934179,2583,34601,resting
2026-07-25T08:21:13.304054,78,3933789,3874598,664414,Discharging,Good,370,2988698,3800000,3800000,0,4498246,664414,3933789,2613,34625,resting
2026-07-25T08:21:23.398588,78,3933593,3875974,657102,Discharging,Good,370,2987231,3800000,3800000,0,4546068,657102,3933593,2584,34648,resting
2026-07-25T08:21:33.490578,78,3933789,3876424,653135,Discharging,Good,370,2985417,3800000,3800000,0,4570903,653135,3933789,2569,34671,resting
2026-07-25T08:21:43.570012,78,3928125,3876760,716685,Discharging,Good,370,2983427,3800000,3800000,0,4162814,716685,3928125,2815,34710,resting
2026-07-25T08:21:53.655989,78,3932617,3877814,656699,Discharging,Good,370,2981975,3800000,3800000,0,4540855,656699,3932617,2582,34734,resting
2026-07-25T08:22:03.742560,78,3931054,3878190,664683,Discharging,Good,370,2980129,3800000,3800000,0,4483534,664683,3931054,2612,34757,resting
2026-07-25T08:22:13.829484,78,3931054,3878577,662010,Discharging,Good,370,2978291,3800000,3800000,0,4498861,662010,3931054,2602,34820,resting
2026-07-25T08:22:23.916455,78,3911914,3879696,888681,Discharging,Good,370,2976686,3800000,3800000,0,3349555,888681,3911914,3476,34867,resting
2026-07-25T08:22:34.002118,78,3910937,3879839,884909,Discharging,Good,370,2974228,3800000,3800000,0,3361055,884909,3910937,3460,34921,resting
2026-07-25T08:22:44.096017,78,3909960,3879846,884604,Discharging,Good,370,2971771,3800000,3800000,0,3359436,884604,3909960,3458,34937,resting
2026-07-25T08:22:54.175958,78,3908789,3879664,881406,Discharging,Good,370,2969528,3800000,3800000,0,3369080,881406,3908789,3445,34937,resting
2026-07-25T08:23:04.276003,78,3905859,3879525,953854,Discharging,Good,370,2966879,3800000,3800000,0,3110412,953854,3905859,3725,34921,resting
2026-07-25T08:23:14.351929,78,3907421,3879349,885923,Discharging,Good,370,2964419,3800000,3800000,0,3346136,885923,3907421,3461,34898,resting
2026-07-25T08:23:24.450628,77,3882617,3878719,1192953,Discharging,Good,370,2962012,3800000,3800000,0,2482924,1192953,3882617,4631,34875,resting
2026-07-25T08:23:34.527982,77,3906835,3878473,867490,Discharging,Good,370,2959603,3800000,3800000,0,3411685,867490,3906835,3389,34851,resting
2026-07-25T08:23:44.606875,77,3898437,3878233,974435,Discharging,Good,370,2956897,3800000,3800000,0,3034473,974435,3898437,3798,34843,resting
2026-07-25T08:23:54.693255,77,3903320,3877538,903366,Discharging,Good,370,2954639,3800000,3800000,0,3270699,903366,3903320,3526,34820,resting
2026-07-25T08:24:04.771223,77,3902148,3877315,903147,Discharging,Good,370,2952131,3800000,3800000,0,3268715,903147,3902148,3524,34804,resting
2026-07-25T08:24:14.854599,77,3902343,3877096,893271,Discharging,Good,370,2949650,3800000,3800000,0,3302077,893271,3902343,3485,34820,resting
2026-07-25T08:24:24.933845,77,3902539,3876462,887461,Discharging,Good,370,2947434,3800000,3800000,0,3321198,887461,3902539,3463,34789,resting
2026-07-25T08:24:35.032174,77,3900000,3876258,904013,Discharging,Good,370,2944923,3800000,3800000,0,3257611,904013,3900000,3525,34781,resting
2026-07-25T08:24:45.119964,77,3899804,3876057,909897,Discharging,Good,370,2942396,3800000,3800000,0,3233768,909897,3899804,3548,34773,resting
2026-07-25T08:24:55.121992,77,3899804,3875666,906455,Discharging,Good,370,2940292,3800000,3800000,0,3243726,906455,3899804,3538,34765,resting
2026-07-25T08:25:05.208953,77,3898632,3875287,903147,Discharging,Good,370,2937751,3800000,3800000,0,3252793,903147,3898632,3521,34765,resting
2026-07-25T08:25:15.309258,77,3898632,3875102,891526,Discharging,Good,370,2935275,3800000,3800000,0,3292416,891526,3898632,3492,34773,resting
2026-07-25T08:25:25.311260,77,3898632,3874741,888205,Discharging,Good,370,2933048,3800000,3800000,0,3302219,888205,3898632,3462,34781,resting
2026-07-25T08:25:35.394506,77,3898632,3874565,893051,Discharging,Good,370,2930568,3800000,3800000,0,3281523,893051,3898632,3481,34781,resting
2026-07-25T08:25:45.481653,77,3910546,3874392,748899,Discharging,Good,370,2928488,3800000,3800000,0,3910391,748899,3910546,2928,34781,resting
2026-07-25T08:25:55.580022,77,3917187,3874246,676792,Discharging,Good,370,2926781,3800000,3800000,0,4324491,676792,3917187,2651,34750,resting
2026-07-25T08:26:05.665844,76,3916796,3874199,681431,Discharging,Good,370,2924889,3800000,3800000,0,4292274,681431,3916796,2698,34742,resting
2026-07-25T08:26:15.742824,76,3893554,3874043,965158,Discharging,Good,370,2922209,3800000,3800000,0,3027700,965158,3893554,3757,34757,resting
2026-07-25T08:26:25.827808,76,3897265,3873411,910898,Discharging,Good,370,2919926,3800000,3800000,0,3205546,910898,3897265,3549,34781,resting
2026-07-25T08:26:35.922551,76,3895898,3872754,907480,Discharging,Good,370,2917406,3800000,3800000,0,3214843,907480,3895898,3535,34781,resting
2026-07-25T08:26:46.003110,76,3894921,3872363,923825,Discharging,Good,370,2914840,3800000,3800000,0,3155186,923825,3894921,3597,34804,resting
2026-07-25T08:26:56.086705,76,3894921,3872061,907236,Discharging,Good,370,2912320,3800000,3800000,0,3210101,907236,3894921,3533,34867,resting
2026-07-25T08:27:06.183998,76,3895312,3871533,894602,Discharging,Good,370,2910084,3800000,3800000,0,3252937,894602,3895312,3484,34898,resting
2026-07-25T08:27:16.267559,76,3890234,3871226,966525,Discharging,Good,370,2907400,3800000,3800000,0,3008096,966525,3890234,3759,34929,resting
2026-07-25T08:27:26.352464,76,3912695,3871095,684055,Discharging,Good,370,2905500,3800000,3800000,0,4247465,684055,3912695,2676,34929,resting
2026-07-25T08:27:36.439523,76,3913867,3870937,684812,Discharging,Good,370,2903789,3800000,3800000,0,4240271,684812,3913867,2680,34937,resting
2026-07-25T08:27:46.538926,76,3907812,3870988,756077,Discharging,Good,370,2901689,3800000,3800000,0,3837822,756077,3907812,2954,34953,resting
2026-07-25T08:27:56.619998,76,3913671,3871093,678147,Discharging,Good,370,2899806,3800000,3800000,0,4276072,678147,3913671,2654,34984,resting
2026-07-25T08:28:06.706528,76,3895312,3871070,896201,Discharging,Good,370,2897513,3800000,3800000,0,3233106,896201,3895312,3491,35015,resting
2026-07-25T08:28:16.785967,76,3893945,3870982,894345,Discharging,Good,370,2895029,3800000,3800000,0,3237038,894345,3893945,3482,35070,resting
2026-07-25T08:28:26.863044,76,3893554,3870886,897251,Discharging,Good,370,2892537,3800000,3800000,0,3223776,897251,3893554,3493,35117,resting
2026-07-25T08:28:36.950531,76,3891406,3870555,913254,Discharging,Good,370,2890266,3800000,3800000,0,3164799,913254,3891406,3553,35179,resting
2026-07-25T08:28:47.038764,76,3892382,3870104,891306,Discharging,Good,370,2888035,3800000,3800000,0,3240228,891306,3892382,3469,35226,resting
2026-07-25T08:28:57.040458,75,3877929,3869727,1060605,Discharging,Good,370,2885384,3800000,3800000,0,2720507,1060605,3877929,4112,35289,resting
2026-07-25T08:29:07.124943,75,3800781,3868515,2006122,Discharging,Good,370,2881294,3800000,3800000,0,1436250,2006122,3800781,7624,35359,resting
2026-07-25T08:29:17.212001,75,3887304,3867834,912937,Discharging,Good,370,2878759,3800000,3800000,0,3153294,912937,3887304,3548,35437,resting
2026-07-25T08:29:27.301835,75,3887500,3867257,914133,Discharging,Good,370,2876220,3800000,3800000,0,3146391,914133,3887500,3553,35476,resting
2026-07-25T08:29:37.386588,75,3888476,3865692,894333,Discharging,Good,370,2873970,3800000,3800000,0,3213534,894333,3888476,3477,35515,resting
2026-07-25T08:29:47.468039,75,3882617,3865254,962045,Discharging,Good,370,2871298,3800000,3800000,0,2984577,962045,3882617,3735,35546,resting
2026-07-25T08:29:57.544275,75,3887500,3864741,896152,Discharging,Good,370,2868809,3800000,3800000,0,3201252,896152,3887500,3483,35554,resting
2026-07-25T08:30:07.631113,75,3903515,3863394,691575,Discharging,Good,370,2866801,3800000,3800000,0,4145321,691575,3903515,2699,35585,resting
2026-07-25T08:30:17.726902,75,3905664,3863258,682359,Discharging,Good,370,2864906,3800000,3800000,0,4198531,682359,3905664,2665,35578,resting
2026-07-25T08:30:27.808637,75,3900000,3863173,764622,Discharging,Good,370,2862783,3800000,3800000,0,3744050,764622,3900000,2980,35593,resting
2026-07-25T08:30:37.886714,75,3906250,3863149,683543,Discharging,Good,370,2861267,3800000,3800000,0,4185935,683543,3906250,2670,35601,resting
2026-07-25T08:30:47.982898,75,3906640,3863184,689036,Discharging,Good,370,2859354,3800000,3800000,0,4149788,689036,3906640,2691,35625,resting
2026-07-25T08:30:58.070547,75,3902539,3863212,731919,Discharging,Good,370,2857321,3800000,3800000,0,3903875,731919,3902539,2856,35632,resting
2026-07-25T08:31:08.157579,75,3907031,3863471,685960,Discharging,Good,370,2855800,3800000,3800000,0,4163216,685960,3907031,2679,35656,resting
2026-07-25T08:31:18.241449,75,3906835,3863554,681895,Discharging,Good,370,2853906,3800000,3800000,0,4185257,681895,3906835,2663,35679,resting
2026-07-25T08:31:28.326605,75,3906835,3863720,684226,Discharging,Good,370,2852006,3800000,3800000,0,4168222,684226,3906835,2673,35710,resting
2026-07-25T08:31:38.412098,75,3905273,3864154,693613,Discharging,Good,370,2850026,3800000,3800000,0,4108957,693613,3905273,2708,35734,resting
2026-07-25T08:31:48.491239,74,3900781,3864248,750522,Discharging,Good,370,2847942,3800000,3800000,0,3794614,750522,3900781,2927,35773,resting
2026-07-25T08:31:58.590842,74,3906445,3864417,682786,Discharging,Good,370,2846046,3800000,3800000,0,4168284,682786,3906445,2667,35812,resting
2026-07-25T08:32:08.666575,74,3905664,3865007,684922,Discharging,Good,370,2844340,3800000,3800000,0,4152794,684922,3905664,2675,35828,resting
2026-07-25T08:32:18.753637,74,3905859,3865141,686094,Discharging,Good,370,2842435,3800000,3800000,0,4142923,686094,3905859,2679,35851,resting
2026-07-25T08:32:28.842751,74,3905468,3865332,679710,Discharging,Good,370,2840547,3800000,3800000,0,4179057,679710,3905468,2654,35898,resting
2026-07-25T08:32:38.926683,74,3905468,3865971,696958,Discharging,Good,370,2838825,3800000,3800000,0,4073165,696958,3905468,2721,35921,resting
2026-07-25T08:32:49.010621,74,3904492,3866104,693662,Discharging,Good,370,2836899,3800000,3800000,0,4089742,693662,3904492,2708,35953,resting
2026-07-25T08:32:59.097731,74,3904687,3866289,680967,Discharging,Good,370,2835008,3800000,3800000,0,4163209,680967,3904687,2658,35984,resting
2026-07-25T08:33:09.196053,74,3904296,3866730,684568,Discharging,Good,370,2833306,3800000,3800000,0,4138823,684568,3904296,2672,36015,resting
2026-07-25T08:33:19.274590,74,3900585,3866820,736973,Discharging,Good,370,2831259,3800000,3800000,0,3841740,736973,3900585,2874,36039,resting
2026-07-25T08:33:29.361443,74,3904296,3866972,679295,Discharging,Good,370,2829373,3800000,3800000,0,4165160,679295,3904296,2652,36062,resting
2026-07-25T08:33:39.441408,74,3903515,3867327,678721,Discharging,Good,370,2827821,3800000,3800000,0,4166396,678721,3903515,2649,36085,resting
2026-07-25T08:33:49.519087,74,3865234,3867066,1176669,Discharging,Good,370,2824553,3800000,3800000,0,2400465,1176669,3865234,4546,36132,resting
2026-07-25T09:47:13.078623,72,3820507,3823200,1833296,Discharging,Good,370,2770407,3800000,3800000,0,1511161,1833296,3820507,7000,32257,resting
2026-07-25T09:47:23.160985,72,3876171,3822597,1110434,Discharging,Good,370,2767341,3800000,3800000,0,2492125,1110434,3876171,4304,32453,resting
2026-07-25T09:47:33.243107,72,3790429,3821784,2088471,Discharging,Good,370,2761540,3800000,3800000,0,1322278,2088471,3790429,7916,32625,resting
2026-07-25T09:47:43.326441,67,3866601,3764255,1120541,Discharging,Good,370,2581822,3800000,3800000,0,2304085,1120541,3866601,4331,32820,resting
2026-07-25T09:47:53.411618,67,3858789,3764639,1183224,Discharging,Good,370,2578536,3800000,3800000,0,2179245,1183224,3858789,4565,32945,resting
2026-07-25T09:48:03.491894,67,3851367,3765521,1281490,Discharging,Good,370,2575350,3800000,3800000,0,2009652,1281490,3851367,4934,33125,resting
2026-07-25T09:48:13.570620,67,3872265,3767190,1006552,Discharging,Good,370,2572868,3800000,3800000,0,2556120,1006552,3872265,3897,33218,resting
2026-07-25T09:48:23.657713,67,3876757,3768018,934079,Discharging,Good,370,2570274,3800000,3800000,0,2751666,934079,3876757,3621,33335,resting
2026-07-25T09:48:33.738494,67,3855078,3768866,1197763,Discharging,Good,370,2566947,3800000,3800000,0,2143117,1197763,3855078,4616,33445,resting
2026-07-25T09:48:43.825426,67,3869726,3771444,1008835,Discharging,Good,370,2564454,3800000,3800000,0,2541995,1008835,3869726,3903,33601,resting
2026-07-25T09:48:53.911944,67,3874023,3772398,943332,Discharging,Good,370,2561834,3800000,3800000,0,2715728,943332,3874023,3654,33710,resting
2026-07-25T09:49:03.994377,67,3850000,3772868,1233969,Discharging,Good,370,2558407,3800000,3800000,0,2073315,1233969,3850000,4749,33820,resting
2026-07-25T09:49:14.071497,67,3872265,3774414,946066,Discharging,Good,370,2556040,3800000,3800000,0,2701756,946066,3872265,3662,33929,resting
2026-07-25T09:49:24.152599,67,3856640,3774943,1123654,Discharging,Good,370,2552919,3800000,3800000,0,2271979,1123654,3856640,4333,34039,resting
2026-07-25T09:49:34.234485,67,3844921,3775448,1219149,Discharging,Good,370,2549533,3800000,3800000,0,2091239,1219149,3844921,4686,34164,resting
2026-07-25T09:49:44.319883,67,3863085,3776993,1007260,Discharging,Good,370,2547191,3800000,3800000,0,2528831,1007260,3863085,3891,34281,resting
2026-07-25T09:49:54.395989,66,3866796,3777610,942746,Discharging,Good,370,2544573,3800000,3800000,0,2699107,942746,3866796,3645,34406,resting
2026-07-25T09:50:04.480131,66,3866796,3778742,947250,Discharging,Good,370,2541311,3800000,3800000,0,2682830,947250,3866796,3662,34515,resting
2026-07-25T09:50:14.557777,66,3863671,3780506,976560,Discharging,Good,370,2538897,3800000,3800000,0,2599837,976560,3863671,3772,34601,resting
2026-07-25T09:50:24.642323,66,3865625,3781139,950668,Discharging,Good,370,2536257,3800000,3800000,0,2667868,950668,3865625,3674,34687,resting
2026-07-25T09:50:34.738596,66,3864648,3781570,947275,Discharging,Good,370,2533626,3800000,3800000,0,2674646,947275,3864648,3660,34796,resting
2026-07-25T09:50:44.823490,66,3841796,3782868,1213827,Discharging,Good,370,2530885,3800000,3800000,0,2085045,1213827,3841796,4662,34937,resting
2026-07-25T09:50:54.898868,66,3848437,3783224,1127621,Discharging,Good,370,2527753,3800000,3800000,0,2241668,1127621,3848437,4339,35031,resting
2026-07-25T09:51:04.977806,66,3846875,3783571,1136483,Discharging,Good,370,2524597,3800000,3800000,0,2221412,1136483,3846875,4371,35132,resting
2026-07-25T09:51:15.058581,66,3857031,3784656,1013547,Discharging,Good,370,2522151,3800000,3800000,0,2488440,1013547,3857031,3909,35195,resting
2026-07-25T09:51:25.144457,66,3839453,3785021,1207101,Discharging,Good,370,2518798,3800000,3800000,0,2086650,1207101,3839453,4633,35250,resting
2026-07-25T09:51:35.228787,66,3858203,3785473,967404,Discharging,Good,370,2516111,3800000,3800000,0,2600889,967404,3858203,3732,35304,resting
2026-07-25T09:51:45.315800,66,3859179,3786882,952072,Discharging,Good,370,2513971,3800000,3800000,0,2640526,952072,3859179,3674,35343,resting
2026-07-25T09:51:55.409245,66,3857226,3787286,971848,Discharging,Good,370,2511272,3800000,3800000,0,2584017,971848,3857226,3748,35375,resting
2026-07-25T09:52:05.505071,66,3843359,3787642,1126327,Discharging,Good,370,2508144,3800000,3800000,0,2226834,1126327,3843359,4328,35382,resting
2026-07-25T09:52:15.604764,65,3863085,3788711,888034,Discharging,Good,370,2505924,3800000,3800000,0,2821878,888034,3863085,3430,35398,resting
2026-07-25T09:52:25.686645,65,3862695,3789152,899240,Discharging,Good,370,2503427,3800000,3800000,0,2783936,899240,3862695,3473,35406,resting
2026-07-25T09:52:35.771780,65,3854101,3789522,999265,Discharging,Good,370,2500652,3800000,3800000,0,2502491,999265,3854101,3851,35437,resting
2026-07-25T09:52:45.848207,65,3881640,3791009,667320,Discharging,Good,370,2498980,3800000,3800000,0,3744800,667320,3881640,2590,35453,resting
2026-07-25T09:52:55.935300,65,3882812,3791642,665464,Discharging,Good,370,2497132,3800000,3800000,0,3752467,665464,3882812,2583,35453,resting
2026-07-25T09:53:06.025347,65,3857617,3792234,959384,Discharging,Good,370,2494468,3800000,3800000,0,2600072,959384,3857617,3700,35515,resting
2026-07-25T09:53:16.106960,65,3856445,3793632,959274,Discharging,Good,370,2491994,3800000,3800000,0,2597791,959274,3856445,3806,35562,resting
2026-07-25T09:53:26.187180,65,3851171,3793974,997385,Discharging,Good,370,2489224,3800000,3800000,0,2495750,997385,3851171,3840,35625,resting
2026-07-25T09:53:36.271509,65,3828515,3794144,1280538,Discharging,Good,370,2485667,3800000,3800000,0,1941111,1280538,3828515,4900,35703,resting
2026-07-25T09:53:46.357236,65,3814453,3794176,1422420,Discharging,Good,370,2482920,3800000,3800000,0,1745560,1422420,3814453,5424,35804,resting
2026-07-25T09:53:56.449066,65,3848046,3794227,990012,Discharging,Good,370,2480170,3800000,3800000,0,2505191,990012,3848046,3809,35890,resting
2026-07-25T09:54:06.523418,65,3841406,3794205,1055759,Discharging,Good,370,2477238,3800000,3800000,0,2346404,1055759,3841406,4055,35960,resting
2026-07-25T09:54:16.024021,65,3826171,3793960,1198446,Discharging,Good,370,2473897,3800000,3800000,0,2064254,1198446,3826171,4462,36171,resting
2026-07-25T09:54:26.111080,65,3841796,3793952,1014352,Discharging,Good,370,2471080,3800000,3800000,0,2436116,1014352,3841796,3896,36257,resting
2026-07-25T09:54:36.196299,64,3818750,3793783,1285177,Discharging,Good,370,2467511,3800000,3800000,0,1919977,1285177,3818750,4907,36312,resting
2026-07-25T09:54:46.272511,64,3834570,3793125,1106576,Discharging,Good,370,2464491,3800000,3800000,0,2227132,1106576,3834570,4243,36414,resting
2026-07-25T09:54:56.359660,64,3830859,3792937,1111935,Discharging,Good,370,2461403,3800000,3800000,0,2213621,1111935,3830859,4259,36515,resting
2026-07-25T09:55:06.440128,64,3826171,3792492,1150314,Discharging,Good,370,2458414,3800000,3800000,0,2137167,1150314,3826171,4401,36632,resting
2026-07-25T09:55:16.441922,64,3832812,3792119,1080734,Discharging,Good,370,2455997,3800000,3800000,0,2272526,1080734,3832812,4142,36710,resting
2026-07-25T09:55:26.516461,64,3837500,3791838,1011081,Discharging,Good,370,2452908,3800000,3800000,0,2426025,1011081,3837500,3879,36765,resting
2026-07-25T09:55:36.592845,64,3837304,3791720,1004782,Discharging,Good,370,2450117,3800000,3800000,0,2438456,1004782,3837304,3855,36835,resting
2026-07-25T09:55:46.760230,64,3792968,3790380,1512313,Discharging,Good,370,2445647,3800000,3800000,0,1617156,1512313,3792968,5735,36953,resting
2026-07-25T09:55:56.845120,64,3799804,3789821,1398678,Discharging,Good,370,2441762,3800000,3800000,0,1745764,1398678,3799804,5314,37164,resting
2026-07-25T09:56:06.930540,64,3765429,3788876,1805110,Discharging,Good,370,2436748,3800000,3800000,0,1349916,1805110,3765429,6796,37312,resting
2026-07-25T09:56:17.012393,63,3779492,3786378,1564815,Discharging,Good,370,2431976,3800000,3800000,0,1554161,1564815,3779492,5914,37437,resting
2026-07-25T09:56:27.110399,63,3759179,3783898,1856611,Discharging,Good,370,2426819,3800000,3800000,0,1307123,1856611,3759179,6979,37617,resting
2026-07-25T09:56:37.194712,63,3747851,3782533,1969562,Discharging,Good,370,2421348,3800000,3800000,0,1229383,1969562,3747851,7381,37718,resting
2026-07-25T09:56:47.279349,57,3814453,3724085,1121335,Discharging,Good,370,2203066,3800000,3800000,0,1964681,1121335,3814453,4277,37835,resting
2026-07-25T09:56:57.377952,57,3802734,3724392,1277230,Discharging,Good,370,2199947,3800000,3800000,0,1722436,1277230,3802734,4857,37820,resting
2026-07-25T09:58:14.179591,60,3753710,3763225,1934736,Discharging,Good,370,2315724,3800000,3800000,0,1196919,1934736,3753710,7260,38031,resting
2026-07-25T09:58:24.261908,60,3778710,3762282,1550472,Discharging,Good,370,2311714,3800000,3800000,0,1490974,1550472,3778710,5855,38148,resting
2026-07-25T09:58:34.336953,60,3797851,3761827,1280074,Discharging,Good,370,2308159,3800000,3800000,0,1803144,1280074,3797851,4861,38445,resting
2026-07-25T09:58:44.428860,60,3805859,3704255,1196554,Discharging,Good,370,2305142,3800000,3800000,0,1926483,1196554,3805859,4553,38476,resting
2026-07-25T09:58:54.512923,60,3801757,3704639,1239254,Discharging,Good,370,2301700,3800000,3800000,0,1857327,1239254,3801757,4711,38539,resting
2026-07-25T09:59:04.600908,60,3791992,3705215,1317464,Discharging,Good,370,2298041,3800000,3800000,0,1744291,1317464,3791992,4995,38703,resting
2026-07-25T09:59:14.688052,60,3801757,3707087,1210580,Discharging,Good,370,2295054,3800000,3800000,0,1895830,1210580,3801757,4602,38734,resting
2026-07-25T09:59:24.775145,60,3740625,3707186,2033149,Discharging,Good,370,2289407,3800000,3800000,0,1126039,2033149,3740625,7604,38765,resting
2026-07-25T09:59:34.856944,60,3791406,3707452,1297884,Discharging,Good,370,2285802,3800000,3800000,0,1761175,1297884,3791406,4920,39023,resting
2026-07-25T09:59:44.932839,60,3787890,3708313,1314022,Discharging,Good,370,2282303,3800000,3800000,0,1736883,1314022,3787890,4977,39179,resting
2026-07-25T09:59:55.008550,59,3789843,3708731,1292110,Discharging,Good,370,2278714,3800000,3800000,0,1763560,1292110,3789843,4896,39210,resting
2026-07-25T10:00:05.102604,59,3812500,3709446,1011935,Discharging,Good,370,2275286,3800000,3800000,0,2248450,1011935,3812500,3857,39203,resting
2026-07-25T10:00:15.184713,59,3814453,3710843,988840,Discharging,Good,370,2272725,3800000,3800000,0,2298374,988840,3814453,3771,39218,resting
2026-07-25T10:00:25.283585,59,3791406,3711484,1324630,Discharging,Good,370,2269046,3800000,3800000,0,1712965,1324630,3791406,4197,39210,resting
2026-07-25T10:00:35.365234,59,3808593,3712191,1090402,Discharging,Good,370,2266018,3800000,3800000,0,2078149,1090402,3808593,4152,39203,resting
2026-07-25T10:00:45.447773,59,3816992,3714334,988657,Discharging,Good,370,2263543,3800000,3800000,0,2289512,988657,3816992,3773,39179,resting
2026-07-25T10:00:55.526798,59,3817187,3715189,987106,Discharging,Good,370,2260802,3800000,3800000,0,2290333,987106,3817187,3767,39164,resting
2026-07-25T10:01:05.609646,59,3769531,3715797,1548457,Discharging,Good,370,2256501,3800000,3800000,0,1457257,1548457,3769531,5833,39218,resting
2026-07-25T10:01:15.703793,59,3787109,3717023,1307101,Discharging,Good,370,2252815,3800000,3800000,0,1723520,1307101,3787109,4950,39296,resting
2026-07-25T10:01:25.789075,59,3779492,3717208,1359481,Discharging,Good,370,2249039,3800000,3800000,0,1654336,1359481,3779492,5137,39273,resting
2026-07-25T10:01:35.886807,59,3792187,3717366,1205319,Discharging,Good,370,2245691,3800000,3800000,0,1863150,1205319,3792187,4570,39320,resting
2026-07-25T10:01:45.964465,59,3793554,3717797,1192770,Discharging,Good,370,2242893,3800000,3800000,0,1880406,1192770,3793554,4524,39335,resting
2026-07-25T10:01:56.039075,58,3802734,3718139,1051364,Discharging,Good,370,2239973,3800000,3800000,0,2130539,1051364,3802734,3997,39320,resting
2026-07-25T10:02:06.121089,58,3777148,3718286,1367550,Discharging,Good,370,2236175,3800000,3800000,0,1635168,1367550,3777148,5164,39328,resting
2026-07-25T10:02:16.202519,58,3781054,3718732,1321126,Discharging,Good,370,2232792,3800000,3800000,0,1690067,1321126,3781054,4995,39359,resting
2026-07-25T10:02:26.282029,58,3776757,3718877,1375985,Discharging,Good,370,2228970,3800000,3800000,0,1619908,1375985,3776757,4994,39414,resting
2026-07-25T10:02:36.365521,58,3783398,3719109,1255721,Discharging,Good,370,2225482,3800000,3800000,0,1772274,1255721,3783398,4750,39468,resting
2026-07-25T10:02:46.439441,58,3780273,3719675,1293099,Discharging,Good,370,2222149,3800000,3800000,0,1718467,1293099,3780273,4887,39523,resting
2026-07-25T10:02:56.519634,58,3800000,3719811,1065719,Discharging,Good,370,2219189,3800000,3800000,0,2082339,1065719,3800000,4049,39500,resting
2026-07-25T10:03:06.605079,58,3770312,3719814,1410079,Discharging,Good,370,2215273,3800000,3800000,0,1571027,1410079,3770312,5315,39500,resting
2026-07-25T10:03:16.691689,58,3790429,3720094,1173068,Discharging,Good,370,2212191,3800000,3800000,0,1885816,1173068,3790429,4446,39539,resting
2026-07-25T10:03:26.773188,58,3791796,3720412,1158786,Discharging,Good,370,2208973,3800000,3800000,0,1906282,1158786,3791796,4393,39500,resting
2026-07-25T10:03:36.858826,58,3762304,3720421,1492586,Discharging,Good,370,2204827,3800000,3800000,0,1477185,1492586,3762304,5615,39554,resting
2026-07-25T10:03:46.934720,57,3772265,3720275,1366598,Discharging,Good,370,2201889,3800000,3800000,0,1611219,1366598,3772265,5154,39570,resting
2026-07-25T10:03:57.017229,57,3796679,3720463,1051376,Discharging,Good,370,2198969,3800000,3800000,0,2091515,1051376,3796679,3991,39539,resting
2026-07-25T10:04:07.102247,57,3779296,3720715,1276302,Discharging,Good,370,2195424,3800000,3800000,0,1720144,1276302,3779296,4823,39523,resting
2026-07-25T10:04:17.193111,57,3772656,3721468,1360262,Discharging,Good,370,2192216,3800000,3800000,0,1611613,1360262,3772656,5131,39515,resting
2026-07-25T10:04:27.275281,57,3796484,3721717,1038681,Discharging,Good,370,2189331,3800000,3800000,0,2107799,1038681,3796484,3943,39523,resting
2026-07-25T10:04:37.357526,57,3777929,3721893,1270297,Discharging,Good,370,2185803,3800000,3800000,0,1720702,1270297,3777929,4798,39515,resting
2026-07-25T10:04:47.444130,57,3773828,3722324,1343441,Discharging,Good,370,2182988,3800000,3800000,0,1624922,1343441,3773828,5069,39515,resting
2026-07-25T10:04:57.518774,57,3794531,3722535,1049509,Discharging,Good,370,2180073,3800000,3800000,0,2077231,1049509,3794531,3982,39539,resting
2026-07-25T10:05:07.605470,57,3748632,3722756,1662263,Discharging,Good,370,2176447,3800000,3800000,0,1309327,1662263,3748632,6230,39554,resting
2026-07-25T10:05:17.694329,57,3758984,3722296,1502486,Discharging,Good,370,2173286,3800000,3800000,0,1446460,1502486,3758984,5624,39664,resting
2026-07-25T10:05:27.778439,57,3769921,3722209,1335555,Discharging,Good,370,2169577,3800000,3800000,0,1624475,1335555,3769921,5034,39671,resting
2026-07-25T10:05:37.865313,57,3780078,3722270,1188656,Discharging,Good,370,2166276,3800000,3800000,0,1822458,1188656,3780078,4492,39695,resting
2026-07-25T10:05:47.867300,56,3753320,3722343,1573543,Discharging,Good,370,2163333,3800000,3800000,0,1374816,1573543,3753320,5905,39695,resting
2026-07-25T10:05:57.950168,56,3754492,3722147,1494185,Discharging,Good,370,2159183,3800000,3800000,0,1445057,1494185,3754492,5558,39726,resting
2026-07-25T10:06:08.034377,56,3748437,3721810,1565035,Discharging,Good,370,2154836,3800000,3800000,0,1376861,1565035,3748437,5864,39789,resting
2026-07-25T10:06:18.036055,56,3752148,3721379,1488753,Discharging,Good,370,2151028,3800000,3800000,0,1444852,1488753,3752148,5584,39820,resting
2026-07-25T10:06:28.121082,56,3777734,3721259,1181637,Discharging,Good,370,2147418,3800000,3800000,0,1817324,1181637,3777734,4463,39820,resting
2026-07-25T10:06:38.199317,56,3782617,3721304,1124557,Discharging,Good,370,2144295,3800000,3800000,0,1906790,1124557,3782617,4253,39781,resting
2026-07-25T10:06:48.287533,56,3716796,3720621,1911994,Discharging,Good,370,2138977,3800000,3800000,0,1118715,1911994,3716796,7105,39898,resting
2026-07-25T10:06:58.378299,56,3755468,3719956,1402681,Discharging,Good,370,2135081,3800000,3800000,0,1522142,1402681,3755468,5267,40000,resting
2026-07-25T10:07:08.460976,56,3758984,3719661,1353731,Discharging,Good,370,2131321,3800000,3800000,0,1574405,1353731,3758984,5088,40031,resting
2026-07-25T10:07:18.541563,56,3769140,3719303,1243588,Discharging,Good,370,2128440,3800000,3800000,0,1711531,1243588,3769140,4687,40039,resting
2026-07-25T10:07:28.637204,55,3767578,3718942,1253024,Discharging,Good,370,2124960,3800000,3800000,0,1695865,1253024,3767578,4720,40015,resting
2026-07-25T10:07:38.713416,55,3755664,3718843,1370211,Discharging,Good,370,2121154,3800000,3800000,0,1548049,1370211,3755664,5144,40039,resting
2026-07-25T10:07:48.797422,55,3753710,3718744,1425045,Discharging,Good,370,2117952,3800000,3800000,0,1486235,1425045,3753710,5347,40046,resting
2026-07-25T10:07:58.881837,55,3769921,3718592,1194564,Discharging,Good,370,2114606,3800000,3800000,0,1770190,1194564,3769921,4503,40070,resting
2026-07-25T10:08:08.958347,55,3770507,3718552,1184603,Discharging,Good,370,2111316,3800000,3800000,0,1782298,1184603,3770507,4466,40085,resting
2026-07-25T10:08:19.035997,55,3757812,3718447,1342928,Discharging,Good,370,2107586,3800000,3800000,0,1569396,1342928,3757812,5046,40062,resting
2026-07-25T10:08:29.119537,55,3716796,3717845,1884065,Discharging,Good,370,2103080,3800000,3800000,0,1116245,1884065,3716796,7000,40031,resting
2026-07-25T10:08:39.210612,55,3783984,3717655,972275,Discharging,Good,370,2100380,3800000,3800000,0,2160273,972275,3783984,3679,40117,resting
2026-07-25T10:08:49.293124,55,3752539,3717456,1356075,Discharging,Good,370,2096614,3800000,3800000,0,1546090,1356075,3752539,5086,40085,resting
2026-07-25T10:08:59.376261,55,3729492,3716682,1654744,Discharging,Good,370,2092190,3800000,3800000,0,1264358,1654744,3729492,6169,40148,resting
2026-07-25T10:09:09.456963,54,3737695,3716126,1489290,Discharging,Good,370,2088054,3800000,3800000,0,1402046,1489290,3737695,5562,40289,resting
2026-07-25T10:09:19.552909,54,3756640,3715695,1272457,Discharging,Good,370,2084520,3800000,3800000,0,1638185,1272457,3756640,4780,40343,resting
2026-07-25T10:09:29.645032,54,3755468,3714917,1287228,Discharging,Good,370,2081409,3800000,3800000,0,1616969,1287228,3755468,4833,40343,resting
2026-07-25T10:09:39.731160,54,3772851,3714702,1066537,Discharging,Good,370,2078447,3800000,3800000,0,1948780,1066537,3772851,4023,40390,resting
2026-07-25T10:09:49.824921,54,3757617,3714502,1242648,Discharging,Good,370,2074996,3800000,3800000,0,1669818,1242648,3757617,4668,40406,resting
2026-07-25T10:09:59.900842,54,3753125,3713700,1313302,Discharging,Good,370,2071455,3800000,3800000,0,1577287,1313302,3753125,4927,40421,resting
2026-07-25T10:10:58.959112,53,3699804,3703216,2030512,Discharging,Good,370,2049662,3800000,3800000,0,1009431,2030512,3699804,7511,40421,resting
2026-07-25T10:11:09.044334,53,3715039,3702225,1772383,Discharging,Good,370,2045391,3800000,3800000,0,1154034,1772383,3715039,6583,40515,resting
2026-07-25T10:11:19.127912,53,3750000,3701866,1273165,Discharging,Good,370,2041855,3800000,3800000,0,1603763,1273165,3750000,4774,40734,resting
2026-07-25T10:11:29.206975,53,3760351,3704000,1154147,Discharging,Good,370,2038964,3800000,3800000,0,1766641,1154147,3760351,4339,40687,resting
2026-07-25T10:11:39.289629,53,3751367,3703782,1291952,Discharging,Good,370,2035376,3800000,3800000,0,1575426,1291952,3751367,4846,40679,resting
2026-07-25T10:11:49.365204,53,3751562,3703640,1265048,Discharging,Good,370,2031862,3800000,3800000,0,1606154,1265048,3751562,4745,40687,resting
2026-07-25T10:11:59.462137,53,3763671,3703540,1126522,Discharging,Good,370,2029212,3800000,3800000,0,1801307,1126522,3763671,4239,40656,resting
2026-07-25T10:12:09.549164,53,3766992,3703664,1082553,Discharging,Good,370,2026205,3800000,3800000,0,1871691,1082553,3766992,4077,40625,resting
2026-07-25T10:12:19.624470,53,3766796,3703857,1084372,Discharging,Good,370,2023193,3800000,3800000,0,1865773,1084372,3766796,4084,40585,resting
2026-07-25T10:12:29.710012,53,3768554,3704662,1061276,Discharging,Good,370,2020653,3800000,3800000,0,1903984,1061276,3768554,3999,40539,resting
2026-07-25T10:12:39.795031,53,3777148,3704946,953488,Discharging,Good,370,2018005,3800000,3800000,0,2116445,953488,3777148,3601,40515,resting
2026-07-25T10:12:49.871248,53,3764453,3705236,1101339,Discharging,Good,370,2014946,3800000,3800000,0,1829542,1101339,3764453,4145,40468,resting
2026-07-25T10:12:59.958073,52,3768164,3705979,1063363,Discharging,Good,370,2012523,3800000,3800000,0,1892602,1063363,3768164,4006,40421,resting
2026-07-25T10:13:10.032250,52,3776171,3706319,953830,Discharging,Good,370,2009874,3800000,3800000,0,2107161,953830,3776171,3601,40367,resting
2026-07-25T10:13:20.111740,52,3767773,3706639,1056430,Discharging,Good,370,2006940,3800000,3800000,0,1899737,1056430,3767773,3980,40296,resting
2026-07-25T10:13:30.207190,52,3767382,3707544,1063046,Discharging,Good,370,2004287,3800000,3800000,0,1885418,1063046,3767382,4004,40210,resting
2026-07-25T10:13:40.291540,52,3767382,3707827,1062472,Discharging,Good,370,2001336,3800000,3800000,0,1883659,1062472,3767382,4002,40125,resting
2026-07-25T10:13:50.375250,52,3762695,3708101,1112228,Discharging,Good,370,1998247,3800000,3800000,0,1796616,1112228,3762695,4184,40070,resting
2026-07-25T10:14:00.460190,52,3766406,3708931,1063144,Discharging,Good,370,1995585,3800000,3800000,0,1877059,1063144,3766406,4004,40046,resting
2026-07-25T10:14:10.544704,52,3771289,3709210,994833,Discharging,Good,370,1992822,3800000,3800000,0,2003172,994833,3771289,3751,40015,resting
2026-07-25T10:14:20.627259,52,3765039,3709474,1069601,Discharging,Good,370,1989851,3800000,3800000,0,1860367,1069601,3765039,4027,40031,resting
2026-07-25T10:14:30.708781,52,3744921,3709863,1310751,Discharging,Good,370,1987129,3800000,3800000,0,1516023,1310751,3744921,4908,40039,resting
2026-07-25T10:14:40.792704,52,3767773,3709880,1003476,Discharging,Good,370,1984342,3800000,3800000,0,1977468,1003476,3767773,3780,40039,resting
2026-07-25T10:14:50.879351,52,3764257,3709968,1050717,Discharging,Good,370,1981424,3800000,3800000,0,1885782,1050717,3764257,3955,39992,resting
2026-07-25T10:15:00.964894,52,3764257,3710338,1046091,Discharging,Good,370,1978583,3800000,3800000,0,1891406,1046091,3764257,3937,39968,resting
2026-07-25T10:15:11.039589,51,3765039,3710498,1038644,Discharging,Good,370,1975698,3800000,3800000,0,1902189,1038644,3765039,3910,39906,resting
2026-07-25T10:15:21.123477,51,3751171,3710677,1222238,Discharging,Good,370,1972303,3800000,3800000,0,1613681,1222238,3751171,4583,39851,resting
2026-07-25T11:49:39.234645,50,3708007,3723107,1942341,Discharging,Good,370,1935841,3800000,3800000,0,996653,1942341,3708007,7201,32437,resting
2026-07-25T11:49:49.321854,50,3765234,3722316,1154110,Discharging,Good,370,1932637,3800000,3800000,0,1674569,1154110,3765234,4345,32601,resting
2026-07-25T11:49:59.405037,50,3698242,3721562,1880708,Discharging,Good,370,1927413,3800000,3800000,0,1024833,1880708,3698242,6955,32710,resting
2026-07-25T11:50:09.490262,50,3760351,3624425,1111752,Discharging,Good,370,1924143,3800000,3800000,0,1730730,1111752,3760351,4180,32945,resting
2026-07-25T11:50:19.571621,50,3763476,3625247,1066879,Discharging,Good,370,1921180,3800000,3800000,0,1800747,1066879,3763476,4015,32984,resting
2026-07-25T11:50:29.654676,50,3745117,3625889,1265316,Discharging,Good,370,1917666,3800000,3800000,0,1515562,1265316,3745117,4737,33101,resting
2026-07-25T11:50:39.738424,50,3738281,3627917,1331148,Discharging,Good,370,1914230,3800000,3800000,0,1438029,1331148,3738281,4974,33195,resting
2026-07-25T11:50:49.818375,50,3723437,3628843,1505135,Discharging,Good,370,1910050,3800000,3800000,0,1269022,1505135,3723437,5602,33250,resting
2026-07-25T11:50:59.898571,50,3744921,3629751,1208493,Discharging,Good,370,1906694,3800000,3800000,0,1577745,1208493,3744921,4524,33296,resting
2026-07-25T11:51:09.982946,50,3696875,3631880,1769209,Discharging,Good,370,1902566,3800000,3800000,0,1075376,1769209,3696875,6523,33421,resting
2026-07-25T11:51:20.066321,49,3743554,3632547,1197860,Discharging,Good,370,1899239,3800000,3800000,0,1585526,1197860,3743554,4483,33640,resting
2026-07-25T11:51:30.150998,49,3737695,3633375,1267086,Discharging,Good,370,1895720,3800000,3800000,0,1496125,1267086,3737695,4734,33687,resting
2026-07-25T11:51:40.245353,49,3760546,3635887,963644,Discharging,Good,370,1892878,3800000,3800000,0,1964291,963644,3760546,3623,33750,resting
2026-07-25T11:51:50.330382,49,3712695,3636544,1504329,Discharging,Good,370,1888700,3800000,3800000,0,1255509,1504329,3712695,5581,33906,resting
2026-07-25T11:52:00.414346,49,3707226,3636906,1589815,Discharging,Good,370,1884284,3800000,3800000,0,1185222,1589815,3707226,5890,34000,resting
2026-07-25T11:52:10.501442,49,3716406,3637625,1448458,Discharging,Good,370,1880713,3800000,3800000,0,1298424,1448458,3716406,5380,34085,resting
2026-07-25T11:52:20.578421,49,3712890,3637982,1458419,Discharging,Good,370,1876662,3800000,3800000,0,1286778,1458419,3712890,5410,34195,resting
2026-07-25T11:52:30.662423,49,3711718,3638140,1474263,Discharging,Good,370,1872567,3800000,3800000,0,1270171,1474263,3711718,5469,34320,resting
2026-07-25T11:52:40.747365,49,3719140,3638598,1357101,Discharging,Good,370,1869136,3800000,3800000,0,1377300,1357101,3719140,5044,34414,resting
2026-07-25T11:52:50.830282,49,3723437,3638966,1287374,Discharging,Good,370,1865560,3800000,3800000,0,1449120,1287374,3723437,4790,34476,resting
2026-07-25T11:53:00.914769,48,3720703,3639126,1344283,Discharging,Good,370,1861826,3800000,3800000,0,1384995,1344283,3720703,4998,34570,resting
2026-07-25T11:53:10.998433,48,3725781,3639909,1256503,Discharging,Good,370,1858872,3800000,3800000,0,1479401,1256503,3725781,4678,34617,resting
2026-07-25T11:53:21.078584,48,3720703,3640157,1309713,Discharging,Good,370,1855234,3800000,3800000,0,1416519,1309713,3720703,4870,34695,resting
2026-07-25T11:53:31.162680,48,3717382,3640450,1343001,Discharging,Good,370,1851504,3800000,3800000,0,1378631,1343001,3717382,4989,34773,resting
2026-07-25T11:53:41.246274,48,3715039,3641258,1362704,Discharging,Good,370,1847713,3800000,3800000,0,1355916,1362704,3715039,5059,34828,resting
2026-07-25T11:53:51.331202,48,3732031,3641707,1127108,Discharging,Good,370,1844583,3800000,3800000,0,1636562,1127108,3732031,4205,34867,resting
2026-07-25T11:54:01.415218,48,3733007,3642232,1140609,Discharging,Good,370,1841415,3800000,3800000,0,1614413,1140609,3733007,4256,34789,resting
2026-07-25T11:54:11.502903,48,3728906,3643784,1163424,Discharging,Good,370,1838583,3800000,3800000,0,1580320,1163424,3728906,4337,34765,resting
2026-07-25T11:54:21.586963,48,3728320,3644309,1179208,Discharging,Good,370,1835308,3800000,3800000,0,1556390,1179208,3728320,4396,34718,resting
2026-07-25T11:54:31.673217,48,3727539,3644870,1236849,Discharging,Good,370,1831873,3800000,3800000,0,1481080,1236849,3727539,4609,34687,resting
2026-07-25T11:54:41.754398,48,3720898,3646558,1266610,Discharging,Good,370,1829148,3800000,3800000,0,1444128,1266610,3720898,4712,34664,resting
2026-07-25T11:54:51.840444,48,3721289,3646912,1272555,Discharging,Good,370,1825614,3800000,3800000,0,1434605,1272555,3721289,4735,34640,resting
2026-07-25T11:55:01.843753,47,3706054,3647137,1453670,Discharging,Good,370,1821980,3800000,3800000,0,1253365,1453670,3706054,5386,34632,resting
2026-07-25T11:55:11.927111,47,3722460,3648040,1230477,Discharging,Good,370,1819383,3800000,3800000,0,1478599,1230477,3722460,4578,34617,resting
2026-07-25T11:55:22.012633,47,3639843,3647774,2231781,Discharging,Good,370,1813184,3800000,3800000,0,812438,2231781,3639843,8122,34687,resting
2026-07-25T12:22:57.991283,46,3674609,3683285,2024237,Discharging,Good,370,1783714,3800000,3800000,0,881178,2024237,3674609,7435,33257,resting
2026-07-25T12:23:08.069425,46,3741210,3682824,1166928,Discharging,Good,370,1780647,3800000,3800000,0,1525927,1166928,3741210,4365,33507,resting
2026-07-25T12:23:18.151125,46,3672851,3682300,1974006,Discharging,Good,370,1775164,3800000,3800000,0,899269,1974006,3672851,7249,33687,resting
2026-07-25T12:23:28.229360,46,3739453,3564510,1082736,Discharging,Good,370,1771822,3800000,3800000,0,1636430,1082736,3739453,4048,34007,resting
2026-07-25T12:23:38.302535,46,3738281,3565497,1092160,Discharging,Good,370,1768789,3800000,3800000,0,1619532,1092160,3738281,4082,34132,resting
2026-07-25T12:23:48.386201,46,3711718,3566682,1431710,Discharging,Good,370,1764813,3800000,3800000,0,1232660,1431710,3711718,5314,34328,resting
2026-07-25T12:23:58.463625,46,3753906,3570754,890525,Discharging,Good,370,1762578,3800000,3800000,0,1979257,890525,3753906,3342,34507,resting
2026-07-25T12:24:08.546546,46,3753125,3572617,893686,Discharging,Good,370,1760096,3800000,3800000,0,1969479,893686,3753125,3354,34664,resting
2026-07-25T12:24:18.629836,46,3752539,3574666,890378,Discharging,Good,370,1757623,3800000,3800000,0,1974018,890378,3752539,3341,34812,resting
2026-07-25T12:24:28.714129,46,3771289,3580927,676170,Discharging,Good,370,1755866,3800000,3800000,0,2596781,676170,3771289,2550,34960,resting
2026-07-25T12:24:38.789344,46,3771093,3583240,683201,Discharging,Good,370,1753969,3800000,3800000,0,2567281,683201,3771093,2576,35078,resting
2026-07-25T12:24:48.870867,46,3734765,3585307,1127768,Discharging,Good,370,1750837,3800000,3800000,0,1552479,1127768,3734765,4211,35164,resting
2026-07-25T12:24:58.957904,46,3743359,3591203,984848,Discharging,Good,370,1748343,3800000,3800000,0,1775241,984848,3743359,3686,35343,resting
2026-07-25T12:25:09.037432,45,3739648,3594770,1018063,Discharging,Good,370,1745570,3800000,3800000,0,1714599,1018063,3739648,3807,35429,resting
2026-07-25T12:25:19.117074,45,3741992,3596531,983957,Discharging,Good,370,1742837,3800000,3800000,0,1771253,983957,3741992,3681,35484,resting
2026-07-25T12:25:29.201804,45,3741015,3601661,984287,Discharging,Good,370,1740373,3800000,3800000,0,1768156,984287,3741015,3682,35562,resting
2026-07-25T12:25:39.276727,45,3746289,3603326,910861,Discharging,Good,370,1737843,3800000,3800000,0,1907912,910861,3746289,3412,35609,resting
2026-07-25T12:25:49.373630,45,3724609,3604858,1172018,Discharging,Good,370,1734588,3800000,3800000,0,1480001,1172018,3724609,4365,35687,resting
2026-07-25T12:25:59.454400,45,3741210,3609384,943112,Discharging,Good,370,1732170,3800000,3800000,0,1836653,943112,3741210,3528,35773,resting
2026-07-25T12:26:09.538696,45,3725585,3610773,1126962,Discharging,Good,370,1729040,3800000,3800000,0,1534248,1126962,3725585,4197,35882,resting
2026-07-25T12:26:19.634582,45,3722070,3612084,1141037,Discharging,Good,370,1725871,3800000,3800000,0,1512546,1141037,3722070,4245,35960,resting
2026-07-25T12:26:29.718248,45,3711718,3615369,1252267,Discharging,Good,370,1722398,3800000,3800000,0,1375423,1252267,3711718,4646,36070,resting
2026-07-25T12:26:39.799029,45,3728906,3616456,1056186,Discharging,Good,370,1719465,3800000,3800000,0,1627994,1056186,3728906,3937,36187,resting
2026-07-25T12:47:45.016415,44,3660156,3663515,2038666,Discharging,Good,370,1707811,3800000,3800000,0,837710,2038666,3660156,7459,33312,resting
2026-07-25T12:47:55.106852,44,3708984,3662969,1375789,Discharging,Good,370,1704203,3800000,3800000,0,1238709,1375789,3708984,5101,33546,resting
2026-07-25T12:48:05.186231,44,3728125,3662935,1088547,Discharging,Good,370,1701180,3800000,3800000,0,1562798,1088547,3728125,4058,33851,resting
2026-07-25T12:48:15.271344,44,3719726,3683915,1176937,Discharging,Good,370,1698259,3800000,3800000,0,1442948,1176937,3719726,4377,33968,resting
2026-07-25T12:48:25.349641,44,3718164,3683751,1171286,Discharging,Good,370,1695006,3800000,3800000,0,1447132,1171286,3718164,4354,34117,resting
2026-07-25T12:48:35.445083,44,3716992,3683536,1168295,Discharging,Good,370,1691761,3800000,3800000,0,1448059,1168295,3716992,4342,34273,resting
2026-07-25T12:48:45.526274,44,3705664,3682856,1304098,Discharging,Good,370,1688578,3800000,3800000,0,1294824,1304098,3705664,4830,34429,resting
2026-07-25T13:06:28.948949,43,3662304,3683129,1928852,Discharging,Good,370,1669796,3800000,3800000,0,865694,1928852,3662304,7063,33195,resting
2026-07-25T13:06:39.024297,43,3722070,3682170,1167819,Discharging,Good,370,1666616,3800000,3800000,0,1427118,1167819,3722070,4346,33375,resting
2026-07-25T13:06:49.105042,43,3722265,3681885,1085043,Discharging,Good,370,1663602,3800000,3800000,0,1533212,1085043,3722265,4038,33718,resting
2026-07-25T13:06:59.200534,43,3715820,3683915,1158139,Discharging,Good,370,1660753,3800000,3800000,0,1433984,1158139,3715820,4302,33835,resting
2026-07-25T13:07:09.295760,43,3711914,3683751,1153524,Discharging,Good,370,1657549,3800000,3800000,0,1436943,1153524,3711914,4281,33968,resting
2026-07-25T13:07:19.378188,43,3714453,3683536,1148520,Discharging,Good,370,1654359,3800000,3800000,0,1440426,1148520,3714453,4266,34070,resting
2026-07-25T13:07:29.467080,43,3727539,3683021,981064,Discharging,Good,370,1651910,3800000,3800000,0,1683794,981064,3727539,3656,34140,resting
2026-07-25T13:07:39.554130,43,3727539,3682939,967929,Discharging,Good,370,1649222,3800000,3800000,0,1703866,967929,3727539,3608,34203,resting
2026-07-25T13:07:49.636600,43,3726953,3682782,993454,Discharging,Good,370,1646463,3800000,3800000,0,1657311,993454,3726953,3702,34265,resting
2026-07-25T13:07:59.731399,43,3727343,3682422,975400,Discharging,Good,370,1644011,3800000,3800000,0,1685473,975400,3727343,3635,34304,resting
2026-07-25T13:08:09.809955,43,3726757,3682371,969553,Discharging,Good,370,1641318,3800000,3800000,0,1692860,969553,3726757,3613,34351,resting
2026-07-25T13:08:19.885469,43,3730859,3682346,912412,Discharging,Good,370,1638784,3800000,3800000,0,1796100,912412,3730859,3403,34421,resting
2026-07-25T13:08:29.959659,43,3725390,3682218,977133,Discharging,Good,370,1636594,3800000,3800000,0,1674893,977133,3725390,3640,34468,resting
2026-07-25T13:08:40.041282,42,3724023,3682199,973837,Discharging,Good,370,1633889,3800000,3800000,0,1677784,973837,3724023,3626,34515,resting
2026-07-25T13:08:50.116049,42,3723632,3682196,973557,Discharging,Good,370,1631185,3800000,3800000,0,1675489,973557,3723632,3625,34546,resting
2026-07-25T13:09:00.195473,42,3723046,3682205,981577,Discharging,Good,370,1628733,3800000,3800000,0,1659302,981577,3723046,3654,34593,resting
2026-07-25T13:09:10.284702,42,3722851,3682220,977499,Discharging,Good,370,1626018,3800000,3800000,0,1663447,977499,3722851,3639,34632,resting
2026-07-25T13:09:20.368727,42,3721875,3682239,977683,Discharging,Good,370,1623303,3800000,3800000,0,1660357,977683,3721875,3638,34671,resting
2026-07-25T13:09:30.454771,42,3725585,3682300,920835,Discharging,Good,370,1621009,3800000,3800000,0,1760368,920835,3725585,3430,34734,resting
2026-07-25T13:09:40.541775,42,3720312,3682323,988242,Discharging,Good,370,1618264,3800000,3800000,0,1637517,988242,3720312,3676,34812,resting
2026-07-25T13:09:50.634256,42,3725390,3682347,933884,Discharging,Good,370,1615670,3800000,3800000,0,1730054,933884,3725390,3478,34921,resting
2026-07-25T13:10:00.721281,42,3742187,3682822,720628,Discharging,Good,370,1613835,3800000,3800000,0,2239484,720628,3742187,2696,34968,resting
2026-07-25T13:10:10.796626,42,3744726,3683189,684861,Discharging,Good,370,1611933,3800000,3800000,0,2353664,684861,3744726,2564,35000,resting
2026-07-25T13:10:20.887458,42,3744921,3683652,691917,Discharging,Good,370,1610012,3800000,3800000,0,2326886,691917,3744921,2591,35046,resting
2026-07-25T13:10:30.977526,42,3700976,3684248,1219088,Discharging,Good,370,1607204,3800000,3800000,0,1318365,1219088,3700976,4511,35117,resting
2026-07-25T13:10:41.064161,42,3711523,3684194,1042807,Discharging,Good,370,1604308,3800000,3800000,0,1538451,1042807,3711523,3870,35281,resting
2026-07-25T13:10:51.148223,42,3709960,3684049,1057809,Discharging,Good,370,1601370,3800000,3800000,0,1513855,1057809,3709960,3924,35343,resting
2026-07-25T13:11:01.228298,42,3706640,3683200,1088974,Discharging,Good,370,1598551,3800000,3800000,0,1467942,1088974,3706640,4036,35398,resting
2026-07-25T13:11:11.308381,41,3701367,3682910,1137399,Discharging,Good,370,1595392,3800000,3800000,0,1402666,1137399,3701367,4208,35492,resting
2026-07-25T13:11:21.388600,41,3720898,3682726,902060,Discharging,Good,370,1592887,3800000,3800000,0,1765832,902060,3720898,3356,35585,resting
2026-07-25T13:11:31.480545,41,3721484,3682255,895127,Discharging,Good,370,1590650,3800000,3800000,0,1777010,895127,3721484,3331,35617,resting
2026-07-25T13:11:41.567573,41,3720507,3682170,897971,Discharging,Good,370,1588156,3800000,3800000,0,1768604,897971,3720507,3340,35656,resting
2026-07-25T13:11:51.664602,41,3715820,3682125,941232,Discharging,Good,370,1585542,3800000,3800000,0,1684538,941232,3715820,3497,35687,resting
2026-07-25T13:12:01.745632,41,3719726,3682052,900742,Discharging,Good,370,1583291,3800000,3800000,0,1757763,900742,3719726,3350,35695,resting
2026-07-25T13:12:11.825113,41,3719531,3682051,902292,Discharging,Good,370,1580785,3800000,3800000,0,1751966,902292,3719531,3356,35703,resting
2026-07-25T13:12:21.905670,41,3720312,3682060,897873,Discharging,Good,370,1578291,3800000,3800000,0,1757810,897873,3720312,3340,35726,resting
2026-07-25T13:12:31.992831,41,3718554,3682105,895590,Discharging,Good,370,1576060,3800000,3800000,0,1759800,895590,3718554,3330,35757,resting
2026-07-25T13:12:42.073144,41,3686914,3681689,1272408,Discharging,Good,370,1572526,3800000,3800000,0,1235866,1272408,3686914,4690,35796,resting
2026-07-25T13:12:52.156692,41,3704296,3681320,1050766,Discharging,Good,370,1569608,3800000,3800000,0,1493775,1050766,3704296,3891,35898,resting
2026-07-25T13:13:02.237539,41,3714843,3680115,922922,Discharging,Good,370,1567270,3800000,3800000,0,1698160,922922,3714843,3428,35937,resting
2026-07-25T13:13:12.321981,41,3715234,3679779,912631,Discharging,Good,370,1564735,3800000,3800000,0,1714531,912631,3715234,3390,35960,resting
2026-07-25T13:13:22.418380,41,3714062,3679582,907041,Discharging,Good,370,1562216,3800000,3800000,0,1722321,907041,3714062,3368,35984,resting
2026-07-25T13:13:32.500831,41,3702343,3678900,1073800,Discharging,Good,370,1559634,3800000,3800000,0,1452443,1073800,3702343,3974,36000,resting
2026-07-25T13:13:42.581003,40,3715234,3678774,899509,Discharging,Good,370,1557136,3800000,3800000,0,1731095,899509,3715234,3341,35992,resting
2026-07-25T13:13:52.664730,40,3714453,3678720,899314,Discharging,Good,370,1554638,3800000,3800000,0,1728693,899314,3714453,3340,35984,resting
2026-07-25T13:14:02.666436,40,3692578,3678467,1144064,Discharging,Good,370,1551872,3800000,3800000,0,1356455,1144064,3692578,4223,36000,resting
2026-07-25T13:14:12.749772,40,3702539,3678285,1054843,Discharging,Good,370,1548942,3800000,3800000,0,1468409,1054843,3702539,3904,36039,resting
2026-07-25T13:14:22.828682,40,3699609,3677979,1050461,Discharging,Good,370,1546025,3800000,3800000,0,1471758,1050461,3699609,3885,36054,resting
2026-07-25T13:14:32.830711,40,3699804,3677426,1059115,Discharging,Good,370,1543330,3800000,3800000,0,1457188,1059115,3699804,3917,36070,resting
2026-07-25T13:14:42.915052,40,3690039,3676954,1193502,Discharging,Good,370,1540015,3800000,3800000,0,1290332,1193502,3690039,4403,36085,resting
2026-07-25T13:14:52.996238,40,3693945,3676465,1091232,Discharging,Good,370,1536984,3800000,3800000,0,1408485,1091232,3693945,4031,36132,resting
2026-07-25T13:15:03.076256,40,3694726,3675480,1104379,Discharging,Good,370,1534256,3800000,3800000,0,1389247,1104379,3694726,4080,36117,resting
2026-07-25T13:15:13.160632,40,3708398,3674624,917417,Discharging,Good,370,1531708,3800000,3800000,0,1669587,917417,3708398,3402,36101,resting
2026-07-25T13:15:23.246181,40,3702734,3674320,968564,Discharging,Good,370,1529018,3800000,3800000,0,1578644,968564,3702734,3586,36093,resting
2026-07-25T13:15:33.324530,40,3708593,3673805,907883,Discharging,Good,370,1526743,3800000,3800000,0,1681651,907883,3708593,3366,36078,resting
2026-07-25T13:15:43.408565,40,3707226,3673341,912363,Discharging,Good,370,1524209,3800000,3800000,0,1670616,912363,3707226,3382,36062,resting
2026-07-25T13:15:53.492582,40,3706835,3673149,934043,Discharging,Good,370,1521615,3800000,3800000,0,1629063,934043,3706835,3462,36054,resting
2026-07-25T13:16:03.576583,39,3706640,3672813,925693,Discharging,Good,370,1519329,3800000,3800000,0,1641288,925693,3706640,3431,36039,resting
2026-07-25T13:16:13.656699,39,3706835,3672509,926718,Discharging,Good,370,1517016,3800000,3800000,0,1636976,926718,3706835,3435,36031,resting
2026-07-25T13:16:23.741696,39,3690625,3672256,1143881,Discharging,Good,370,1513839,3800000,3800000,0,1323423,1143881,3690625,4221,36039,resting
2026-07-25T13:16:33.818469,39,3691015,3671936,1091318,Discharging,Good,370,1510808,3800000,3800000,0,1384388,1091318,3691015,4027,36046,resting
2026-07-25T13:16:43.905446,39,3703906,3671040,921335,Discharging,Good,370,1508459,3800000,3800000,0,1637253,921335,3703906,3412,36039,resting
2026-07-25T13:16:54.000660,39,3702929,3670833,931259,Discharging,Good,370,1505873,3800000,3800000,0,1617029,931259,3702929,3448,36031,resting
2026-07-25T13:17:04.087564,39,3705078,3670660,903098,Discharging,Good,370,1503365,3800000,3800000,0,1664675,903098,3705078,3366,36007,resting
2026-07-25T13:17:14.172659,39,3704492,3670188,901413,Discharging,Good,370,1501114,3800000,3800000,0,1665289,901413,3704492,3339,35976,resting
2026-07-25T13:17:24.259451,39,3702734,3670060,916367,Discharging,Good,370,1498569,3800000,3800000,0,1635337,916367,3702734,3393,35976,resting
2026-07-25T13:17:34.335277,39,3702734,3669943,920310,Discharging,Good,370,1496013,3800000,3800000,0,1625553,920310,3702734,3407,35960,resting
2026-07-25T13:17:44.430869,39,3685156,3669637,1127768,Discharging,Good,370,1493310,3800000,3800000,0,1324128,1127768,3685156,4155,35953,resting
2026-07-25T13:17:54.517759,39,3701367,3669480,910556,Discharging,Good,370,1490781,3800000,3800000,0,1637220,910556,3701367,3370,35968,resting
2026-07-25T13:18:04.613627,39,3696875,3669347,964560,Discharging,Good,370,1488102,3800000,3800000,0,1542778,964560,3696875,3565,35968,resting
2026-07-25T13:18:14.696374,39,3701562,3669033,908774,Discharging,Good,370,1485790,3800000,3800000,0,1634938,908774,3701562,3363,35984,resting
2026-07-25T13:18:24.793941,39,3701367,3668910,907468,Discharging,Good,370,1483270,3800000,3800000,0,1634514,907468,3701367,3358,35992,resting
2026-07-25T13:18:34.868745,38,3697851,3668693,933164,Discharging,Good,370,1480678,3800000,3800000,0,1586728,933164,3697851,3450,36007,resting
2026-07-25T13:18:44.952285,38,3683007,3668258,1097397,Discharging,Good,370,1478049,3800000,3800000,0,1346868,1097397,3683007,4042,36031,resting
2026-07-25T13:18:55.039272,38,3697460,3668077,939523,Discharging,Good,370,1475440,3800000,3800000,0,1570413,939523,3697460,3473,36062,resting
2026-07-25T13:19:05.132654,38,3696875,3667936,927146,Discharging,Good,370,1472865,3800000,3800000,0,1588600,927146,3696875,3427,36062,resting
2026-07-25T13:19:15.205291,38,3692382,3667495,979489,Discharging,Good,370,1470467,3800000,3800000,0,1501259,979489,3692382,3616,36062,resting
2026-07-25T13:19:25.301518,38,3697460,3667355,912094,Discharging,Good,370,1467934,3800000,3800000,0,1609410,912094,3697460,3372,36078,resting
2026-07-25T13:19:35.385260,38,3682031,3667135,1095248,Discharging,Good,370,1464892,3800000,3800000,0,1337497,1095248,3682031,4032,36078,resting
2026-07-25T13:19:45.468771,38,3695312,3666461,923679,Discharging,Good,370,1462389,3800000,3800000,0,1583222,923679,3695312,3413,36117,resting
2026-07-25T13:19:55.552655,38,3683593,3666209,1031283,Discharging,Good,370,1459525,3800000,3800000,0,1415251,1031283,3683593,3798,36218,resting
2026-07-25T13:20:05.644812,38,3675390,3665512,1120541,Discharging,Good,370,1456318,3800000,3800000,0,1299656,1120541,3675390,4117,36250,resting
2026-07-25T13:20:15.728541,38,3662500,3664368,1317306,Discharging,Good,370,1453250,3800000,3800000,0,1103198,1317306,3662500,4823,36289,resting
2026-07-25T13:20:25.813864,38,3677734,3663952,1107040,Discharging,Good,370,1450175,3800000,3800000,0,1309957,1107040,3677734,4070,36320,resting
2026-07-25T13:20:35.896818,38,3678710,3663570,1092318,Discharging,Good,370,1447141,3800000,3800000,0,1324834,1092318,3678710,4017,36359,resting
2026-07-25T13:20:45.993998,38,3691601,3662442,919760,Discharging,Good,370,1444716,3800000,3800000,0,1570753,919760,3691601,3395,36375,resting
2026-07-25T13:20:56.085679,37,3691210,3662131,914231,Discharging,Good,370,1442177,3800000,3800000,0,1577475,914231,3691210,3374,36382,resting
2026-07-25T13:21:06.172666,37,3691406,3661828,913693,Discharging,Good,370,1439639,3800000,3800000,0,1575626,913693,3691406,3372,36390,resting
2026-07-25T13:21:16.256621,37,3684765,3660798,987961,Discharging,Good,370,1436945,3800000,3800000,0,1454455,987961,3684765,3640,36398,resting
2026-07-25T13:21:26.341261,37,3662500,3660254,1272225,Discharging,Good,370,1433412,3800000,3800000,0,1126696,1272225,3662500,4658,36414,resting
2026-07-25T13:21:36.424417,37,3668750,3659700,1172970,Discharging,Good,370,1430154,3800000,3800000,0,1219258,1172970,3668750,4302,36437,resting
2026-07-25T13:21:46.501930,37,3687304,3658299,941171,Discharging,Good,370,1427656,3800000,3800000,0,1516893,941171,3687304,3470,36460,resting
2026-07-25T13:21:56.584633,37,3673632,3657609,1092355,Discharging,Good,370,1424622,3800000,3800000,0,1304174,1092355,3673632,4011,36500,resting
2026-07-25T13:22:06.669086,37,3672460,3656864,1043222,Discharging,Good,370,1421725,3800000,3800000,0,1362821,1043222,3672460,3830,36546,resting
2026-07-25T13:22:16.752580,37,3674804,3654684,1114132,Discharging,Good,370,1418473,3800000,3800000,0,1273164,1114132,3674804,4093,36562,resting
2026-07-25T13:22:26.838127,37,3661523,3653860,1195040,Discharging,Good,370,1415154,3800000,3800000,0,1184189,1195040,3661523,4374,36601,resting
2026-07-25T13:22:36.920610,37,3662304,3653157,1177584,Discharging,Good,370,1411883,3800000,3800000,0,1198965,1177584,3662304,4311,36632,resting
2026-07-25T13:22:47.004305,37,3661914,3651243,1172287,Discharging,Good,370,1409374,3800000,3800000,0,1202243,1172287,3661914,4291,36664,resting
2026-07-25T13:22:57.084288,36,3659375,3650460,1223922,Discharging,Good,370,1405975,3800000,3800000,0,1148745,1223922,3659375,4477,36695,resting
2026-07-25T13:23:07.164285,36,3656250,3649802,1210018,Discharging,Good,370,1402614,3800000,3800000,0,1159167,1210018,3656250,4423,36750,resting
2026-07-25T13:23:17.244286,36,3653515,3647603,1264999,Discharging,Good,370,1398979,3800000,3800000,0,1105913,1264999,3653515,4620,36796,resting
2026-07-25T13:23:27.316580,36,3660742,3646206,1186715,Discharging,Good,370,1395775,3800000,3800000,0,1176166,1186715,3660742,4343,36843,resting
2026-07-25T13:23:37.392025,36,3674218,3645645,986472,Discharging,Good,370,1393035,3800000,3800000,0,1412138,986472,3674218,3624,36867,resting
2026-07-25T13:23:47.472673,36,3661718,3644182,1109530,Discharging,Good,370,1390455,3800000,3800000,0,1253192,1109530,3661718,4061,36890,resting
2026-07-25T13:23:57.557018,36,3664257,3643763,1108883,Discharging,Good,370,1387375,3800000,3800000,0,1251146,1108883,3664257,4061,36898,resting
2026-07-25T13:24:07.640698,36,3663867,3643380,1096115,Discharging,Good,370,1384331,3800000,3800000,0,1262943,1096115,3663867,4015,36914,resting
2026-07-25T13:24:17.724666,36,3661328,3642259,1124948,Discharging,Good,370,1381616,3800000,3800000,0,1228159,1124948,3661328,4117,36929,resting
2026-07-25T13:24:27.808588,36,3662500,3641794,1103647,Discharging,Good,370,1378551,3800000,3800000,0,1249086,1103647,3662500,4040,36921,resting
2026-07-25T13:24:37.893542,36,3653125,3641392,1215438,Discharging,Good,370,1375175,3800000,3800000,0,1131423,1215438,3653125,4439,36968,resting
2026-07-25T13:24:47.895567,36,3671093,3640668,979831,Discharging,Good,370,1372991,3800000,3800000,0,1401252,979831,3671093,3596,36976,resting
2026-07-25T13:24:57.980223,36,3657812,3640234,1135641,Discharging,Good,370,1369837,3800000,3800000,0,1206223,1135641,3657812,4153,36984,resting
2026-07-25T13:25:08.065995,35,3671875,3639311,965903,Discharging,Good,370,1367032,3800000,3800000,0,1415289,965903,3671875,3546,37000,resting
2026-07-25T13:25:18.068130,35,3664843,3638410,1038595,Discharging,Good,370,1364121,3800000,3800000,0,1313429,1038595,3664843,3806,37031,resting
2026-07-25T13:25:28.155446,35,3670117,3638045,969602,Discharging,Good,370,1361428,3800000,3800000,0,1404110,969602,3670117,3558,37046,resting
2026-07-25T13:25:38.242191,35,3670703,3637729,961264,Discharging,Good,370,1358758,3800000,3800000,0,1413511,961264,3670703,3528,37054,resting
2026-07-25T13:25:48.244149,35,3667773,3637445,996652,Discharging,Good,370,1356267,3800000,3800000,0,1360823,996652,3667773,3655,37078,resting
2026-07-25T13:25:58.328524,35,3669726,3636911,967477,Discharging,Good,370,1353580,3800000,3800000,0,1399082,967477,3669726,3550,37093,resting
2026-07-25T13:26:08.406031,35,3669921,3636673,965585,Discharging,Good,370,1350898,3800000,3800000,0,1399046,965585,3669921,3543,37109,resting
2026-07-25T13:26:18.407949,35,3664648,3636447,1009909,Discharging,Good,370,1348374,3800000,3800000,0,1335144,1009909,3664648,3700,37109,resting
2026-07-25T13:26:28.492513,35,3667773,3636014,969540,Discharging,Good,370,1345667,3800000,3800000,0,1387943,969540,3667773,3555,37132,resting
2026-07-25T13:26:38.570472,35,3668359,3635810,968601,Discharging,Good,370,1342977,3800000,3800000,0,1386512,968601,3668359,3553,37140,resting
2026-07-25T13:26:48.572192,35,3639648,3635408,1357711,Discharging,Good,370,1339583,3800000,3800000,0,986648,1357711,3639648,4940,37156,resting
2026-07-25T13:26:58.656694,35,3652539,3634270,1140036,Discharging,Good,370,1336874,3800000,3800000,0,1172659,1140036,3652539,4164,37203,resting
2026-07-25T13:27:08.742145,35,3666015,3633966,963474,Discharging,Good,370,1334198,3800000,3800000,0,1384778,963474,3666015,3532,37234,resting
2026-07-25T13:27:18.744139,35,3659179,3633709,1044284,Discharging,Good,370,1331588,3800000,3800000,0,1275120,1044284,3659179,3821,37242,resting
2026-07-25T13:27:28.825782,34,3663671,3633249,978586,Discharging,Good,370,1328873,3800000,3800000,0,1357952,978586,3663671,3585,37289,resting
2026-07-25T13:27:38.911592,34,3665039,3633057,963132,Discharging,Good,370,1326198,3800000,3800000,0,1376963,963132,3665039,3529,37296,resting
2026-07-25T13:27:48.913671,34,3663671,3632881,976291,Discharging,Good,370,1323758,3800000,3800000,0,1355905,976291,3663671,3576,37296,resting
2026-07-25T13:27:58.992732,34,3658007,3632552,1037668,Discharging,Good,370,1320929,3800000,3800000,0,1272978,1037668,3658007,3795,37296,resting
2026-07-25T13:28:09.067923,34,3663476,3632400,963547,Discharging,Good,370,1318253,3800000,3800000,0,1368125,963547,3663476,3529,37312,resting
2026-07-25T13:28:19.146641,34,3663085,3632145,962851,Discharging,Good,370,1315579,3800000,3800000,0,1366337,962851,3663085,3527,37312,resting
2026-07-25T13:28:29.229532,34,3631054,3631295,1298470,Discharging,Good,370,1312519,3800000,3800000,0,1010819,1298470,3631054,4713,37328,resting
2026-07-25T13:28:39.305326,34,3661132,3631010,963132,Discharging,Good,370,1309844,3800000,3800000,0,1359983,963132,3661132,3526,37390,resting
2026-07-25T13:28:49.384647,34,3658593,3630785,998849,Discharging,Good,370,1307070,3800000,3800000,0,1308576,998849,3658593,3654,37390,resting
2026-07-25T13:28:59.469655,34,3645117,3629930,1143234,Discharging,Good,370,1304174,3800000,3800000,0,1140776,1143234,3645117,4167,37453,resting
2026-07-25T13:29:09.553713,34,3640625,3629469,1205026,Discharging,Good,370,1300827,3800000,3800000,0,1079501,1205026,3640625,4384,37500,resting
2026-07-25T13:29:19.633963,34,3650585,3629137,1049655,Discharging,Good,370,1297912,3800000,3800000,0,1236512,1049655,3650585,3831,37554,resting
2026-07-25T13:29:29.717215,34,3633203,3628001,1317110,Discharging,Good,370,1294878,3800000,3800000,0,983120,1317110,3633203,4783,37609,resting
2026-07-25T13:29:39.801678,33,3641796,3627553,1146127,Discharging,Good,370,1291695,3800000,3800000,0,1127008,1146127,3641796,4173,37648,resting
2026-07-25T13:29:49.888606,33,3636132,3627021,1201156,Discharging,Good,370,1288359,3800000,3800000,0,1072599,1201156,3636132,4367,37718,resting
2026-07-25T13:29:59.973313,33,3622851,3625271,1358651,Discharging,Good,370,1285360,3800000,3800000,0,946056,1358651,3622851,4922,37835,resting
2026-07-25T13:30:10.064592,33,3633593,3623910,1195602,Discharging,Good,370,1282298,3800000,3800000,0,1072512,1195602,3633593,4344,37937,resting
2026-07-25T13:30:20.148741,33,3625000,3623141,1289046,Discharging,Good,370,1278718,3800000,3800000,0,991987,1289046,3625000,4672,37992,resting
2026-07-25T13:30:30.234588,33,3601171,3620637,1584798,Discharging,Good,370,1275009,3800000,3800000,0,804524,1584798,3601171,5706,38046,resting
2026-07-25T13:30:40.318282,33,3622851,3619607,1283382,Discharging,Good,370,1271445,3800000,3800000,0,990698,1283382,3622851,4649,38085,resting
2026-07-25T13:30:50.401104,33,3625781,3618628,1246993,Discharging,Good,370,1267982,3800000,3800000,0,1016831,1246993,3625781,4521,38117,resting
2026-07-25T13:31:00.483978,33,3640429,3616294,1068869,Discharging,Good,370,1265322,3800000,3800000,0,1183795,1068869,3640429,3891,38101,resting
2026-07-25T13:31:10.564844,33,3625976,3615664,1269235,Discharging,Good,370,1261797,3800000,3800000,0,994139,1269235,3625976,4601,38117,resting
2026-07-25T13:31:20.644643,33,3639648,3615078,1066330,Discharging,Good,370,1258835,3800000,3800000,0,1180530,1066330,3639648,3881,38156,resting
2026-07-25T13:31:30.716909,33,3642578,3613656,1025510,Discharging,Good,370,1256022,3800000,3800000,0,1224777,1025510,3642578,3735,38140,resting
2026-07-25T13:31:40.800551,32,3632226,3612887,1165634,Discharging,Good,370,1252785,3800000,3800000,0,1074767,1165634,3632226,4232,38140,resting
2026-07-25T13:31:50.884553,32,3623437,3612116,1294100,Discharging,Good,370,1249191,3800000,3800000,0,965297,1294100,3623437,4688,38179,resting
2026-07-25T13:40:27.294400,31,3583593,3583228,1926105,Discharging,Good,370,1214307,3800000,3800000,0,630446,1926105,3583593,6901,34882,resting
2026-07-25T13:40:37.381431,31,3633203,3582452,1258541,Discharging,Good,370,1210846,3800000,3800000,0,962102,1258541,3633203,4572,35132,resting
2026-07-25T13:40:47.462268,31,3631640,3582248,1191476,Discharging,Good,370,1207537,3800000,3800000,0,1013479,1191476,3631640,4326,35484,resting
2026-07-25T13:40:57.542259,31,3620312,3583915,1297494,Discharging,Good,370,1204325,3800000,3800000,0,928193,1297494,3620312,4697,35632,resting
2026-07-25T13:41:07.628782,31,3619335,3583751,1308712,Discharging,Good,370,1200690,3800000,3800000,0,917459,1308712,3619335,4736,35796,resting
2026-07-25T13:41:17.706264,31,3618359,3583536,1312252,Discharging,Good,370,1197045,3800000,3800000,0,912206,1312252,3618359,4748,35914,resting
2026-07-25T13:41:27.797442,31,3631835,3583021,1120529,Discharging,Good,370,1194244,3800000,3800000,0,1065785,1120529,3631835,4069,36007,resting
2026-07-25T13:41:37.874545,31,3631835,3582939,1113034,Discharging,Good,370,1191153,3800000,3800000,0,1070185,1113034,3631835,4042,36085,resting
2026-07-25T13:41:47.959030,31,3626757,3582891,1157028,Discharging,Good,370,1187940,3800000,3800000,0,1026716,1157028,3626757,4196,36203,resting
2026-07-25T13:41:58.036011,31,3627343,3582788,1138571,Discharging,Good,370,1185052,3800000,3800000,0,1040823,1138571,3627343,4129,36289,resting
2026-07-25T13:42:08.107918,31,3640625,3582887,974411,Discharging,Good,370,1182346,3800000,3800000,0,1213395,974411,3640625,3547,36343,resting
2026-07-25T13:42:18.199646,31,3643359,3582958,923190,Discharging,Good,370,1179782,3800000,3800000,0,1277940,923190,3643359,3363,36406,resting
2026-07-25T13:42:28.282335,30,3627734,3583135,1119967,Discharging,Good,370,1177370,3800000,3800000,0,1051254,1119967,3627734,4062,36429,resting
2026-07-25T13:42:38.362338,30,3621484,3583030,1170504,Discharging,Good,370,1174119,3800000,3800000,0,1003088,1170504,3621484,4238,36476,resting
2026-07-25T13:42:48.456118,30,3639648,3583075,949924,Discharging,Good,370,1171481,3800000,3800000,0,1233236,949924,3639648,3457,36468,resting
2026-07-25T13:42:58.552472,30,3640039,3583351,943833,Discharging,Good,370,1169398,3800000,3800000,0,1238988,943833,3640039,3435,36445,resting
2026-07-25T13:43:08.649452,30,3639843,3583551,934836,Discharging,Good,370,1166802,3800000,3800000,0,1248135,934836,3639843,3402,36421,resting
2026-07-25T13:43:18.738688,30,3639453,3583794,943320,Discharging,Good,370,1164182,3800000,3800000,0,1234132,943320,3639453,3433,36375,resting
2026-07-25T13:43:28.828452,30,3639257,3584562,927060,Discharging,Good,370,1161583,3800000,3800000,0,1252974,927060,3639257,3373,36335,resting
2026-07-25T13:43:38.906533,30,3608398,3584622,1332284,Discharging,Good,370,1157883,3800000,3800000,0,869096,1332284,3608398,4807,36304,resting
2026-07-25T13:43:48.990587,30,3637890,3584550,935813,Discharging,Good,370,1155284,3800000,3800000,0,1234524,935813,3637890,3404,36265,resting
2026-07-25T13:43:59.070989,30,3637890,3584522,932370,Discharging,Good,370,1152948,3800000,3800000,0,1236577,932370,3637890,3391,36210,resting
2026-07-25T13:44:09.149056,30,3637695,3584625,930380,Discharging,Good,370,1150364,3800000,3800000,0,1236445,930380,3637695,3384,36148,resting
2026-07-25T13:44:19.232225,30,3635937,3584798,931272,Discharging,Good,370,1147778,3800000,3800000,0,1232484,931272,3635937,3386,36117,resting
2026-07-25T13:44:29.310463,30,3635937,3585333,939353,Discharging,Good,370,1145698,3800000,3800000,0,1219667,939353,3635937,3415,36085,resting
2026-07-25T13:44:39.397391,30,3635937,3585536,938864,Discharging,Good,370,1143091,3800000,3800000,0,1217525,938864,3635937,3413,36070,resting
2026-07-25T13:44:49.478648,30,3634570,3585660,934043,Discharging,Good,370,1140497,3800000,3800000,0,1221032,934043,3634570,3394,36062,resting
2026-07-25T13:44:59.556008,29,3634179,3586087,932590,Discharging,Good,370,1138133,3800000,3800000,0,1220400,932590,3634179,3389,36062,resting
2026-07-25T13:45:09.642634,29,3630664,3586292,977145,Discharging,Good,370,1135449,3800000,3800000,0,1162006,977145,3630664,3547,36070,resting
2026-07-25T13:45:19.734599,29,3632812,3586365,937937,Discharging,Good,370,1132844,3800000,3800000,0,1207803,937937,3632812,3407,36085,resting
2026-07-25T13:45:29.813511,29,3632617,3586733,934860,Discharging,Good,370,1130504,3800000,3800000,0,1209276,934860,3632617,3395,36093,resting
2026-07-25T13:45:39.894606,29,3630468,3586919,945920,Discharging,Good,370,1127877,3800000,3800000,0,1192359,945920,3630468,3434,36125,resting
2026-07-25T13:45:49.979656,29,3615625,3587025,1126730,Discharging,Good,370,1124748,3800000,3800000,0,998240,1126730,3615625,4073,36195,resting
2026-07-25T13:46:00.054621,29,3629882,3587243,950302,Discharging,Good,370,1122389,3800000,3800000,0,1181086,950302,3629882,3449,36242,resting
2026-07-25T13:46:10.146565,29,3629296,3587267,943063,Discharging,Good,370,1119770,3800000,3800000,0,1187375,943063,3629296,3422,36265,resting
2026-07-25T13:46:20.219573,29,3628515,3587265,944553,Discharging,Good,370,1117147,3800000,3800000,0,1182725,944553,3628515,3427,36296,resting
2026-07-25T13:46:30.294564,29,3621875,3586800,1041269,Discharging,Good,370,1114721,3800000,3800000,0,1070540,1041269,3621875,3771,36335,resting
2026-07-25T13:46:40.375934,29,3607031,3586564,1184555,Discharging,Good,370,1111431,3800000,3800000,0,938268,1184555,3607031,4271,36492,resting
2026-07-25T13:46:50.462269,29,3609375,3586286,1128732,Discharging,Good,370,1108296,3800000,3800000,0,981894,1128732,3609375,4073,36554,resting
2026-07-25T13:47:00.542620,29,3619335,3585492,996408,Discharging,Good,370,1105809,3800000,3800000,0,1109795,996408,3619335,3606,36578,resting
2026-07-25T13:47:10.627433,29,3594335,3585109,1324508,Discharging,Good,370,1102130,3800000,3800000,0,832105,1324508,3594335,4759,36601,resting
2026-07-25T13:47:20.711018,28,3622460,3584852,942160,Discharging,Good,370,1099513,3800000,3800000,0,1167013,942160,3622460,3412,36671,resting
2026-07-25T13:47:30.786679,28,3623632,3584304,928830,Discharging,Good,370,1097185,3800000,3800000,0,1181254,928830,3623632,3365,36664,resting
2026-07-25T13:47:40.858568,28,3622851,3584085,941428,Discharging,Good,370,1094570,3800000,3800000,0,1162669,941428,3622851,3410,36664,resting
2026-07-25T13:47:50.945571,28,3623632,3583941,928781,Discharging,Good,370,1091991,3800000,3800000,0,1175724,928781,3623632,3365,36679,resting
2026-07-25T13:48:01.028068,28,3617382,3583648,1002536,Discharging,Good,370,1089627,3800000,3800000,0,1086870,1002536,3617382,3626,36687,resting
2026-07-25T13:48:11.120002,28,3622851,3583589,947141,Discharging,Good,370,1086997,3800000,3800000,0,1147661,947141,3622851,3431,36695,resting
2026-07-25T13:48:21.202503,28,3622851,3583553,930075,Discharging,Good,370,1084414,3800000,3800000,0,1165942,930075,3622851,3369,36703,resting
2026-07-25T13:48:31.204621,28,3620703,3583509,943454,Discharging,Good,370,1081906,3800000,3800000,0,1146750,943454,3620703,3416,36710,resting
2026-07-25T13:48:41.298560,28,3620703,3583498,944467,Discharging,Good,370,1079283,3800000,3800000,0,1142742,944467,3620703,3419,36742,resting
2026-07-25T13:48:51.382694,28,3620117,3583384,941208,Discharging,Good,370,1076669,3800000,3800000,0,1143922,941208,3620117,3407,36734,resting
2026-07-25T13:49:01.385015,28,3619531,3583236,943808,Discharging,Good,370,1074303,3800000,3800000,0,1138264,943808,3619531,3416,36750,resting
2026-07-25T13:49:11.466596,28,3611718,3583084,1018979,Discharging,Good,370,1071473,3800000,3800000,0,1051516,1018979,3611718,3679,36789,resting
2026-07-25T13:49:21.550339,28,3602343,3582880,1145333,Discharging,Good,370,1068292,3800000,3800000,0,932734,1145333,3602343,4125,36820,resting
2026-07-25T13:49:31.633691,28,3613476,3582444,1000143,Discharging,Good,370,1065496,3800000,3800000,0,1065343,1000143,3613476,3613,36851,resting
2026-07-25T13:49:41.728833,27,3616796,3582121,955661,Discharging,Good,370,1062842,3800000,3800000,0,1112153,955661,3616796,3456,36875,resting
2026-07-25T13:49:51.809914,27,3616992,3581942,948630,Discharging,Good,370,1060207,3800000,3800000,0,1117619,948630,3616992,3431,36882,resting
2026-07-25T13:50:01.906468,27,3605859,3581655,1078134,Discharging,Good,370,1057668,3800000,3800000,0,981017,1078134,3605859,3887,36875,resting
2026-07-25T13:50:11.988260,27,3614453,3581400,953598,Discharging,Good,370,1055020,3800000,3800000,0,1106357,953598,3614453,3446,36875,resting
2026-07-25T13:50:22.070498,27,3615820,3581244,949667,Discharging,Good,370,1052383,3800000,3800000,0,1108160,949667,3615820,3433,36890,resting
2026-07-25T13:50:32.150528,27,3614648,3581157,941696,Discharging,Good,370,1049768,3800000,3800000,0,1114763,941696,3614648,3403,36882,resting
2026-07-25T13:50:42.228068,27,3613476,3581009,950681,Discharging,Good,370,1047391,3800000,3800000,0,1101727,950681,3613476,3435,36890,resting
2026-07-25T13:50:52.314350,27,3595312,3580882,1213009,Discharging,Good,370,1044022,3800000,3800000,0,860687,1213009,3595312,4360,36898,resting
2026-07-25T13:51:02.386374,27,3611523,3580816,947556,Discharging,Good,370,1041390,3800000,3800000,0,1099027,947556,3611523,3422,36921,resting
2026-07-25T13:51:12.470604,27,3604882,3580651,1032675,Discharging,Good,370,1038738,3800000,3800000,0,1005871,1032675,3604882,3722,36921,resting
2026-07-25T13:51:22.555689,27,3595898,3580412,1140207,Discharging,Good,370,1035571,3800000,3800000,0,908230,1140207,3595898,4100,36929,resting
2026-07-25T13:51:32.630584,27,3608007,3580166,968185,Discharging,Good,370,1032882,3800000,3800000,0,1066822,968185,3608007,3493,36945,resting
2026-07-25T13:51:42.715996,27,3609375,3579677,953928,Discharging,Good,370,1030498,3800000,3800000,0,1080268,953928,3609375,3443,36929,resting
2026-07-25T13:51:52.794633,27,3609375,3579540,956625,Discharging,Good,370,1027841,3800000,3800000,0,1074445,956625,3609375,3452,36921,resting
2026-07-25T13:52:02.869923,26,3608789,3579365,950424,Discharging,Good,370,1025201,3800000,3800000,0,1078677,950424,3608789,3429,36914,resting
2026-07-25T13:52:12.942256,26,3589453,3578906,1174411,Discharging,Good,370,1022373,3800000,3800000,0,870541,1174411,3589453,4215,36929,resting
2026-07-25T13:52:23.023842,26,3591992,3578532,1146640,Discharging,Good,370,1019188,3800000,3800000,0,888847,1146640,3591992,4118,36953,resting
2026-07-25T13:52:33.107449,26,3601171,3578207,1031857,Discharging,Good,370,1016322,3800000,3800000,0,984944,1031857,3601171,3715,36984,resting
2026-07-25T13:52:43.190647,26,3600390,3577309,1022006,Discharging,Good,370,1013804,3800000,3800000,0,991974,1022006,3600390,3679,36976,resting
2026-07-25T13:52:53.264049,26,3605273,3577052,958273,Discharging,Good,370,1011143,3800000,3800000,0,1055172,958273,3605273,3454,36976,resting
2026-07-25T13:53:03.355986,26,3605273,3576813,956052,Discharging,Good,370,1008488,3800000,3800000,0,1054846,956052,3605273,3446,36968,resting
2026-07-25T13:53:13.445842,26,3598828,3576133,1028854,Discharging,Good,370,1005983,3800000,3800000,0,977770,1028854,3598828,3702,36968,resting
2026-07-25T13:53:23.526607,26,3604296,3575923,959641,Discharging,Good,370,1003318,3800000,3800000,0,1045513,959641,3604296,3458,36968,resting
2026-07-25T13:53:33.618524,26,3604296,3575720,955624,Discharging,Good,370,1000664,3800000,3800000,0,1047131,955624,3604296,3444,36984,resting
2026-07-25T13:53:43.703254,26,3604101,3575135,953513,Discharging,Good,370,998544,3800000,3800000,0,1047226,953513,3604101,3436,36984,resting
2026-07-25T13:53:53.789564,26,3602929,3574949,951608,Discharging,Good,370,995901,3800000,3800000,0,1046545,951608,3602929,3428,37007,resting
2026-07-25T13:54:03.872093,26,3603515,3574768,956491,Discharging,Good,370,993245,3800000,3800000,0,1038425,956491,3603515,3446,37023,resting
2026-07-25T13:54:13.959219,26,3603125,3574243,956076,Discharging,Good,370,990858,3800000,3800000,0,1036379,956076,3603125,3444,37054,resting
2026-07-25T13:54:24.043231,26,3601757,3574075,951755,Discharging,Good,370,988215,3800000,3800000,0,1038308,951755,3601757,3427,37093,resting
2026-07-25T13:54:34.114308,25,3582421,3573800,1203463,Discharging,Good,370,984873,3800000,3800000,0,818365,1203463,3582421,4311,37140,resting
2026-07-25T13:54:44.195629,25,3601562,3573060,955624,Discharging,Good,370,982481,3800000,3800000,0,1028104,955624,3601562,3441,37171,resting
2026-07-25T13:54:54.279948,25,3600000,3572861,957309,Discharging,Good,370,979822,3800000,3800000,0,1023516,957309,3600000,3446,37195,resting
2026-07-25T13:55:04.364727,25,3600000,3572503,963962,Discharging,Good,370,977388,3800000,3800000,0,1013927,963962,3600000,3470,37218,resting
2026-07-25T13:55:14.446605,25,3593359,3571949,1030185,Discharging,Good,370,974893,3800000,3800000,0,946328,1030185,3593359,3701,37250,resting
2026-07-25T13:55:24.530037,25,3600000,3571760,958969,Discharging,Good,370,972230,3800000,3800000,0,1013828,958969,3600000,3452,37281,resting
2026-07-25T13:55:34.614669,25,3597070,3571485,971542,Discharging,Good,370,969532,3800000,3800000,0,997931,971542,3597070,3494,37312,resting
2026-07-25T13:55:44.698561,25,3598632,3570643,958908,Discharging,Good,370,967141,3800000,3800000,0,1008585,958908,3598632,3450,37328,resting
2026-07-25T13:55:54.790715,25,3597851,3570440,955881,Discharging,Good,370,964486,3800000,3800000,0,1009002,955881,3597851,3439,37359,resting
2026-07-25T13:56:04.876143,25,3597460,3570272,952438,Discharging,Good,370,961841,3800000,3800000,0,1009872,952438,3597460,3426,37390,resting
2026-07-25T13:56:14.947681,25,3596875,3569826,959641,Discharging,Good,370,959716,3800000,3800000,0,1000078,959641,3596875,3451,37414,resting
2026-07-25T13:56:25.042681,25,3596875,3569702,959103,Discharging,Good,370,957052,3800000,3800000,0,997861,959103,3596875,3449,37460,resting
2026-07-25T13:56:35.134610,25,3596289,3569590,955905,Discharging,Good,370,954397,3800000,3800000,0,998422,955905,3596289,3437,37507,resting
2026-07-25T13:56:45.209344,25,3594726,3569236,960568,Discharging,Good,370,951996,3800000,3800000,0,991076,960568,3594726,3452,37562,resting
2026-07-25T13:56:55.283922,24,3590234,3568895,1021017,Discharging,Good,370,949160,3800000,3800000,0,929622,1021017,3590234,3665,37601,resting
2026-07-25T13:57:05.358625,24,3594921,3568536,955734,Discharging,Good,370,946506,3800000,3800000,0,990344,955734,3594921,3435,37632,resting
2026-07-25T13:57:15.434593,24,3587695,3567679,1048434,Discharging,Good,370,944056,3800000,3800000,0,900443,1048434,3587695,3761,37671,resting
2026-07-25T13:57:25.512895,24,3593164,3567367,965891,Discharging,Good,370,941373,3800000,3800000,0,974616,965891,3593164,3470,37695,resting
2026-07-25T13:57:35.588393,24,3592968,3567144,957663,Discharging,Good,370,938713,3800000,3800000,0,980212,957663,3592968,3440,37703,resting
2026-07-25T13:57:45.674586,24,3591992,3566607,956662,Discharging,Good,370,936220,3800000,3800000,0,978631,956662,3591992,3436,37718,resting
2026-07-25T13:57:55.746607,24,3588085,3566251,1007455,Discharging,Good,370,933422,3800000,3800000,0,926514,1007455,3588085,3614,37726,resting
2026-07-25T13:58:05.818215,24,3591210,3565896,963901,Discharging,Good,370,930745,3800000,3800000,0,965602,963901,3591210,3461,37718,resting
2026-07-25T13:58:15.891736,24,3591406,3564857,962753,Discharging,Good,370,928340,3800000,3800000,0,964255,962753,3591406,3457,37726,resting
2026-07-25T13:58:25.963926,24,3591015,3564520,959213,Discharging,Good,370,925676,3800000,3800000,0,965036,959213,3591015,3444,37726,resting
2026-07-25T13:58:36.036221,24,3590429,3564296,958017,Discharging,Good,370,923015,3800000,3800000,0,963464,958017,3590429,3439,37726,resting
2026-07-25T13:58:46.109058,24,3590039,3563549,959799,Discharging,Good,370,920620,3800000,3800000,0,959179,959799,3590039,3445,37726,resting
2026-07-25T13:58:56.193387,24,3589062,3563279,959494,Discharging,Good,370,917955,3800000,3800000,0,956707,959494,3589062,3443,37726,resting
2026-07-25T13:59:06.267129,24,3589257,3562997,957224,Discharging,Good,370,915297,3800000,3800000,0,956199,957224,3589257,3435,37734,resting
2026-07-25T13:59:16.269112,24,3581835,3562429,1037924,Discharging,Good,370,913115,3800000,3800000,0,879751,1037924,3581835,3717,37742,resting
2026-07-25T13:59:26.354577,23,3588476,3562143,965683,Discharging,Good,370,910433,3800000,3800000,0,942786,965683,3588476,3465,37757,resting
2026-07-25T13:59:36.440906,23,3587695,3561856,960788,Discharging,Good,370,907765,3800000,3800000,0,944813,960788,3587695,3447,37773,resting
2026-07-25T13:59:46.442853,23,3587304,3561291,960471,Discharging,Good,370,905365,3800000,3800000,0,942626,960471,3587304,3445,37781,resting
2026-07-25T13:59:56.516198,23,3586132,3561013,961752,Discharging,Good,370,902694,3800000,3800000,0,938593,961752,3586132,3449,37789,resting
2026-07-25T14:00:06.607102,23,3586132,3560370,963181,Discharging,Good,370,900182,3800000,3800000,0,934592,963181,3586132,3454,37804,resting
2026-07-25T14:00:16.609083,23,3585546,3559972,963754,Discharging,Good,370,897773,3800000,3800000,0,931537,963754,3585546,3455,37820,resting
2026-07-25T14:00:26.686635,23,3584375,3559240,977524,Discharging,Good,370,895058,3800000,3800000,0,915637,977524,3584375,3503,37835,resting
2026-07-25T14:00:36.770566,23,3580468,3558933,1039902,Discharging,Good,370,892170,3800000,3800000,0,857936,1039902,3580468,3723,37843,resting
2026-07-25T14:00:46.772519,23,3584765,3558649,963498,Discharging,Good,370,889762,3800000,3800000,0,923470,963498,3584765,3453,37867,resting
2026-07-25T14:00:56.854498,23,3582617,3558110,975998,Discharging,Good,370,887036,3800000,3800000,0,908850,975998,3582617,3496,37882,resting
2026-07-25T14:01:06.942715,23,3581250,3557862,1014401,Discharging,Good,370,884219,3800000,3800000,0,871666,1014401,3581250,3632,37898,resting
2026-07-25T14:01:16.944711,23,3576562,3557521,1046127,Discharging,Good,370,881604,3800000,3800000,0,842731,1046127,3576562,3741,37914,resting
2026-07-25T14:01:27.019252,23,3581640,3556898,978476,Discharging,Good,370,879140,3800000,3800000,0,898478,978476,3581640,3504,37937,resting
2026-07-25T14:01:37.102633,23,3579882,3556635,989279,Discharging,Good,370,876393,3800000,3800000,0,885890,989279,3579882,3541,37953,resting
2026-07-25T14:01:47.104752,22,3576367,3556393,1036520,Discharging,Good,370,873802,3800000,3800000,0,843015,1036520,3576367,3706,37976,resting
2026-07-25T14:01:57.187750,22,3569140,3555850,1105685,Discharging,Good,370,871102,3800000,3800000,0,787839,1105685,3569140,3945,37984,resting
2026-07-25T14:02:07.267931,22,3572460,3555256,1068112,Discharging,Good,370,868136,3800000,3800000,0,812776,1068112,3572460,3815,38015,resting
2026-07-25T14:02:17.349689,22,3573046,3554586,1044479,Discharging,Good,370,865235,3800000,3800000,0,828389,1044479,3573046,3731,38015,resting
2026-07-25T14:02:27.424585,22,3575976,3552805,1006882,Discharging,Good,370,862450,3800000,3800000,0,856555,1006882,3575976,3600,38000,resting
2026-07-25T14:02:37.495998,22,3575976,3552388,984543,Discharging,Good,370,859716,3800000,3800000,0,873213,984543,3575976,3520,37992,resting
2026-07-25T14:02:47.569364,22,3577148,3552069,983908,Discharging,Good,370,856983,3800000,3800000,0,870999,983908,3577148,3519,37992,resting
2026-07-25T14:02:57.654787,22,3572070,3551107,1045614,Discharging,Good,370,854694,3800000,3800000,0,817408,1045614,3572070,3734,38000,resting
2026-07-25T14:03:07.751963,22,3576171,3550739,984372,Discharging,Good,370,851960,3800000,3800000,0,865485,984372,3576171,3520,38007,resting
2026-07-25T14:03:17.827575,22,3569726,3550352,1059701,Discharging,Good,370,849017,3800000,3800000,0,801185,1059701,3569726,3782,38015,resting
2026-07-25T14:03:27.910530,22,3575390,3549206,980222,Discharging,Good,370,846817,3800000,3800000,0,863903,980222,3575390,3504,38039,resting
2026-07-25T14:03:37.997497,22,3574609,3548817,981674,Discharging,Good,370,844091,3800000,3800000,0,859848,981674,3574609,3509,38054,resting
2026-07-25T14:03:48.090560,22,3574804,3548536,989694,Discharging,Good,370,841342,3800000,3800000,0,850103,989694,3574804,3538,38070,resting
2026-07-25T14:03:58.177332,22,3573046,3547655,992136,Discharging,Good,370,838871,3800000,3800000,0,845520,992136,3573046,3544,38093,resting
2026-07-25T14:04:08.266585,22,3572656,3547432,1007602,Discharging,Good,370,836073,3800000,3800000,0,829765,1007602,3572656,3599,38117,resting
2026-07-25T14:04:18.350656,21,3572656,3547268,988803,Discharging,Good,370,833327,3800000,3800000,0,842763,988803,3572656,3532,38140,resting
2026-07-25T14:04:28.428994,21,3567382,3546669,1031393,Discharging,Good,370,830803,3800000,3800000,0,805515,1031393,3567382,3679,38164,resting
2026-07-25T14:04:38.508925,21,3572070,3546395,985471,Discharging,Good,370,828066,3800000,3800000,0,840274,985471,3572070,3520,38195,resting
2026-07-25T14:04:48.595982,21,3571484,3546202,978769,Discharging,Good,370,825348,3800000,3800000,0,843251,978769,3571484,3495,38226,resting
2026-07-25T14:04:58.674519,21,3571875,3545528,985117,Discharging,Good,370,822888,3800000,3800000,0,835320,985117,3571875,3518,38250,resting
2026-07-25T14:05:08.756183,21,3571093,3545011,983749,Discharging,Good,370,820372,3800000,3800000,0,833924,983749,3571093,3513,38289,resting
2026-07-25T14:05:18.834524,21,3564648,3544719,1063766,Discharging,Good,370,817418,3800000,3800000,0,768418,1063766,3564648,3792,38312,resting
2026-07-25T14:05:28.906566,21,3569921,3543835,984970,Discharging,Good,370,814938,3800000,3800000,0,827373,984970,3569921,3516,38343,resting
2026-07-25T14:05:38.979426,21,3569531,3543533,986496,Discharging,Good,370,812198,3800000,3800000,0,823316,986496,3569531,3521,38375,resting
2026-07-25T14:05:49.058593,21,3569921,3543229,984506,Discharging,Good,370,809464,3800000,3800000,0,822203,984506,3569921,3514,38421,resting
2026-07-25T14:05:59.130568,21,3569140,3542278,985519,Discharging,Good,370,806967,3800000,3800000,0,818824,985519,3569140,3517,38460,resting
2026-07-25T14:06:09.208665,21,3568554,3541968,983200,Discharging,Good,370,804236,3800000,3800000,0,817978,983200,3568554,3508,38484,resting
2026-07-25T14:06:19.282520,21,3568554,3541667,985776,Discharging,Good,370,801498,3800000,3800000,0,813063,985776,3568554,3517,38515,resting
2026-07-25T14:06:29.366545,21,3567773,3540798,986435,Discharging,Good,370,799027,3800000,3800000,0,810014,986435,3567773,3519,38531,resting
2026-07-25T14:06:39.450600,20,3567382,3540520,996274,Discharging,Good,370,796260,3800000,3800000,0,799237,996274,3567382,3554,38570,resting
2026-07-25T14:06:49.524023,20,3567382,3540138,989645,Discharging,Good,370,793511,3800000,3800000,0,801813,989645,3567382,3530,38593,resting
2026-07-25T14:06:59.597564,20,3567187,3539109,985898,Discharging,Good,370,791037,3800000,3800000,0,802351,985898,3567187,3516,38625,resting
2026-07-25T14:07:09.690672,20,3565625,3538813,1004526,Discharging,Good,370,788247,3800000,3800000,0,784695,1004526,3565625,3581,38648,resting
2026-07-25T14:07:19.777735,20,3559375,3538538,1066794,Discharging,Good,370,785284,3800000,3800000,0,736115,1066794,3559375,3797,38679,resting
2026-07-25T14:07:29.860007,20,3563867,3537552,1006186,Discharging,Good,370,782699,3800000,3800000,0,777886,1006186,3563867,3585,38703,resting
2026-07-25T14:07:39.948095,20,3564843,3537272,987582,Discharging,Good,370,779956,3800000,3800000,0,789763,987582,3564843,3520,38734,resting
2026-07-25T14:07:50.032036,20,3563476,3537016,990256,Discharging,Good,370,777206,3800000,3800000,0,784853,990256,3563476,3528,38750,resting
2026-07-25T14:08:00.116130,20,3564257,3536305,987961,Discharging,Good,370,774742,3800000,3800000,0,784182,987961,3564257,3521,38781,resting
2026-07-25T14:08:10.190193,20,3548046,3535977,1178463,Discharging,Good,370,771469,3800000,3800000,0,654639,1178463,3548046,4181,38851,resting
2026-07-25T14:08:20.270496,20,3562500,3535697,990952,Discharging,Good,370,768717,3800000,3800000,0,775735,990952,3562500,3530,38906,resting
2026-07-25T14:08:30.342598,20,3560937,3534950,996298,Discharging,Good,370,766508,3800000,3800000,0,769356,996298,3560937,3547,38921,resting
2026-07-25T14:08:40.418264,20,3548828,3534622,1164889,Discharging,Good,370,763273,3800000,3800000,0,655232,1164889,3548828,4133,38945,resting
2026-07-25T14:08:50.510530,20,3560546,3534349,991403,Discharging,Good,370,760520,3800000,3800000,0,767114,991403,3560546,3529,38968,resting
2026-07-25T14:09:00.582888,19,3555859,3533643,1048337,Discharging,Good,370,758016,3800000,3800000,0,723065,1048337,3555859,3727,38984,resting
2026-07-25T14:09:10.666579,19,3559375,3533441,991940,Discharging,Good,370,755261,3800000,3800000,0,761397,991940,3559375,3530,39007,resting
2026-07-25T14:09:20.753681,19,3554101,3533148,1068185,Discharging,Good,370,752294,3800000,3800000,0,704273,1068185,3554101,3796,39023,resting
2026-07-25T14:09:30.755686,19,3558789,3532656,998422,Discharging,Good,370,750081,3800000,3800000,0,751266,998422,3558789,3553,39039,resting
2026-07-25T14:09:40.838599,19,3558593,3532451,1000180,Discharging,Good,370,747025,3800000,3800000,0,746890,1000180,3558593,3559,39070,resting
2026-07-25T14:09:50.922568,19,3558203,3532270,992307,Discharging,Good,370,744269,3800000,3800000,0,750039,992307,3558203,3530,39093,resting
2026-07-25T14:10:00.924547,19,3558007,3531943,988791,Discharging,Good,370,741792,3800000,3800000,0,750201,988791,3558007,3518,39132,resting
2026-07-25T14:10:10.999045,19,3555273,3531794,1024325,Discharging,Good,370,738947,3800000,3800000,0,721398,1024325,3555273,3641,39187,resting
2026-07-25T14:10:21.086104,19,3557617,3531654,995932,Discharging,Good,370,736181,3800000,3800000,0,739188,995932,3557617,3543,39218,resting
2026-07-25T14:10:31.173322,19,3556250,3531373,1000461,Discharging,Good,370,733692,3800000,3800000,0,733353,1000461,3556250,3557,39250,resting
2026-07-25T14:10:41.254560,19,3556640,3531094,998691,Discharging,Good,370,730918,3800000,3800000,0,731876,998691,3556640,3551,39289,resting
2026-07-25T14:10:51.338661,19,3553125,3530967,1038766,Discharging,Good,370,728033,3800000,3800000,0,700863,1038766,3553125,3690,39328,resting
2026-07-25T14:11:01.411219,19,3555273,3530727,999887,Discharging,Good,370,725541,3800000,3800000,0,725622,999887,3555273,3554,39367,resting
2026-07-25T14:11:11.494523,19,3555664,3530388,1001169,Discharging,Good,370,722760,3800000,3800000,0,721916,1001169,3555664,3559,39406,resting
2026-07-25T14:11:21.581449,18,3547656,3530098,1103659,Discharging,Good,370,719695,3800000,3800000,0,652099,1103659,3547656,3915,39421,resting
2026-07-25T14:11:31.676028,18,3554687,3529447,995712,Discharging,Good,370,717204,3800000,3800000,0,720292,995712,3554687,3539,39476,resting
2026-07-25T14:11:41.754523,18,3553710,3528803,1001767,Discharging,Good,370,714702,3800000,3800000,0,713441,1001767,3553710,3559,39523,resting
2026-07-25T14:11:51.838605,18,3550781,3528448,1026584,Discharging,Good,370,711851,3800000,3800000,0,693417,1026584,3550781,3645,39554,resting
2026-07-25T14:12:01.922796,18,3548632,3528082,1060214,Discharging,Good,370,708906,3800000,3800000,0,668644,1060214,3548632,3762,39593,resting
2026-07-25T14:12:12.010540,18,3553125,3526964,995493,Discharging,Good,370,706399,3800000,3800000,0,709597,995493,3553125,3537,39632,resting
2026-07-25T14:12:22.083957,18,3553515,3526596,993051,Discharging,Good,370,703641,3800000,3800000,0,708564,993051,3553515,3528,39671,resting
2026-07-25T14:12:32.165961,18,3552343,3526231,998825,Discharging,Good,370,700867,3800000,3800000,0,701691,998825,3552343,3548,39703,resting
2026-07-25T14:12:42.250686,18,3547265,3525211,1067953,Discharging,Good,370,698236,3800000,3800000,0,653807,1067953,3547265,3788,39734,resting
2026-07-25T14:12:52.326563,18,3531445,3524764,1234420,Discharging,Good,370,694808,3800000,3800000,0,562861,1234420,3531445,4359,39820,resting
2026-07-25T14:13:02.413216,18,3527734,3524139,1268331,Discharging,Good,370,691285,3800000,3800000,0,545035,1268331,3527734,4474,39875,resting
2026-07-25T14:13:12.497067,18,3509179,3522733,1496578,Discharging,Good,370,687613,3800000,3800000,0,459456,1496578,3509179,5251,39929,resting
2026-07-25T14:13:22.570628,17,3523437,3522004,1322420,Discharging,Good,370,683940,3800000,3800000,0,517188,1322420,3523437,4659,39960,resting
2026-07-25T14:13:32.658913,17,3527539,3521319,1225717,Discharging,Good,370,680536,3800000,3800000,0,555214,1225717,3527539,4323,39968,resting
2026-07-25T14:13:42.742224,17,3496875,3519859,1595406,Discharging,Good,370,676863,3800000,3800000,0,424257,1595406,3496875,5578,39992,resting
2026-07-25T14:13:52.829207,17,3542968,3519252,1027353,Discharging,Good,370,674010,3800000,3800000,0,656064,1027353,3542968,3639,40007,resting
2026-07-25T14:14:02.916273,17,3542968,3518662,1031686,Discharging,Good,370,671145,3800000,3800000,0,650532,1031686,3542968,3655,40007,resting
2026-07-25T14:14:13.002639,17,3542578,3517071,1030783,Discharging,Good,370,668267,3800000,3800000,0,648310,1030783,3542578,3651,40000,resting
2026-07-25T14:14:23.090169,17,3543554,3516654,1037863,Discharging,Good,370,665385,3800000,3800000,0,641110,1037863,3543554,3677,39976,resting
2026-07-25T14:14:33.170586,17,3542968,3516312,1033700,Discharging,Good,370,662514,3800000,3800000,0,640915,1033700,3542968,3662,39921,resting
2026-07-25T14:14:43.254297,17,3543750,3515390,1016379,Discharging,Good,370,660253,3800000,3800000,0,649612,1016379,3543750,3601,39867,resting
2026-07-25T14:14:53.338702,17,3544531,3515141,997983,Discharging,Good,370,657481,3800000,3800000,0,658809,997983,3544531,3537,39812,resting
2026-07-25T14:15:03.410207,17,3529101,3514693,1189950,Discharging,Good,370,654858,3800000,3800000,0,550323,1189950,3529101,4199,39773,resting
2026-07-25T14:15:13.497985,17,3562890,3514246,766794,Discharging,Good,370,653048,3800000,3800000,0,851660,766794,3562890,2731,39734,resting
2026-07-25T14:15:23.582641,17,3558593,3514126,850742,Discharging,Good,370,650685,3800000,3800000,0,764844,850742,3558593,3027,39679,resting
2026-07-25T14:15:33.658585,17,3559765,3514101,828342,Discharging,Good,370,648385,3800000,3800000,0,782750,828342,3559765,2948,39656,resting
2026-07-25T14:15:43.745271,17,3564843,3514216,772764,Discharging,Good,370,646459,3800000,3800000,0,836554,772764,3564843,2754,39632,resting
2026-07-25T14:15:53.823572,16,3564648,3514308,767966,Discharging,Good,370,644326,3800000,3800000,0,839003,767966,3564648,2737,39617,resting
2026-07-25T14:16:03.906557,16,3565234,3514530,764585,Discharging,Good,370,642203,3800000,3800000,0,839936,764585,3565234,2725,39601,resting
2026-07-25T14:16:13.986666,16,3563671,3515289,777549,Discharging,Good,370,640278,3800000,3800000,0,823456,777549,3563671,2770,39585,resting
2026-07-25T14:16:24.070630,16,3564062,3515498,780417,Discharging,Good,370,638111,3800000,3800000,0,817653,780417,3564062,2781,39570,resting
2026-07-25T14:16:34.154654,16,3563085,3515681,782895,Discharging,Good,370,635937,3800000,3800000,0,812289,782895,3563085,2789,39578,resting
2026-07-25T14:16:44.227084,16,3564648,3516363,766355,Discharging,Good,370,634022,3800000,3800000,0,827321,766355,3564648,2731,39570,resting
2026-07-25T14:16:54.298652,16,3563281,3516544,767185,Discharging,Good,370,631891,3800000,3800000,0,823648,767185,3563281,2733,39578,resting
2026-07-25T14:17:04.382542,16,3541015,3516376,1001962,Discharging,Good,370,629108,3800000,3800000,0,627876,1001962,3541015,3547,39593,resting
2026-07-25T14:17:14.469148,16,3524218,3515818,1251998,Discharging,Good,370,626356,3800000,3800000,0,500285,1251998,3524218,4412,39585,resting
2026-07-25T14:17:24.550353,16,3450781,3514957,2155829,Discharging,Good,370,620368,3800000,3800000,0,287763,2155829,3450781,7438,39585,resting
2026-07-25T15:24:48.534481,79,3873632,3863416,1919379,Discharging,Good,370,3036610,3800000,3800000,0,1582079,1919379,3873632,7432,35867,resting
2026-07-25T15:24:58.618474,79,3866406,3862538,1910004,Discharging,Good,370,3032056,3800000,3800000,0,1587460,1910004,3866406,7383,35882,resting
2026-07-25T15:25:08.703288,79,3924609,3861405,1047934,Discharging,Good,370,3028603,3800000,3800000,0,2890070,1047934,3924609,4112,36000,resting
2026-07-25T15:25:18.800338,81,3925781,3844131,1019748,Discharging,Good,370,3114584,3800000,3800000,0,3054268,1019748,3925781,4003,35937,resting
2026-07-25T15:25:28.882470,81,3848046,3843889,1970197,Discharging,Good,370,3109112,3800000,3800000,0,1578071,1970197,3848046,7580,35953,resting
2026-07-25T15:25:38.966856,81,3846093,3843294,1955073,Discharging,Good,370,3103682,3800000,3800000,0,1587501,1955073,3846093,7518,36156,resting
2026-07-25T15:25:49.050695,81,3904882,3841605,1146591,Discharging,Good,370,3100121,3800000,3800000,0,2703772,1146591,3904882,4477,36281,resting
2026-07-25T15:25:59.140137,81,3807617,3840809,2386895,Discharging,Good,370,3093491,3800000,3800000,0,1296031,2386895,3807617,9087,36335,resting
2026-07-25T15:26:09.222430,81,3834179,3839758,1984650,Discharging,Good,370,3087979,3800000,3800000,0,1555931,1984650,3834179,7608,36500,resting
2026-07-25T15:26:19.321339,81,3878320,3837369,1438729,Discharging,Good,370,3084188,3800000,3800000,0,2143689,1438729,3878320,5579,36578,resting
2026-07-25T15:26:29.969149,81,3883984,3836835,1301974,Discharging,Good,370,3080572,3800000,3800000,0,2366077,1301974,3883984,5056,36570,resting
2026-07-25T15:26:40.057397,80,3887109,3836087,1268636,Discharging,Good,370,3077049,3800000,3800000,0,2425478,1268636,3887109,4927,36593,resting
2026-07-25T15:26:50.141968,80,3878515,3834201,1364156,Discharging,Good,370,3073726,3800000,3800000,0,2253207,1364156,3878515,5288,36578,resting
2026-07-25T15:27:00.225864,80,3874023,3833695,1408468,Discharging,Good,370,3069814,3800000,3800000,0,2179541,1408468,3874023,5452,36554,resting
2026-07-25T15:27:10.311588,80,3876953,3832983,1364571,Discharging,Good,370,3066024,3800000,3800000,0,2246877,1364571,3876953,5285,36476,resting
2026-07-25T15:27:20.393167,80,3846875,3830896,1721089,Discharging,Good,370,3062304,3800000,3800000,0,1779282,1721089,3846875,6616,36414,resting
2026-07-25T15:27:30.483108,80,3858984,3830428,1517208,Discharging,Good,370,3058090,3800000,3800000,0,2015603,1517208,3858984,5851,36414,resting
2026-07-25T15:27:40.565336,80,3861523,3829758,1487117,Discharging,Good,370,3053960,3800000,3800000,0,2053611,1487117,3861523,5740,36453,resting
2026-07-25T15:27:50.649640,80,3843554,3827286,1679243,Discharging,Good,370,3049928,3800000,3800000,0,1816251,1679243,3843554,6450,36492,resting
2026-07-25T15:28:00.737462,80,3858593,3826717,1457479,Discharging,Good,370,3045880,3800000,3800000,0,2089827,1457479,3858593,5620,36562,resting
2026-07-25T15:28:10.821398,80,3882617,3826438,1153024,Discharging,Good,370,3042678,3800000,3800000,0,2638867,1153024,3882617,4475,36656,resting
2026-07-25T15:32:42.137656,78,3830273,3803328,1922895,Discharging,Good,370,3000377,3800000,3800000,0,1560343,1922895,3830273,7363,33921,resting
2026-07-25T15:32:52.234983,78,3886914,3803046,1151803,Discharging,Good,370,2997214,3800000,3800000,0,2602193,1151803,3886914,4476,34023,resting
2026-07-25T15:33:02.321534,78,3890234,3803257,1078439,Discharging,Good,370,2994219,3800000,3800000,0,2776437,1078439,3890234,4195,34062,resting
2026-07-25T15:33:12.404216,78,3888476,3844000,1086203,Discharging,Good,370,2991510,3800000,3800000,0,2754098,1086203,3888476,4223,34117,resting
2026-07-25T15:33:22.492232,78,3881250,3844000,1145687,Discharging,Good,370,2988328,3800000,3800000,0,2608328,1145687,3881250,4446,34203,resting
2026-07-25T15:33:32.568587,78,3885937,3844000,1080673,Discharging,Good,370,2985327,3800000,3800000,0,2762470,1080673,3885937,4159,34281,resting
2026-07-25T15:33:42.655444,78,3893750,3844079,975961,Discharging,Good,370,2982927,3800000,3800000,0,3056399,975961,3893750,3800,34351,resting
2026-07-25T15:33:52.742367,78,3897265,3844201,911826,Discharging,Good,370,2980395,3800000,3800000,0,3268600,911826,3897265,3553,34437,resting
2026-07-25T15:34:02.829332,78,3897460,3844389,912766,Discharging,Good,370,2977860,3800000,3800000,0,3262457,912766,3897460,3557,34507,resting
2026-07-25T15:34:12.916273,78,3896289,3844932,918601,Discharging,Good,370,2975531,3800000,3800000,0,3239198,918601,3896289,3579,34578,resting
2026-07-25T15:34:23.001989,78,3892578,3845169,963181,Discharging,Good,370,2972856,3800000,3800000,0,3086497,963181,3892578,3748,34632,resting
2026-07-25T15:34:33.080639,78,3895507,3845427,918894,Discharging,Good,370,2970304,3800000,3800000,0,3232477,918894,3895507,3579,34664,resting
2026-07-25T15:34:43.167566,78,3894921,3846204,915622,Discharging,Good,370,2968016,3800000,3800000,0,3241529,915622,3894921,3566,34679,resting
2026-07-25T15:34:53.251304,78,3883593,3846364,1043930,Discharging,Good,370,2965117,3800000,3800000,0,2840340,1043930,3883593,4054,34703,resting
2026-07-25T15:35:03.336525,77,3887109,3846197,979941,Discharging,Good,370,2961754,3800000,3800000,0,3022379,979941,3887109,3809,34726,resting
2026-07-25T15:35:13.421425,77,3864843,3845916,1259164,Discharging,Good,370,2959185,3800000,3800000,0,2350118,1259164,3864843,4865,34750,resting
2026-07-25T15:35:23.505617,77,3783593,3845056,2219965,Discharging,Good,370,2953019,3800000,3800000,0,1330209,2219965,3783593,8399,34914,resting
2026-07-25T15:35:33.588495,77,3861523,3844268,1224178,Discharging,Good,370,2949619,3800000,3800000,0,2409469,1224178,3861523,4727,35093,resting
2026-07-25T15:35:43.197042,77,3860351,3842357,1195504,Discharging,Good,370,2946849,3800000,3800000,0,2464942,1195504,3860351,4615,35148,resting
2026-07-25T15:35:53.274462,77,3848242,3841626,1336776,Discharging,Good,370,2943136,3800000,3800000,0,2201667,1336776,3848242,5144,35265,resting
2026-07-25T15:36:03.370640,77,3874804,3841051,1021640,Discharging,Good,370,2940299,3800000,3800000,0,2878018,1021640,3874804,3958,35281,resting
2026-07-25T15:36:13.466092,77,3852539,3839268,1264340,Discharging,Good,370,2936929,3800000,3800000,0,2322894,1264340,3852539,4870,35359,resting
2026-07-25T15:36:23.552596,77,3857617,3838663,1205844,Discharging,Good,370,2933580,3800000,3800000,0,2432802,1205844,3857617,4651,35398,resting
2026-07-25T15:36:33.639133,77,3846484,3837968,1334884,Discharging,Good,370,2929872,3800000,3800000,0,2194851,1334884,3846484,5134,35437,resting
2026-07-25T15:36:43.719824,77,3841601,3836062,1398629,Discharging,Good,370,2927100,3800000,3800000,0,2092835,1398629,3841601,5372,35507,resting
2026-07-25T15:36:53.806934,76,3839648,3835218,1408956,Discharging,Good,370,2923187,3800000,3800000,0,2074718,1408956,3839648,5407,35554,resting
2026-07-25T15:37:03.892593,76,3846875,3834385,1295931,Discharging,Good,370,2919588,3800000,3800000,0,2252888,1295931,3846875,4985,35625,resting
2026-07-25T15:37:13.977176,76,3848046,3831908,1298714,Discharging,Good,370,2916759,3800000,3800000,0,2245882,1298714,3848046,4996,35695,resting
2026-07-25T15:37:24.059904,76,3787500,3830671,2006476,Discharging,Good,370,2911186,3800000,3800000,0,1450895,2006476,3787500,7598,35804,resting
2026-07-25T15:37:34.144793,76,3835546,3829605,1368685,Discharging,Good,370,2907385,3800000,3800000,0,2124217,1368685,3835546,5249,35937,resting
2026-07-25T15:37:44.231798,76,3818164,3826536,1589412,Discharging,Good,370,2903580,3800000,3800000,0,1826826,1589412,3818164,6056,35968,resting
2026-07-25T15:37:54.315467,76,3791601,3825237,1872504,Discharging,Good,370,2898379,3800000,3800000,0,1547862,1872504,3791601,7095,36203,resting
2026-07-25T15:38:04.395569,76,3821093,3824160,1475093,Discharging,Good,370,2894282,3800000,3800000,0,1962101,1475093,3821093,5632,36359,resting
2026-07-25T15:38:14.479925,76,3818750,3820606,1495162,Discharging,Good,370,2890916,3800000,3800000,0,1933513,1495162,3818750,5706,36453,resting
2026-07-25T15:38:24.563975,75,3812304,3819739,1575545,Discharging,Good,370,2886540,3800000,3800000,0,1832089,1575545,3812304,6002,36445,resting
2026-07-25T15:38:34.648513,75,3835937,3818975,1295370,Discharging,Good,370,2882942,3800000,3800000,0,2225574,1295370,3835937,4966,36476,resting
2026-07-25T15:38:44.731968,75,3827343,3816831,1368905,Discharging,Good,370,2879866,3800000,3800000,0,2103773,1368905,3827343,5236,36492,resting
2026-07-25T15:38:54.815577,75,3828125,3816192,1362179,Discharging,Good,370,2876083,3800000,3800000,0,2111384,1362179,3828125,5210,36554,resting
2026-07-25T15:39:04.901411,75,3822070,3815379,1445675,Discharging,Good,370,2872068,3800000,3800000,0,1986662,1445675,3822070,5522,36617,resting
2026-07-25T15:39:14.985132,75,3798437,3813226,1744307,Discharging,Good,370,2868136,3800000,3800000,0,1644283,1744307,3798437,6623,36679,resting
2026-07-25T15:39:25.067618,75,3825976,3812381,1355404,Discharging,Good,370,2864371,3800000,3800000,0,2113296,1355404,3825976,5181,36742,resting
2026-07-25T15:39:35.150174,75,3819726,3811672,1426082,Discharging,Good,370,2860410,3800000,3800000,0,2005782,1426082,3819726,5444,36828,resting
2026-07-25T15:39:45.231723,75,3822656,3810079,1407686,Discharging,Good,370,2857047,3800000,3800000,0,2029605,1407686,3822656,5378,36890,resting
2026-07-25T15:39:55.312576,75,3818945,3809265,1390682,Discharging,Good,370,2853184,3800000,3800000,0,2051643,1390682,3818945,5308,36945,resting
2026-07-25T15:40:05.395589,74,3817773,3807882,1444051,Discharging,Good,370,2849614,3800000,3800000,0,1973347,1444051,3817773,5509,37046,resting
2026-07-25T15:40:15.476285,74,3824414,3805890,1314877,Discharging,Good,370,2846239,3800000,3800000,0,2164642,1314877,3824414,5024,37125,resting
2026-07-25T15:40:25.559606,74,3774804,3805105,1898603,Discharging,Good,370,2840966,3800000,3800000,0,1496345,1898603,3774804,5707,37179,resting
2026-07-25T15:40:35.643731,74,3810351,3804256,1471028,Discharging,Good,370,2836880,3800000,3800000,0,1928501,1471028,3810351,5601,37320,resting
2026-07-25T15:40:45.645385,74,3820703,3802699,1316293,Discharging,Good,370,2833617,3800000,3800000,0,2152725,1316293,3820703,5026,37367,resting
2026-07-25T15:40:55.727815,74,3811523,3801984,1478267,Discharging,Good,370,2829101,3800000,3800000,0,1913795,1478267,3811523,5630,37398,resting
2026-07-25T15:41:05.807592,74,3808203,3801417,1445650,Discharging,Good,370,2825086,3800000,3800000,0,1954197,1445650,3808203,5501,37437,resting
2026-07-25T15:41:15.809243,74,3814062,3799734,1365694,Discharging,Good,370,2821627,3800000,3800000,0,2066075,1365694,3814062,5204,37484,resting
2026-07-25T15:41:25.892496,74,3804296,3798777,1521382,Discharging,Good,370,2817401,3800000,3800000,0,1851869,1521382,3804296,5784,37492,resting
2026-07-25T15:41:35.975820,74,3808203,3798069,1460530,Discharging,Good,370,2813344,3800000,3800000,0,1926248,1460530,3808203,5559,37523,resting
2026-07-25T15:41:46.061904,73,3791015,3795864,1651546,Discharging,Good,370,2808657,3800000,3800000,0,1700622,1651546,3791015,6258,37546,resting
2026-07-25T15:41:56.144058,73,3774609,3793609,1811177,Discharging,Good,370,2803626,3800000,3800000,0,1547958,1811177,3774609,6834,37625,resting
2026-07-25T15:42:06.228436,73,3802734,3792228,1420076,Discharging,Good,370,2799682,3800000,3800000,0,1971501,1420076,3802734,5397,37687,resting
2026-07-25T15:42:16.311832,73,3804296,3791059,1445235,Discharging,Good,370,2795668,3800000,3800000,0,1934403,1445235,3804296,5496,37679,resting
2026-07-25T15:42:26.395962,73,3798632,3788686,1497042,Discharging,Good,370,2791510,3800000,3800000,0,1864683,1497042,3798632,5684,37664,resting
2026-07-25T15:42:36.479651,73,3786718,3787531,1627217,Discharging,Good,370,2786990,3800000,3800000,0,1712734,1627217,3786718,6157,37632,resting
2026-07-25T15:42:46.559978,73,3770507,3786099,1809565,Discharging,Good,370,2781964,3800000,3800000,0,1537366,1809565,3770507,6820,37632,resting
2026-07-25T15:42:56.644655,73,3793554,3783661,1519588,Discharging,Good,370,2778213,3800000,3800000,0,1828267,1519588,3793554,5762,37539,resting
2026-07-25T15:43:06.728987,72,3789648,3782420,1566841,Discharging,Good,370,2773861,3800000,3800000,0,1770352,1566841,3789648,5935,37468,resting
2026-07-25T15:43:16.730944,72,3762890,3780976,1865937,Discharging,Good,370,2769197,3800000,3800000,0,1484078,1865937,3762890,7021,37562,resting
2026-07-25T15:43:26.814638,72,3780664,3778164,1633748,Discharging,Good,370,2765102,3800000,3800000,0,1692489,1633748,3780664,6174,37601,resting
2026-07-25T15:43:36.896644,72,3780664,3776862,1612312,Discharging,Good,370,2760624,3800000,3800000,0,1712214,1612312,3780664,6094,37625,resting
2026-07-25T15:43:46.983323,72,3756250,3775610,1939863,Discharging,Good,370,2755236,3800000,3800000,0,1420325,1939863,3756250,7285,37601,resting
2026-07-25T15:43:57.065856,72,3768554,3771874,1724934,Discharging,Good,370,2750869,3800000,3800000,0,1594767,1724934,3768554,6499,37593,resting
2026-07-25T15:44:07.149793,72,3764062,3770604,1791950,Discharging,Good,370,2745892,3800000,3800000,0,1532348,1791950,3764062,6744,37539,resting
2026-07-25T15:44:17.239591,72,3831054,3769844,945297,Discharging,Good,370,2743267,3800000,3800000,0,2902015,945297,3831054,3621,37429,resting
2026-07-25T15:44:27.323815,72,3808593,3768010,1268990,Discharging,Good,370,2740248,3800000,3800000,0,2159392,1268990,3808593,4833,37250,resting
2026-07-25T15:44:37.415553,72,3828710,3767777,1031259,Discharging,Good,370,2737384,3800000,3800000,0,2654409,1031259,3828710,3948,37117,resting
2026-07-25T15:44:47.495394,71,3828515,3767713,1017441,Discharging,Good,370,2734558,3800000,3800000,0,2687682,1017441,3828515,3895,37015,resting
2026-07-25T15:44:57.571508,71,3836718,3767824,936044,Discharging,Good,370,2732463,3800000,3800000,0,2919160,936044,3836718,3591,36921,resting
2026-07-25T15:45:07.658469,71,3829882,3768229,1016305,Discharging,Good,370,2729822,3800000,3800000,0,2686026,1016305,3829882,3892,36843,resting
2026-07-25T15:45:17.743918,71,3854882,3768670,702256,Discharging,Good,370,2727872,3800000,3800000,0,3884441,702256,3854882,2707,36742,resting
2026-07-25T15:45:27.827897,71,3856445,3770228,713316,Discharging,Good,370,2726095,3800000,3800000,0,3821721,713316,3856445,2750,36664,resting
2026-07-25T15:45:37.904780,71,3849218,3770789,806809,Discharging,Good,370,2723854,3800000,3800000,0,3376082,806809,3849218,3105,36578,resting
2026-07-25T15:45:47.991869,71,3849023,3771338,806614,Discharging,Good,370,2721614,3800000,3800000,0,3374121,806614,3849023,3104,36507,resting
2026-07-25T15:45:58.089536,71,3850390,3773070,801389,Discharging,Good,370,2719638,3800000,3800000,0,3393655,801389,3850390,3085,36429,resting
2026-07-25T15:46:08.173267,71,3858593,3773718,693443,Discharging,Good,370,2717712,3800000,3800000,0,3919157,693443,3858593,2675,36359,resting
2026-07-25T15:46:18.259828,71,3858203,3774418,701243,Discharging,Good,370,2715765,3800000,3800000,0,3872787,701243,3858203,2705,36312,resting
2026-07-25T15:46:28.351034,71,3856835,3776513,697190,Discharging,Good,370,2714183,3800000,3800000,0,3893032,697190,3856835,2688,36257,resting
2026-07-25T15:46:38.442194,71,3849804,3777124,800693,Discharging,Good,370,2711959,3800000,3800000,0,3387014,800693,3849804,3082,36187,resting
2026-07-25T15:46:48.517871,71,3849804,3777672,796091,Discharging,Good,370,2709748,3800000,3800000,0,3403816,796091,3849804,3064,36117,resting
2026-07-25T15:46:58.613340,71,3850195,3779254,795151,Discharging,Good,370,2708097,3800000,3800000,0,3405764,795151,3850195,3061,36054,resting
2026-07-25T15:47:08.691846,71,3857421,3779834,693101,Discharging,Good,370,2706172,3800000,3800000,0,3904441,693101,3857421,2673,36023,resting
2026-07-25T15:47:18.775935,71,3849023,3780346,798557,Discharging,Good,370,2703954,3800000,3800000,0,3386050,798557,3849023,3073,35976,resting
2026-07-25T15:47:28.873332,71,3847851,3781757,808164,Discharging,Good,370,2701675,3800000,3800000,0,3342978,808164,3847851,3109,35937,resting
2026-07-25T15:47:38.958724,71,3848046,3782163,796689,Discharging,Good,370,2699462,3800000,3800000,0,3388351,796689,3848046,3065,35921,resting
2026-07-25T15:47:49.035903,70,3847265,3782548,792539,Discharging,Good,370,2697261,3800000,3800000,0,3403316,792539,3847265,3049,35882,resting
2026-07-25T15:47:59.122845,70,3856054,3783772,695335,Discharging,Good,370,2695574,3800000,3800000,0,3876655,695335,3856054,2681,35859,resting
2026-07-25T15:48:09.201337,70,3846289,3784169,807932,Discharging,Good,370,2693330,3800000,3800000,0,3333609,807932,3846289,3107,35828,resting
2026-07-25T15:48:19.283128,70,3847070,3784538,789939,Discharging,Good,370,2691136,3800000,3800000,0,3406764,789939,3847070,3039,35804,resting
2026-07-25T15:48:29.370074,70,3835546,3785728,936765,Discharging,Good,370,2688942,3800000,3800000,0,2870455,936765,3835546,3592,35789,resting
2026-07-25T16:13:13.210369,69,3899804,3883570,1773420,Discharging,Good,370,2657967,3800000,3800000,0,1498780,1773420,3899804,6915,35343,resting
2026-07-25T16:13:23.294207,69,3940234,3883129,1166464,Discharging,Good,370,2654829,3800000,3800000,0,2275963,1166464,3940234,4595,35445,resting
2026-07-25T16:13:33.371676,69,3933789,3883045,1146151,Discharging,Good,370,2651646,3800000,3800000,0,2313522,1146151,3933789,4508,35679,resting
2026-07-25T16:13:43.462277,69,3930078,3884000,1168063,Discharging,Good,370,2648768,3800000,3800000,0,2267658,1168063,3930078,4590,35781,resting
2026-07-25T16:13:53.539757,69,3932421,3884000,1110861,Discharging,Good,370,2645683,3800000,3800000,0,2381650,1110861,3932421,4368,35875,resting
2026-07-25T16:14:03.616211,69,3931445,3884000,1112118,Discharging,Good,370,2642594,3800000,3800000,0,2376181,1112118,3931445,4372,35960,resting
2026-07-25T16:14:13.696018,69,3951757,3884249,836094,Discharging,Good,370,2640444,3800000,3800000,0,3158070,836094,3951757,3304,36000,resting
2026-07-25T16:14:23.772017,69,3942578,3884482,951071,Discharging,Good,370,2637803,3800000,3800000,0,2773507,951071,3942578,3749,36023,resting
2026-07-25T16:14:33.855914,69,3943359,3884741,918418,Discharging,Good,370,2635252,3800000,3800000,0,2869338,918418,3943359,3621,36070,resting
2026-07-25T16:14:43.934625,69,3937695,3885449,971787,Discharging,Good,370,2632818,3800000,3800000,0,2709254,971787,3937695,3826,36101,resting
2026-07-25T16:14:54.018374,69,3859765,3885057,1940388,Discharging,Good,370,2627429,3800000,3800000,0,1354074,1940388,3859765,7487,36390,resting
2026-07-25T16:15:04.105414,69,3925000,3884024,1066110,Discharging,Good,370,2623837,3800000,3800000,0,2461131,1066110,3925000,4184,36531,resting
2026-07-25T16:15:14.195344,68,3904296,3882618,1307223,Discharging,Good,370,2620746,3800000,3800000,0,2004819,1307223,3904296,5102,36632,resting
2026-07-25T16:15:24.272144,68,3892187,3882050,1414730,Discharging,Good,370,2616817,3800000,3800000,0,1849693,1414730,3892187,5506,36757,resting
2026-07-25T16:15:34.366613,68,3896679,3881142,1326546,Discharging,Good,370,2613133,3800000,3800000,0,1969877,1326546,3896679,5166,36906,resting
2026-07-25T16:15:44.453694,68,3901757,3878576,1295638,Discharging,Good,370,2610322,3800000,3800000,0,2014700,1295638,3901757,5052,37015,resting
2026-07-25T16:15:54.536166,68,3898046,3878000,1298910,Discharging,Good,370,2606714,3800000,3800000,0,2006847,1298910,3898046,5060,37164,resting
2026-07-25T16:16:04.618307,68,3879296,3877218,1546748,Discharging,Good,370,2602418,3800000,3800000,0,1682509,1546748,3879296,5998,37304,resting
2026-07-25T16:16:14.703656,68,3877343,3874947,1524617,Discharging,Good,370,2598549,3800000,3800000,0,1704394,1524617,3877343,5907,37468,resting
2026-07-25T16:16:24.786495,68,3898242,3874420,1233688,Discharging,Good,370,2595123,3800000,3800000,0,2103548,1233688,3898242,4808,37617,resting
2026-07-25T16:16:34.873186,68,3893359,3873909,1304855,Discharging,Good,370,2591499,3800000,3800000,0,1986043,1304855,3893359,5080,37671,resting
2026-07-25T16:16:44.960245,68,3901562,3872344,1195577,Discharging,Good,370,2588708,3800000,3800000,0,2165237,1195577,3901562,4663,37757,resting
2026-07-25T16:16:55.052230,68,3891992,3871770,1308370,Discharging,Good,370,2585074,3800000,3800000,0,1975797,1308370,3891992,5092,37820,resting
2026-07-25T16:17:05.128369,67,3915234,3871460,1001608,Discharging,Good,370,2582292,3800000,3800000,0,2578146,1001608,3915234,3921,37898,resting
2026-07-25T16:17:15.216439,67,3898437,3870645,1217037,Discharging,Good,370,2579701,3800000,3800000,0,2119657,1217037,3898437,4744,37914,resting
2026-07-25T16:17:25.300112,67,3921093,3870534,921604,Discharging,Good,370,2577141,3800000,3800000,0,2796364,921604,3921093,3613,37984,resting
2026-07-25T16:17:35.382586,67,3905664,3870426,1118515,Discharging,Good,370,2574035,3800000,3800000,0,2301296,1118515,3905664,4367,38015,resting
2026-07-25T16:17:45.469121,67,3914648,3869565,995566,Discharging,Good,370,2571313,3800000,3800000,0,2582764,995566,3914648,3897,38046,resting
2026-07-25T16:17:55.552006,67,3916015,3869473,968991,Discharging,Good,370,2568622,3800000,3800000,0,2650821,968991,3916015,3794,38078,resting
2026-07-25T16:18:05.628770,67,3913085,3869383,994687,Discharging,Good,370,2565859,3800000,3800000,0,2579564,994687,3913085,3892,38085,resting
2026-07-25T16:18:15.710736,67,3876367,3868621,1420931,Discharging,Good,370,2562235,3800000,3800000,0,1803208,1420931,3876367,5507,38226,resting
2026-07-25T16:18:25.791241,67,3879882,3868179,1356100,Discharging,Good,370,2558469,3800000,3800000,0,1886637,1356100,3879882,5261,38304,resting
2026-07-25T16:18:35.875917,67,3857226,3867539,1641646,Discharging,Good,370,2553909,3800000,3800000,0,1555700,1641646,3857226,6331,38445,resting
2026-07-25T16:18:45.958538,67,3867382,3865216,1476155,Discharging,Good,370,2549384,3800000,3800000,0,1727043,1476155,3867382,5708,38546,resting
2026-07-25T16:18:56.045976,66,3832617,3864040,1868183,Discharging,Good,370,2544195,3800000,3800000,0,1361855,1868183,3832617,7159,38632,resting
2026-07-25T16:19:06.127059,66,3809375,3862504,2177460,Discharging,Good,370,2538147,3800000,3800000,0,1165645,2177460,3809375,8293,38796,resting
2026-07-25T16:19:16.211226,66,3847460,3858135,1696235,Discharging,Good,370,2534238,3800000,3800000,0,1494037,1696235,3847460,6524,38937,resting
2026-07-25T16:19:26.294301,66,3844726,3856871,1669954,Discharging,Good,370,2529600,3800000,3800000,0,1514772,1669954,3844726,6097,39062,resting
2026-07-25T16:19:36.374284,66,3855859,3855753,1486714,Discharging,Good,370,2525471,3800000,3800000,0,1698693,1486714,3855859,5731,39140,resting
2026-07-25T16:19:46.450720,66,3876171,3853020,1259408,Discharging,Good,370,2522132,3800000,3800000,0,2002632,1259408,3876171,4880,39203,resting
2026-07-25T16:19:56.534552,66,3861718,3852195,1443917,Discharging,Good,370,2518122,3800000,3800000,0,1743952,1443917,3861718,5575,39195,resting
2026-07-25T16:20:06.618275,66,3860742,3850717,1432686,Discharging,Good,370,2514697,3800000,3800000,0,1755232,1432686,3860742,5529,39203,resting
2026-07-25T16:20:16.698647,66,3864648,3848750,1402059,Discharging,Good,370,2511316,3800000,3800000,0,1791162,1402059,3864648,5417,39195,resting
2026-07-25T16:20:26.782582,65,3875585,3848186,1232064,Discharging,Good,370,2507894,3800000,3800000,0,2035522,1232064,3875585,4774,39164,resting
2026-07-25T16:20:36.867526,65,3886523,3847793,1105441,Discharging,Good,370,2504824,3800000,3800000,0,2265904,1105441,3886523,4295,39101,resting
2026-07-25T16:20:46.950693,65,3859765,3846696,1443233,Discharging,Good,370,2501656,3800000,3800000,0,1733369,1443233,3859765,5568,39039,resting
2026-07-25T16:20:57.034314,65,3846093,3846237,1570454,Discharging,Good,370,2497294,3800000,3800000,0,1590173,1570454,3846093,6038,39007,resting
2026-07-25T16:21:07.126758,65,3858398,3845705,1427572,Discharging,Good,370,2493329,3800000,3800000,0,1746552,1427572,3858398,5507,38960,resting
2026-07-25T16:21:17.128717,65,3875390,3844763,1196090,Discharging,Good,370,2490723,3800000,3800000,0,2082387,1196090,3875390,4635,38945,resting
2026-07-25T17:54:54.032643,81,3898828,3883540,1829841,Discharging,Good,370,3112534,3800000,3800000,0,1700986,1829841,3898828,7132,32460,resting
2026-07-25T17:55:04.119612,81,3954296,3882969,1094919,Discharging,Good,370,3109416,3800000,3800000,0,2839859,1094919,3954296,4329,32632,resting
2026-07-25T17:55:14.200285,81,3904101,3882542,1649043,Discharging,Good,370,3104836,3800000,3800000,0,1882810,1649043,3904101,6437,32851,resting
2026-07-25T17:55:24.280733,81,3945507,3904000,1110324,Discharging,Good,370,3113842,3800000,3800000,0,2804444,1110324,3945507,4381,33062,resting
2026-07-25T17:55:34.364311,81,3906640,3903673,1612776,Discharging,Good,370,3109363,3800000,3800000,0,1927957,1612776,3906640,6300,33187,resting
2026-07-25T17:55:44.859359,81,3927343,3903242,1340731,Discharging,Good,370,3105639,3800000,3800000,0,2316377,1340731,3927343,5264,33335,resting
2026-07-25T17:55:54.951765,81,3957226,3902290,953586,Discharging,Good,370,3103282,3800000,3800000,0,3254328,953586,3957226,3773,33492,resting
2026-07-25T17:56:05.038830,81,3964843,3902246,840537,Discharging,Good,370,3100948,3800000,3800000,0,3689246,840537,3964843,3332,33648,resting
2026-07-25T17:56:15.115379,81,3957226,3902335,943466,Discharging,Good,370,3098328,3800000,3800000,0,3283984,943466,3957226,3733,33781,resting
2026-07-25T17:56:25.199666,81,3957421,3902728,934116,Discharging,Good,370,3095999,3800000,3800000,0,3314362,934116,3957421,3709,33882,resting
2026-07-25T17:56:35.279684,81,3957226,3902847,934738,Discharging,Good,370,3093403,3800000,3800000,0,3309379,934738,3957226,3698,33929,resting
2026-07-25T17:56:45.360851,81,3956445,3903041,933542,Discharging,Good,370,3090810,3800000,3800000,0,3310841,933542,3956445,3693,33937,resting
2026-07-25T17:56:55.441745,81,3971289,3903763,751121,Discharging,Good,370,3088782,3800000,3800000,0,4112229,751121,3971289,2982,33921,resting
2026-07-25T17:57:05.524373,81,3973242,3904186,736924,Discharging,Good,370,3086735,3800000,3800000,0,4188674,736924,3973242,2927,33859,resting
2026-07-25T17:57:15.611437,81,3971093,3904572,772947,Discharging,Good,370,3084588,3800000,3800000,0,3990685,772947,3971093,3069,33796,resting
2026-07-25T17:57:25.694306,81,3948828,3905701,1013571,Discharging,Good,370,3082550,3800000,3800000,0,3041276,1013571,3948828,4002,33757,resting
2026-07-25T17:57:35.781161,81,3953320,3905899,948740,Discharging,Good,370,3079915,3800000,3800000,0,3246321,948740,3953320,3750,33742,resting
2026-07-25T17:57:45.868360,80,3951953,3906018,950485,Discharging,Good,370,3077275,3800000,3800000,0,3237583,950485,3951953,3756,33726,resting
2026-07-25T17:57:55.961364,80,3948828,3906275,997934,Discharging,Good,370,3074836,3800000,3800000,0,3081201,997934,3948828,3940,33726,resting
2026-07-25T17:58:06.042339,80,3950976,3906413,915842,Discharging,Good,370,3072292,3800000,3800000,0,3354609,915842,3950976,3618,33765,resting
2026-07-25T17:58:16.129446,80,3950195,3906490,954648,Discharging,Good,370,3069641,3800000,3800000,0,3215468,954648,3950195,3771,33812,resting
2026-07-25T17:58:26.214230,80,3949609,3906787,952756,Discharging,Good,370,3067364,3800000,3800000,0,3219464,952756,3949609,3762,33835,resting
2026-07-25T17:58:36.310341,80,3948437,3906822,951169,Discharging,Good,370,3064722,3800000,3800000,0,3222058,951169,3948437,3755,33882,resting
2026-07-25T17:58:46.390841,80,3947265,3906829,973142,Discharging,Good,370,3062019,3800000,3800000,0,3146528,973142,3947265,3841,33929,resting
2026-07-25T17:58:56.477806,80,3953906,3906896,878891,Discharging,Good,370,3059729,3800000,3800000,0,3481352,878891,3953906,3474,33984,resting
2026-07-25T17:59:06.558368,80,3941210,3906809,1010287,Discharging,Good,370,3056923,3800000,3800000,0,3025796,1010287,3941210,3981,34046,resting
2026-07-25T17:59:16.645778,80,3945898,3906737,967990,Discharging,Good,370,3054235,3800000,3800000,0,3155234,967990,3945898,3819,34109,resting
2026-07-25T17:59:26.726347,80,3954101,3906396,856345,Discharging,Good,370,3052172,3800000,3800000,0,3564184,856345,3954101,3386,34148,resting
2026-07-25T17:59:36.815431,80,3941992,3906315,1003024,Discharging,Good,370,3049386,3800000,3800000,0,3040192,1003024,3941992,3953,34179,resting
2026-07-25T17:59:46.893960,80,3940039,3906249,1014572,Discharging,Good,370,3046568,3800000,3800000,0,3002811,1014572,3940039,3997,34203,resting
2026-07-25T17:59:56.993151,80,3951367,3906122,864011,Discharging,Good,370,3044150,3800000,3800000,0,3523276,864011,3951367,3413,34234,resting
2026-07-25T18:00:07.074312,80,3941210,3905992,997128,Discharging,Good,370,3041571,3800000,3800000,0,3050331,997128,3941210,3929,34250,resting
2026-07-25T18:00:17.160065,79,3884570,3905504,1678023,Discharging,Good,370,3036910,3800000,3800000,0,1809814,1678023,3884570,6518,34265,resting
2026-07-25T18:00:27.252912,79,3947460,3904055,882236,Discharging,Good,370,3034047,3800000,3800000,0,3439042,882236,3947460,3482,34343,resting
2026-07-25T18:00:37.337231,79,3948632,3903748,878220,Discharging,Good,370,3031608,3800000,3800000,0,3451991,878220,3948632,3467,34351,resting
2026-07-25T18:00:47.426565,79,3939843,3903439,978317,Discharging,Good,370,3028891,3800000,3800000,0,3096022,978317,3939843,3854,34367,resting
2026-07-25T18:00:57.506294,79,3946679,3902812,884909,Discharging,Good,370,3026451,3800000,3800000,0,3420070,884909,3946679,3492,34406,resting
2026-07-25T18:01:07.584065,79,3946484,3902697,885410,Discharging,Good,370,3023992,3800000,3800000,0,3415357,885410,3946484,3494,34437,resting
2026-07-25T18:01:17.660136,79,3924804,3902520,1146542,Discharging,Good,370,3020808,3800000,3800000,0,2634712,1146542,3924804,4499,34460,resting
2026-07-25T18:01:27.748743,79,3943945,3902163,907993,Discharging,Good,370,3018844,3800000,3800000,0,3324743,907993,3943945,3581,34500,resting
2026-07-25T18:01:37.828922,79,3945703,3902101,879880,Discharging,Good,370,3016400,3800000,3800000,0,3428194,879880,3945703,3471,34531,resting
2026-07-25T18:01:47.914274,79,3945507,3902071,875363,Discharging,Good,370,3013969,3800000,3800000,0,3443107,875363,3945507,3453,34546,resting
2026-07-25T18:01:57.994378,79,3934765,3901971,969675,Discharging,Good,370,3011859,3800000,3800000,0,3106049,969675,3934765,3815,34578,resting
2026-07-25T18:02:08.094389,79,3940429,3901945,936752,Discharging,Good,370,3009257,3800000,3800000,0,3212437,936752,3940429,3691,34617,resting
2026-07-25T18:02:18.179408,79,3930468,3901830,1046420,Discharging,Good,370,3006351,3800000,3800000,0,2872986,1046420,3930468,4112,34640,resting
2026-07-25T18:02:28.274370,79,3942187,3901566,888144,Discharging,Good,370,3003997,3800000,3800000,0,3382331,888144,3942187,3501,34687,resting
2026-07-25T18:02:38.350303,78,3934375,3901412,995798,Discharging,Good,370,3001231,3800000,3800000,0,3013895,995798,3934375,3917,34710,resting
2026-07-25T18:02:48.446922,78,3942773,3901325,885642,Discharging,Good,370,2998771,3800000,3800000,0,3385985,885642,3942773,3491,34757,resting
2026-07-25T18:02:58.448939,78,3926757,3900484,1066842,Discharging,Good,370,2995680,3800000,3800000,0,2807988,1066842,3926757,4188,34796,resting
2026-07-25T18:03:08.530256,78,3935937,3900127,942783,Discharging,Good,370,2993062,3800000,3800000,0,3174709,942783,3935937,3710,34867,resting
2026-07-25T18:03:18.612905,78,3932812,3899805,984506,Discharging,Good,370,2990328,3800000,3800000,0,3037389,984506,3932812,3871,34914,resting
2026-07-25T18:03:28.697088,78,3932031,3899212,989426,Discharging,Good,370,2987910,3800000,3800000,0,3019841,989426,3932031,3890,34945,resting
2026-07-25T18:03:38.773182,78,3931054,3898936,987656,Discharging,Good,370,2985167,3800000,3800000,0,3022476,987656,3931054,3882,34984,resting
2026-07-25T18:03:48.848235,78,3918359,3898565,1149679,Discharging,Good,370,2981974,3800000,3800000,0,2593744,1149679,3918359,4504,35023,resting
2026-07-25T18:03:58.850145,78,3937695,3898341,894382,Discharging,Good,370,2979739,3800000,3800000,0,3331617,894382,3937695,3521,35085,resting
2026-07-25T18:04:08.934314,78,3930078,3897898,987485,Discharging,Good,370,2976998,3800000,3800000,0,3014727,987485,3930078,3880,35117,resting
2026-07-25T18:04:19.021338,78,3930859,3897677,966281,Discharging,Good,370,2974314,3800000,3800000,0,3078104,966281,3930859,3798,35164,resting
2026-07-25T18:04:29.023322,78,3936328,3897559,891086,Discharging,Good,370,2972087,3800000,3800000,0,3335353,891086,3936328,3507,35203,resting
2026-07-25T18:04:39.102327,78,3919921,3897036,1075278,Discharging,Good,370,2969451,3800000,3800000,0,2761565,1075278,3919921,4214,35242,resting
2026-07-25T18:04:49.182903,78,3927734,3896691,987387,Discharging,Good,370,2966709,3800000,3800000,0,3004606,987387,3927734,3878,35289,resting
2026-07-25T18:04:59.185053,78,3927539,3896494,991464,Discharging,Good,370,2964231,3800000,3800000,0,2989751,991464,3927539,3894,35328,resting
2026-07-25T18:05:09.278351,77,3926757,3895891,997592,Discharging,Good,370,2961435,3800000,3800000,0,2968583,997592,3926757,3921,35367,resting
2026-07-25T18:05:19.365105,77,3926171,3895693,991794,Discharging,Good,370,2958681,3800000,3800000,0,2983160,991794,3926171,3893,35390,resting
2026-07-25T18:05:29.446717,77,3933984,3895609,891513,Discharging,Good,370,2956205,3800000,3800000,0,3315941,891513,3933984,3507,35445,resting
2026-07-25T18:05:39.531797,77,3925195,3895321,977390,Discharging,Good,370,2953786,3800000,3800000,0,3022116,977390,3925195,3836,35468,resting
2026-07-25T18:05:49.614180,77,3901171,3894857,1279818,Discharging,Good,370,2950231,3800000,3800000,0,2305195,1279818,3901171,4991,35554,resting
2026-07-25T18:05:59.694867,77,3916210,3894384,1094711,Discharging,Good,370,2947191,3800000,3800000,0,2692209,1094711,3916210,4286,35601,resting
2026-07-25T18:06:09.777933,77,3907031,3892969,1191427,Discharging,Good,370,2944176,3800000,3800000,0,2471134,1191427,3907031,4654,35640,resting
2026-07-25T18:06:19.861926,77,3907031,3892501,1169284,Discharging,Good,370,2940928,3800000,3800000,0,2515152,1169284,3907031,4568,35695,resting
2026-07-25T18:06:29.954368,77,3922460,3892039,993954,Discharging,Good,370,2938168,3800000,3800000,0,2956040,993954,3922460,3898,35742,resting
2026-07-25T18:06:40.051728,77,3925585,3890875,943906,Discharging,Good,370,2935810,3800000,3800000,0,3110277,943906,3925585,3705,35796,resting
2026-07-25T18:06:50.127852,77,3910937,3890516,1125839,Discharging,Good,370,2932683,3800000,3800000,0,2604886,1125839,3910937,4402,35835,resting
2026-07-25T18:07:00.210291,77,3921484,3890245,988608,Discharging,Good,370,2929937,3800000,3800000,0,2963699,988608,3921484,3876,35859,resting
2026-07-25T18:07:10.295739,77,3920703,3889544,988205,Discharging,Good,370,2927505,3800000,3800000,0,2962447,988205,3920703,3899,35867,resting
2026-07-25T18:07:20.379791,76,3941210,3889381,749924,Discharging,Good,370,2925422,3800000,3800000,0,3900957,749924,3941210,2955,35859,resting
2026-07-25T18:07:30.462318,76,3938085,3889354,780771,Discharging,Good,370,2923254,3800000,3800000,0,3744060,780771,3938085,3074,35835,resting
2026-07-25T18:07:40.542132,76,3939062,3889422,779709,Discharging,Good,370,2921312,3800000,3800000,0,3746669,779709,3939062,3071,35812,resting
2026-07-25T18:07:50.627126,76,3938476,3889541,789817,Discharging,Good,370,2919119,3800000,3800000,0,3695943,789817,3938476,3110,35812,resting
2026-07-25T18:08:00.713806,76,3905664,3889371,1180368,Discharging,Good,370,2915841,3800000,3800000,0,2470281,1180368,3905664,4610,35835,resting
2026-07-25T18:08:10.794284,76,3918750,3888924,1003317,Discharging,Good,370,2913321,3800000,3800000,0,2903689,1003317,3918750,3931,35929,resting
2026-07-25T18:08:20.880432,76,3919140,3888808,995761,Discharging,Good,370,2910555,3800000,3800000,0,2922945,995761,3919140,3902,36000,resting
2026-07-25T18:08:30.962252,76,3925976,3888706,895871,Discharging,Good,370,2908067,3800000,3800000,0,3246077,895871,3925976,3517,36054,resting
2026-07-25T18:08:41.039695,76,3917382,3888398,989633,Discharging,Good,370,2905575,3800000,3800000,0,2936012,989633,3917382,3876,36156,resting
2026-07-25T18:08:51.122768,76,3902148,3888198,1200180,Discharging,Good,370,2902242,3800000,3800000,0,2418172,1200180,3902148,4681,36218,resting
2026-07-25T18:09:01.206275,76,3894140,3887826,1227596,Discharging,Good,370,2898833,3800000,3800000,0,2361390,1227596,3894140,4779,36367,resting
2026-07-25T18:09:11.290117,76,3867382,3885589,1490096,Discharging,Good,370,2894927,3800000,3800000,0,1942778,1490096,3867382,5761,36593,resting
2026-07-25T18:09:21.367703,76,3883398,3884708,1306905,Discharging,Good,370,2891297,3800000,3800000,0,2212323,1306905,3883398,5075,36726,resting
2026-07-25T18:09:31.450647,76,3896093,3883908,1162094,Discharging,Good,370,2888069,3800000,3800000,0,2485228,1162094,3896093,4527,36765,resting
2026-07-25T18:09:41.536255,75,3876171,3880716,1397616,Discharging,Good,370,2885056,3800000,3800000,0,2064269,1397616,3876171,5416,36859,resting
2026-07-25T18:09:51.618918,75,3877148,3879767,1393892,Discharging,Good,370,2881185,3800000,3800000,0,2067007,1393892,3877148,5403,36953,resting
2026-07-25T18:10:01.621018,75,3887695,3878941,1249044,Discharging,Good,370,2878063,3800000,3800000,0,2304212,1249044,3887695,4855,37000,resting
2026-07-25T18:10:11.699417,75,3895703,3876949,1145309,Discharging,Good,370,2875059,3800000,3800000,0,2510291,1145309,3895703,4461,37054,resting
2026-07-25T18:10:21.794411,75,3893164,3876349,1185141,Discharging,Good,370,2871767,3800000,3800000,0,2423143,1185141,3893164,4614,37085,resting
2026-07-25T18:10:31.892997,75,3895898,3875779,1141793,Discharging,Good,370,2868596,3800000,3800000,0,2512360,1141793,3895898,4448,37125,resting
2026-07-25T18:10:41.968075,75,3896289,3873976,1121420,Discharging,Good,370,2865306,3800000,3800000,0,2555069,1121420,3896289,4369,37156,resting
2026-07-25T18:10:52.051064,75,3876562,3873431,1360360,Discharging,Good,370,2861528,3800000,3800000,0,2103507,1360360,3876562,5272,37203,resting
2026-07-25T18:11:02.130206,75,3895703,3872913,1136557,Discharging,Good,370,2858371,3800000,3800000,0,2514938,1136557,3895703,4427,37226,resting
2026-07-25T18:11:12.224262,75,3894140,3871436,1140426,Discharging,Good,370,2855790,3800000,3800000,0,2504143,1140426,3894140,4402,37250,resting
2026-07-25T18:11:22.315193,75,3894726,3871079,1123996,Discharging,Good,370,2852668,3800000,3800000,0,2537969,1123996,3894726,4377,37257,resting
2026-07-25T18:11:32.403141,74,3896484,3870697,1077035,Discharging,Good,370,2849677,3800000,3800000,0,2645853,1077035,3896484,4196,37273,resting
2026-07-25T18:11:42.494140,74,3872656,3869453,1401522,Discharging,Good,370,2846574,3800000,3800000,0,2031059,1401522,3872656,5426,37296,resting
2026-07-25T18:11:52.590311,74,3892968,3869026,1118307,Discharging,Good,370,2843468,3800000,3800000,0,2542654,1118307,3892968,4353,37335,resting
2026-07-25T18:12:02.675723,74,3892968,3868609,1126620,Discharging,Good,370,2840339,3800000,3800000,0,2521115,1126620,3892968,4385,37343,resting
2026-07-25T18:12:12.760873,74,3892187,3867405,1120712,Discharging,Good,370,2837514,3800000,3800000,0,2531885,1120712,3892187,4361,37359,resting
2026-07-25T18:12:22.838106,74,3891015,3867019,1126474,Discharging,Good,370,2834385,3800000,3800000,0,2516156,1126474,3891015,4383,37382,resting
2026-07-25T18:12:32.916882,74,3891796,3866640,1125937,Discharging,Good,370,2831258,3800000,3800000,0,2514579,1125937,3891796,4381,37382,resting
2026-07-25T18:12:42.999139,74,3886523,3865542,1164633,Discharging,Good,370,2828136,3800000,3800000,0,2428349,1164633,3886523,4526,37375,resting
2026-07-25T18:12:53.088059,74,3899023,3865188,1020761,Discharging,Good,370,2825301,3800000,3800000,0,2767837,1020761,3899023,3979,37367,resting
2026-07-25T18:13:03.165091,74,3890429,3864840,1124093,Discharging,Good,370,2822179,3800000,3800000,0,2510627,1124093,3890429,4373,37335,resting
2026-07-25T18:13:13.166969,74,3875585,3863653,1284042,Discharging,Good,370,2818924,3800000,3800000,0,2195351,1284042,3875585,4976,37273,resting
2026-07-25T18:13:23.250357,74,3865234,3863049,1415999,Discharging,Good,370,2814991,3800000,3800000,0,1987989,1415999,3865234,5471,37242,resting
2026-07-25T18:13:33.334340,73,3872070,3862440,1295431,Discharging,Good,370,2811393,3800000,3800000,0,2170237,1295431,3872070,5014,37203,resting
2026-07-25T18:13:43.336585,73,3886523,3861425,1131356,Discharging,Good,370,2808547,3800000,3800000,0,2482460,1131356,3886523,4397,37179,resting
2026-07-25T18:13:53.417728,73,3894140,3861006,1018747,Discharging,Good,370,2805718,3800000,3800000,0,2754087,1018747,3894140,3967,37156,resting
2026-07-25T18:14:03.515427,73,3885156,3860639,1130795,Discharging,Good,370,2802577,3800000,3800000,0,2478412,1130795,3885156,4393,37179,resting
2026-07-25T18:14:13.517432,73,3884765,3860305,1124557,Discharging,Good,370,2799766,3800000,3800000,0,2489661,1124557,3884765,4368,37171,resting
2026-07-25T18:14:23.599987,73,3865625,3859565,1396859,Discharging,Good,370,2795886,3800000,3800000,0,2001552,1396859,3865625,5399,37195,resting
2026-07-25T18:14:33.678375,73,3879492,3859101,1183615,Discharging,Good,370,2792599,3800000,3800000,0,2359381,1183615,3879492,4591,37203,resting
2026-07-25T18:14:43.680360,73,3884179,3858710,1129647,Discharging,Good,370,2789775,3800000,3800000,0,2469598,1129647,3884179,4387,37226,resting
2026-07-25T18:14:53.763410,73,3863476,3857901,1373592,Discharging,Good,370,2786059,3800000,3800000,0,2028301,1373592,3863476,5306,37250,resting
2026-07-25T18:15:03.839667,73,3882421,3857174,1132577,Discharging,Good,370,2783307,3800000,3800000,0,2457499,1132577,3882421,4397,37289,resting
2026-07-25T18:15:13.841665,73,3889648,3856867,1027084,Discharging,Good,370,2780740,3800000,3800000,0,2707412,1027084,3889648,3994,37312,resting
2026-07-25T18:15:23.920436,73,3890625,3856302,1015646,Discharging,Good,370,2778153,3800000,3800000,0,2735355,1015646,3890625,3951,37335,resting
2026-07-25T18:15:34.002127,73,3875976,3855950,1183920,Discharging,Good,370,2774865,3800000,3800000,0,2343794,1183920,3875976,4588,37351,resting
2026-07-25T18:15:44.004086,72,3890234,3855651,1021738,Discharging,Good,370,2772311,3800000,3800000,0,2713328,1021738,3890234,3974,37351,resting
2026-07-25T18:15:54.082311,72,3898242,3855206,921738,Discharging,Good,370,2769698,3800000,3800000,0,3004864,921738,3898242,3593,37312,resting
2026-07-25T18:16:04.166974,72,3909375,3855258,784812,Discharging,Good,370,2767518,3800000,3800000,0,3526345,784812,3909375,3068,37250,resting
2026-07-25T18:16:14.262701,72,3880468,3855122,1137423,Discharging,Good,370,2764359,3800000,3800000,0,2430370,1137423,3880468,4413,37218,resting
2026-07-25T18:16:24.349758,72,3879687,3854572,1124875,Discharging,Good,370,2761546,3800000,3800000,0,2454980,1124875,3879687,4364,37164,resting
2026-07-25T18:16:34.430907,72,3866796,3854023,1283700,Discharging,Good,370,2757981,3800000,3800000,0,2148462,1283700,3866796,4962,37140,resting
2026-07-25T18:16:44.507408,72,3878125,3853499,1129550,Discharging,Good,370,2754844,3800000,3800000,0,2438886,1129550,3878125,4380,37125,resting
2026-07-25T18:16:54.607169,72,3880078,3852052,1094308,Discharging,Good,370,2752091,3800000,3800000,0,2514914,1094308,3880078,4246,37125,resting
2026-07-25T18:17:04.690019,72,3855468,3851518,1366829,Discharging,Good,370,2748295,3800000,3800000,0,2010708,1366829,3855468,5268,37132,resting
2026-07-25T18:17:14.769586,72,3883789,3851127,1029355,Discharging,Good,370,2745436,3800000,3800000,0,2667142,1029355,3883789,3997,37140,resting
2026-07-25T18:17:24.850251,72,3854687,3849636,1345211,Discharging,Good,370,2742326,3800000,3800000,0,2038584,1345211,3854687,5184,37242,resting
2026-07-25T18:17:34.935387,72,3847656,3848986,1412789,Discharging,Good,370,2738402,3800000,3800000,0,1938295,1412789,3847656,5434,37320,resting
2026-07-25T18:17:45.018072,71,3853515,3848205,1354793,Discharging,Good,370,2734639,3800000,3800000,0,2018492,1354793,3853515,5219,37382,resting
2026-07-25T18:17:55.098370,71,3864257,3845488,1176889,Discharging,Good,370,2731081,3800000,3800000,0,2320593,1176889,3864257,4546,37507,resting
2026-07-25T18:18:05.184518,71,3864257,3844758,1184799,Discharging,Good,370,2727790,3800000,3800000,0,2302323,1184799,3864257,4577,37539,resting
2026-07-25T18:18:15.266576,71,3860546,3844057,1204428,Discharging,Good,370,2724445,3800000,3800000,0,2262023,1204428,3860546,4649,37507,resting
2026-07-25T18:18:25.350201,71,3852734,3842233,1302438,Discharging,Good,370,2721411,3800000,3800000,0,2089474,1302438,3852734,5016,37468,resting
2026-07-25T18:18:35.446456,71,3877343,3841883,1019113,Discharging,Good,370,2718581,3800000,3800000,0,2667595,1019113,3877343,3951,37398,resting
2026-07-25T18:18:45.526290,71,3885156,3841665,926425,Discharging,Good,370,2716008,3800000,3800000,0,2931708,926425,3885156,3599,37312,resting
2026-07-25T18:18:55.603719,71,3879296,3841193,1012643,Discharging,Good,370,2713462,3800000,3800000,0,2679584,1012643,3879296,3928,37257,resting
2026-07-25T18:19:05.686641,71,3878515,3841128,1015158,Discharging,Good,370,2710643,3800000,3800000,0,2670168,1015158,3878515,3937,37265,resting
2026-07-25T18:19:15.765984,71,3875585,3840992,1063681,Discharging,Good,370,2707689,3800000,3800000,0,2545583,1063681,3875585,4122,37296,resting
2026-07-25T18:19:25.849285,71,3820898,3840345,1765962,Discharging,Good,370,2704498,3800000,3800000,0,1531458,1765962,3820898,6746,37312,resting
2026-07-25T18:19:35.930305,71,3815820,3839707,1770039,Discharging,Good,370,2699582,3800000,3800000,0,1525153,1770039,3815820,6753,37375,resting
2026-07-25T18:19:46.013428,70,3858593,3838984,1194650,Discharging,Good,370,2696264,3800000,3800000,0,2256948,1194650,3858593,4609,37460,resting
2026-07-25T18:19:56.110148,70,3849609,3836761,1273824,Discharging,Good,370,2692690,3800000,3800000,0,2113863,1273824,3849609,4902,37617,resting
2026-07-25T18:20:06.191597,70,3846679,3835279,1328280,Discharging,Good,370,2689422,3800000,3800000,0,2024740,1328280,3846679,5108,37703,resting
2026-07-25T18:20:16.274289,70,3850195,3834510,1272189,Discharging,Good,370,2685889,3800000,3800000,0,2111234,1272189,3850195,4897,37765,resting
2026-07-25T18:20:26.358173,70,3821093,3832536,1624373,Discharging,Good,370,2682415,3800000,3800000,0,1651354,1624373,3821093,6204,37781,resting
2026-07-25T18:20:36.442542,70,3830468,3831809,1482527,Discharging,Good,370,2678297,3800000,3800000,0,1806575,1482527,3830468,5677,37859,resting
2026-07-25T18:20:46.526832,70,3847070,3831180,1269308,Discharging,Good,370,2674772,3800000,3800000,0,2107267,1269308,3847070,4881,37921,resting
2026-07-25T18:20:56.610537,70,3825976,3829223,1554549,Discharging,Good,370,2670982,3800000,3800000,0,1718171,1554549,3825976,5946,37960,resting
2026-07-25T18:21:06.694346,70,3840820,3828531,1317928,Discharging,Good,370,2667322,3800000,3800000,0,2023875,1317928,3840820,5029,38007,resting
2026-07-25T18:21:16.778535,70,3794531,3827615,1887653,Discharging,Good,370,2662079,3800000,3800000,0,1410258,1887653,3794531,7161,38085,resting
2026-07-25T18:21:26.862562,69,3843945,3824972,1255416,Discharging,Good,370,2658906,3800000,3800000,0,2117948,1255416,3843945,4824,38148,resting
2026-07-25T18:21:36.947123,69,3853906,3824206,1111276,Discharging,Good,370,2655820,3800000,3800000,0,2389883,1111276,3853906,4282,38164,resting
2026-07-25T18:21:47.030137,69,3808398,3823157,1682979,Discharging,Good,370,2651146,3800000,3800000,0,1575269,1682979,3808398,6408,38164,resting
2026-07-25T18:21:57.115467,69,3806054,3819733,1700984,Discharging,Good,370,2647210,3800000,3800000,0,1556281,1700984,3806054,6473,38296,resting
2026-07-25T18:22:07.198021,69,3828320,3818595,1387447,Discharging,Good,370,2643356,3800000,3800000,0,1905194,1387447,3828320,5310,38429,resting
2026-07-25T18:22:17.283385,69,3813085,3817550,1553719,Discharging,Good,370,2639041,3800000,3800000,0,1698531,1553719,3813085,5923,38484,resting
2026-07-25T18:22:27.366607,69,3816601,3814343,1503206,Discharging,Good,370,2634731,3800000,3800000,0,1752741,1503206,3816601,5736,38539,resting
2026-07-25T18:22:37.450054,69,3822265,3813270,1410933,Discharging,Good,370,2630812,3800000,3800000,0,1864590,1410933,3822265,5391,38593,resting
2026-07-25T18:22:47.530083,69,3815625,3812297,1513716,Discharging,Good,370,2626608,3800000,3800000,0,1735205,1513716,3815625,5774,38562,resting
2026-07-25T18:22:57.614794,69,3814843,3809392,1501912,Discharging,Good,370,2623281,3800000,3800000,0,1746627,1501912,3814843,5728,38515,resting
2026-07-25T18:23:07.710746,68,3813085,3808416,1523824,Discharging,Good,370,2619049,3800000,3800000,0,1718734,1523824,3813085,5809,38476,resting
2026-07-25T18:23:17.794045,68,3827343,3807424,1318587,Discharging,Good,370,2615387,3800000,3800000,0,1983477,1318587,3827343,5045,38421,resting
2026-07-25T18:23:27.874336,68,3838476,3804622,1191952,Discharging,Good,370,2612403,3800000,3800000,0,2191701,1191952,3838476,4574,38312,resting
2026-07-25T18:23:37.971571,68,3841406,3803815,1197091,Discharging,Good,370,2609078,3800000,3800000,0,2179515,1197091,3841406,4597,38171,resting
2026-07-25T18:23:48.066376,68,3840820,3802959,1228036,Discharging,Good,370,2605667,3800000,3800000,0,2121816,1228036,3840820,4715,38046,resting
2026-07-25T18:23:58.068140,68,3827343,3801404,1381978,Discharging,Good,370,2602682,3800000,3800000,0,1883302,1381978,3827343,5287,37937,resting
2026-07-25T18:24:08.150028,68,3828710,3800814,1319210,Discharging,Good,370,2598652,3800000,3800000,0,1969854,1319210,3828710,5050,37851,resting
2026-07-25T18:24:18.231194,68,3784375,3799898,1872456,Discharging,Good,370,2593451,3800000,3800000,0,1385053,1872456,3784375,7085,37828,resting
2026-07-25T18:24:28.232891,68,3840625,3798480,1148812,Discharging,Good,370,2590629,3800000,3800000,0,2255050,1148812,3840625,4412,37843,resting
2026-07-25T18:24:38.312315,68,3832812,3797942,1224520,Discharging,Good,370,2587228,3800000,3800000,0,2112850,1224520,3832812,4693,37820,resting
2026-07-25T18:24:48.402376,68,3846875,3797623,1056320,Discharging,Good,370,2584294,3800000,3800000,0,2446506,1056320,3846875,4063,37796,resting
2026-07-25T18:24:58.486149,67,3825195,3796692,1313888,Discharging,Good,370,2580990,3800000,3800000,0,1964391,1313888,3825195,5024,37804,resting
2026-07-25T18:25:08.570328,67,3835351,3795405,1192697,Discharging,Good,370,2577905,3800000,3800000,0,2161408,1192697,3835351,5055,37812,resting
2026-07-25T18:25:18.655289,67,3780273,3794761,1859712,Discharging,Good,370,2572740,3800000,3800000,0,1383407,1859712,3780273,7027,37820,resting
2026-07-25T18:25:28.742578,67,3811328,3794062,1459688,Discharging,Good,370,2568686,3800000,3800000,0,1759750,1459688,3811328,5560,37843,resting
2026-07-25T18:25:38.820843,67,3826953,3792872,1301559,Discharging,Good,370,2565071,3800000,3800000,0,1970768,1301559,3826953,4978,37875,resting
2026-07-25T18:25:48.902047,67,3802929,3792385,1578401,Discharging,Good,370,2560687,3800000,3800000,0,1622329,1578401,3802929,5999,37929,resting
2026-07-25T18:25:58.983298,67,3819140,3791911,1333980,Discharging,Good,370,2556982,3800000,3800000,0,1916806,1333980,3819140,5094,38023,resting
2026-07-25T18:26:09.066206,67,3823046,3790989,1296737,Discharging,Good,370,2553754,3800000,3800000,0,1969369,1296737,3823046,4956,38039,resting
2026-07-25T18:26:19.151843,67,3824218,3790652,1260018,Discharging,Good,370,2550254,3800000,3800000,0,2023982,1260018,3824218,4817,38046,resting
2026-07-25T18:26:29.153543,67,3791796,3790085,1668880,Discharging,Good,370,2546082,3800000,3800000,0,1525623,1668880,3791796,6326,38054,resting
2026-07-25T18:26:39.234025,66,3835156,3789172,1157809,Discharging,Good,370,2543202,3800000,3800000,0,2196564,1157809,3835156,4440,38054,resting
2026-07-25T18:26:49.314154,66,3818945,3788559,1343575,Discharging,Good,370,2539470,3800000,3800000,0,1890084,1343575,3818945,5129,38085,resting
2026-07-25T18:26:59.395779,66,3841406,3788242,1050253,Discharging,Good,370,2536553,3800000,3800000,0,2415182,1050253,3841406,4034,38070,resting
2026-07-25T18:27:09.477282,66,3833203,3787390,1134604,Discharging,Good,370,2533656,3800000,3800000,0,2233075,1134604,3833203,4349,38085,resting
2026-07-25T18:27:19.556992,66,3824609,3787265,1256283,Discharging,Good,370,2530167,3800000,3800000,0,2014010,1256283,3824609,4804,38078,resting
2026-07-25T18:27:29.639610,66,3835937,3787274,1047958,Discharging,Good,370,2527257,3800000,3800000,0,2411601,1047958,3835937,4018,38132,resting
2026-07-25T18:27:39.722276,66,3836328,3787311,1067917,Discharging,Good,370,2524602,3800000,3800000,0,2364043,1067917,3836328,4096,38132,resting
2026-07-25T18:27:49.806366,66,3834375,3787401,1097067,Discharging,Good,370,2521555,3800000,3800000,0,2298451,1097067,3834375,4205,38140,resting
2026-07-25T18:29:25.203360,65,3775781,3783368,1931989,Discharging,Good,370,2505819,3800000,3800000,0,1297015,1931989,3775781,7292,37375,resting
2026-07-25T18:29:35.290876,65,3831835,3782807,1162765,Discharging,Good,370,2502663,3800000,3800000,0,2152337,1162765,3831835,4455,37429,resting
2026-07-25T18:29:45.386157,65,3835742,3782660,1096078,Discharging,Good,370,2499619,3800000,3800000,0,2280511,1096078,3835742,4204,37421,resting
2026-07-25T18:29:55.476272,65,3831835,3784000,1142526,Discharging,Good,370,2496791,3800000,3800000,0,2185325,1142526,3831835,4377,37398,resting
2026-07-25T18:30:05.562784,65,3830078,3783720,1164352,Discharging,Good,370,2493401,3800000,3800000,0,2141449,1164352,3830078,4459,37367,resting
2026-07-25T18:30:15.649285,65,3833398,3783637,1091525,Discharging,Good,370,2490369,3800000,3800000,0,2281550,1091525,3833398,4184,37335,resting
2026-07-25T18:30:25.736151,65,3841015,3783605,995285,Discharging,Good,370,2487920,3800000,3800000,0,2499706,995285,3841015,3822,37281,resting
2026-07-25T18:30:35.833933,65,3833593,3783752,1107528,Discharging,Good,370,2484844,3800000,3800000,0,2243594,1107528,3833593,4243,37226,resting
2026-07-25T18:30:45.932768,65,3845312,3783959,939877,Discharging,Good,370,2482234,3800000,3800000,0,2641020,939877,3845312,3614,37179,resting
2026-07-25T18:30:56.018005,65,3836328,3784553,1047946,Discharging,Good,370,2479641,3800000,3800000,0,2366191,1047946,3836328,4019,37117,resting
2026-07-25T18:31:06.095835,65,3843945,3784766,950058,Discharging,Good,370,2477002,3800000,3800000,0,2607211,950058,3843945,3651,37078,resting
2026-07-25T18:31:16.179334,65,3844335,3785010,940598,Discharging,Good,370,2474390,3800000,3800000,0,2630656,940598,3844335,3615,37023,resting
2026-07-25T18:31:26.266290,65,3843750,3785751,943051,Discharging,Good,370,2472294,3800000,3800000,0,2621590,943051,3843750,3624,36976,resting
2026-07-25T18:31:36.346084,64,3843164,3785908,944187,Discharging,Good,370,2469672,3800000,3800000,0,2615659,944187,3843164,3628,36921,resting
2026-07-25T18:31:46.434346,64,3742578,3785236,2164117,Discharging,Good,370,2463661,3800000,3800000,0,1138413,2164117,3742578,8099,36953,resting
2026-07-25T18:31:56.516920,64,3814257,3782982,1205062,Discharging,Good,370,2460359,3800000,3800000,0,2041686,1205062,3814257,4596,37156,resting
2026-07-25T18:32:06.609827,64,3833593,3782527,979172,Discharging,Good,370,2457640,3800000,3800000,0,2509916,979172,3833593,3753,37148,resting
2026-07-25T18:32:16.698371,64,3829882,3782237,1025680,Discharging,Good,370,2454791,3800000,3800000,0,2393330,1025680,3829882,3928,37140,resting
2026-07-25T18:32:26.784206,64,3830664,3781610,1026852,Discharging,Good,370,2451942,3800000,3800000,0,2387824,1026852,3830664,3933,37125,resting
2026-07-25T18:32:36.858807,64,3830468,3781515,1027121,Discharging,Good,370,2449089,3800000,3800000,0,2384421,1027121,3830468,3934,37101,resting
2026-07-25T18:32:46.954198,64,3838281,3781575,921628,Discharging,Good,370,2446529,3800000,3800000,0,2654573,921628,3838281,3537,37078,resting
2026-07-25T18:32:57.041178,64,3834765,3781737,977866,Discharging,Good,370,2444306,3800000,3800000,0,2499632,977866,3834765,3749,37054,resting
2026-07-25T18:33:07.130021,64,3829687,3781783,1029428,Discharging,Good,370,2441447,3800000,3800000,0,2371653,1029428,3829687,3942,37031,resting
2026-07-25T18:33:17.206692,64,3829687,3781825,1029623,Discharging,Good,370,2438587,3800000,3800000,0,2368427,1029623,3829687,3943,36984,resting
2026-07-25T18:33:27.290056,64,3829492,3782086,1023166,Discharging,Good,370,2436428,3800000,3800000,0,2381263,1023166,3829492,3918,36953,resting
2026-07-25T18:33:37.383396,64,3836914,3782260,922348,Discharging,Good,370,2433866,3800000,3800000,0,2638771,922348,3836914,3538,36929,resting
2026-07-25T18:33:47.475100,63,3828125,3782384,1030417,Discharging,Good,370,2431004,3800000,3800000,0,2359242,1030417,3828125,3944,36898,resting
2026-07-25T18:33:57.574092,63,3828125,3782845,1024423,Discharging,Good,370,2428579,3800000,3800000,0,2370679,1024423,3828125,3921,36875,resting
2026-07-25T18:34:07.654277,63,3835937,3782944,928427,Discharging,Good,370,2426001,3800000,3800000,0,2613022,928427,3835937,3561,36843,resting
2026-07-25T18:34:17.733114,63,3836132,3783124,920236,Discharging,Good,370,2423445,3800000,3800000,0,2633503,920236,3836132,3530,36835,resting
2026-07-25T18:34:27.831461,63,3826171,3783528,1046005,Discharging,Good,370,2420770,3800000,3800000,0,2314300,1046005,3826171,4002,36835,resting
2026-07-25T18:34:37.912277,63,3805273,3783499,1298483,Discharging,Good,370,2417164,3800000,3800000,0,1861529,1298483,3805273,4940,36828,resting
2026-07-25T18:34:47.999800,63,3825781,3783483,1023910,Discharging,Good,370,2414320,3800000,3800000,0,2357941,1023910,3825781,3917,36804,resting
2026-07-25T18:34:58.080922,63,3809960,3783455,1199203,Discharging,Good,370,2411714,3800000,3800000,0,2011097,1199203,3809960,4567,36773,resting
2026-07-25T18:35:08.165940,63,3811914,3782922,1144137,Discharging,Good,370,2408311,3800000,3800000,0,2104914,1144137,3811914,4360,36835,resting
2026-07-26T07:32:52.216470,62,3756445,3783199,1928449,Discharging,Good,370,2391849,3800000,3800000,0,1240296,1928449,3756445,7242,29179,resting
2026-07-26T07:33:02.303622,62,3819531,3782379,1121872,Discharging,Good,370,2388792,3800000,3800000,0,2129291,1121872,3819531,4285,29414,resting
2026-07-26T07:33:12.396204,62,3809960,3781354,1136215,Discharging,Good,370,2385198,3800000,3800000,0,2099248,1136215,3809960,4328,29867,resting
2026-07-26T07:33:22.472283,62,3801562,3763915,1266122,Discharging,Good,370,2382118,3800000,3800000,0,1881428,1266122,3801562,4812,30117,resting
2026-07-26T07:33:33.558896,62,3797851,3763751,1256930,Discharging,Good,370,2378627,3800000,3800000,0,1892410,1256930,3797851,4773,30437,resting
2026-07-26T07:33:43.645429,62,3796679,3763536,1229232,Discharging,Good,370,2375213,3800000,3800000,0,1932273,1229232,3796679,4666,30710,resting
2026-07-26T07:33:53.722898,62,3792382,3763021,1288314,Discharging,Good,370,2372112,3800000,3800000,0,1841252,1288314,3792382,4883,31000,resting
2026-07-26T07:34:03.816207,62,3786523,3762830,1304537,Discharging,Good,370,2368489,3800000,3800000,0,1815578,1304537,3786523,4938,31257,resting
2026-07-26T07:34:13.915359,62,3805859,3762711,1067758,Discharging,Good,370,2365524,3800000,3800000,0,2215412,1067758,3805859,4063,31468,resting
2026-07-26T07:34:23.999149,62,3800195,3762364,1121261,Discharging,Good,370,2362735,3800000,3800000,0,2107212,1121261,3800195,4260,31664,resting
2026-07-26T07:34:34.084553,62,3789648,3762206,1200997,Discharging,Good,370,2359399,3800000,3800000,0,1964533,1200997,3789648,4551,31929,resting
2026-07-26T07:34:44.180320,62,3793750,3762003,1164425,Discharging,Good,370,2356165,3800000,3800000,0,2023457,1164425,3793750,4417,32132,resting
2026-07-26T07:34:54.273689,61,3774804,3761111,1317647,Discharging,Good,370,2353171,3800000,3800000,0,1785888,1317647,3774804,4971,32468,resting
2026-07-26T07:35:04.353892,61,3803125,3760077,992209,Discharging,Good,370,2349517,3800000,3800000,0,2367965,992209,3803125,3773,32648,resting
2026-07-26T07:35:14.435073,61,3787500,3759452,1164218,Discharging,Good,370,2346284,3800000,3800000,0,2015330,1164218,3787500,4409,32781,resting
2026-07-26T07:35:24.516179,61,3785742,3756804,1204183,Discharging,Good,370,2342386,3800000,3800000,0,1945207,1204183,3785742,4558,33000,resting
2026-07-26T07:35:34.593781,61,3795898,3756345,1002682,Discharging,Good,370,2339601,3800000,3800000,0,2333342,1002682,3795898,3806,33226,resting
2026-07-26T07:35:44.676858,61,3774023,3755758,1282198,Discharging,Good,370,2336040,3800000,3800000,0,1821902,1282198,3774023,4838,33367,resting
2026-07-26T07:35:54.763368,61,3777539,3754347,1220504,Discharging,Good,370,2333009,3800000,3800000,0,1911512,1220504,3777539,4610,33562,resting
2026-07-26T07:36:04.844233,61,3779101,3753767,1157016,Discharging,Good,370,2329796,3800000,3800000,0,2013624,1157016,3779101,4372,33718,resting
2026-07-26T07:36:14.921384,61,3796484,3753334,993710,Discharging,Good,370,2327036,3800000,3800000,0,2341765,993710,3796484,3772,33828,resting
2026-07-26T07:36:25.004275,61,3769531,3752049,1308199,Discharging,Good,370,2324341,3800000,3800000,0,1776748,1308199,3769531,4930,33953,resting
2026-07-26T07:36:35.101867,61,3775195,3751564,1223544,Discharging,Good,370,2320943,3800000,3800000,0,1896901,1223544,3775195,4618,34078,resting
2026-07-26T07:36:45.185854,61,3794335,3751314,989694,Discharging,Good,370,2318194,3800000,3800000,0,2342334,989694,3794335,3731,34210,resting
2026-07-26T07:36:55.269869,60,3785742,3750562,1090646,Discharging,Good,370,2315573,3800000,3800000,0,2123120,1090646,3785742,4128,34281,resting
2026-07-26T07:37:05.363422,60,3770507,3750269,1254672,Discharging,Good,370,2312088,3800000,3800000,0,1842782,1254672,3770507,4730,34445,resting
2026-07-26T07:37:15.450954,60,3767187,3749933,1281551,Discharging,Good,370,2308529,3800000,3800000,0,1801355,1281551,3767187,4827,34554,resting
2026-07-26T07:37:25.529551,60,3765429,3748707,1280441,Discharging,Good,370,2305337,3800000,3800000,0,1800424,1280441,3765429,4821,34671,resting
2026-07-26T07:37:35.606148,60,3765820,3748199,1274838,Discharging,Good,370,2301796,3800000,3800000,0,1805559,1274838,3765820,4800,34812,resting
2026-07-26T07:37:45.688750,60,3770703,3747734,1162106,Discharging,Good,370,2298568,3800000,3800000,0,1977933,1162106,3770703,4381,34960,resting
2026-07-26T07:37:55.775294,60,3765039,3745538,1280318,Discharging,Good,370,2295194,3800000,3800000,0,1792674,1280318,3765039,4820,35070,resting
2026-07-26T07:38:05.868509,60,3778320,3745082,1109482,Discharging,Good,370,2292113,3800000,3800000,0,2065930,1109482,3778320,4191,35164,resting
2026-07-26T07:38:15.955416,60,3786523,3744778,1005246,Discharging,Good,370,2289321,3800000,3800000,0,2277373,1005246,3786523,3806,35242,resting
2026-07-26T07:38:26.035643,60,3779492,3744071,1093930,Discharging,Good,370,2286738,3800000,3800000,0,2090387,1093930,3779492,4134,35304,resting
2026-07-26T07:38:36.129892,60,3786718,3743915,995102,Discharging,Good,370,2283974,3800000,3800000,0,2295215,995102,3786718,3768,35382,resting
2026-07-26T07:38:46.214053,60,3784765,3743704,1009567,Discharging,Good,370,2281170,3800000,3800000,0,2259552,1009567,3784765,3821,35445,resting
2026-07-26T07:38:56.289431,59,3774804,3743157,1141354,Discharging,Good,370,2278879,3800000,3800000,0,1996645,1141354,3774804,4308,35523,resting
2026-07-26T07:39:06.376064,59,3771484,3742926,1161142,Discharging,Good,370,2275654,3800000,3800000,0,1959841,1161142,3771484,4379,35601,resting
2026-07-26T07:39:16.452161,59,3766406,3742672,1201669,Discharging,Good,370,2272317,3800000,3800000,0,1890967,1201669,3766406,4525,35703,resting
2026-07-26T07:39:26.532171,59,3754882,3741400,1380611,Discharging,Good,370,2268805,3800000,3800000,0,1643334,1380611,3754882,5182,35804,resting
2026-07-26T07:39:36.620445,59,3782421,3741146,986374,Discharging,Good,370,2266066,3800000,3800000,0,2297369,986374,3782421,3730,35898,resting
2026-07-26T07:39:46.704187,59,3758593,3740777,1276009,Discharging,Good,370,2262522,3800000,3800000,0,1773123,1276009,3758593,4796,35937,resting
2026-07-26T07:39:56.784228,59,3756250,3738421,1295541,Discharging,Good,370,2258198,3800000,3800000,0,1743054,1295541,3756250,4866,36000,resting
2026-07-26T07:40:06.785947,59,3731250,3737033,1612202,Discharging,Good,370,2255172,3800000,3800000,0,1398814,1612202,3731250,6014,36062,resting
2026-07-26T07:40:16.877849,59,3775390,3736499,1031515,Discharging,Good,370,2252307,3800000,3800000,0,2183494,1031515,3775390,3894,36203,resting
2026-07-26T07:40:26.964436,59,3762695,3735213,1185617,Discharging,Good,370,2249392,3800000,3800000,0,1897233,1185617,3762695,4461,36273,resting
2026-07-26T07:40:37.048433,59,3723242,3734657,1658650,Discharging,Good,370,2244785,3800000,3800000,0,1353380,1658650,3723242,6173,36375,resting
2026-07-26T07:40:47.132260,58,3744140,3734016,1373836,Discharging,Good,370,2240969,3800000,3800000,0,1631176,1373836,3744140,5142,36453,resting
2026-07-26T07:40:57.134068,58,3760742,3732982,1158602,Discharging,Good,370,2238330,3800000,3800000,0,1931923,1158602,3760742,4356,36523,resting
2026-07-26T07:41:07.216219,58,3748437,3732379,1300777,Discharging,Good,370,2234717,3800000,3800000,0,1717986,1300777,3748437,4874,36601,resting
2026-07-26T07:41:17.296497,58,3771093,3731938,1061947,Discharging,Good,370,2231768,3800000,3800000,0,2101581,1061947,3771093,4004,36648,resting
2026-07-26T07:41:27.298498,58,3766601,3731063,1085336,Discharging,Good,370,2228721,3800000,3800000,0,2053484,1085336,3766601,4087,36695,resting
2026-07-26T07:41:37.373055,58,3754882,3730631,1219418,Discharging,Good,370,2225334,3800000,3800000,0,1824914,1219418,3754882,4578,36742,resting
2026-07-26T07:41:47.455911,58,3771484,3730311,1033163,Discharging,Good,370,2222465,3800000,3800000,0,2151127,1033163,3771484,3896,36765,resting
2026-07-26T07:41:57.457880,58,3770898,3730062,1049020,Discharging,Good,370,2219843,3800000,3800000,0,2116111,1049020,3770898,3955,36796,resting
2026-07-26T07:42:07.544053,58,3773046,3729633,1006027,Discharging,Good,370,2217016,3800000,3800000,0,2203734,1006027,3773046,3795,36820,resting
2026-07-26T07:42:17.628432,58,3740820,3729259,1333712,Discharging,Good,370,2213312,3800000,3800000,0,1659512,1333712,3740820,4987,37007,resting
2026-07-26T07:42:27.630407,58,3757421,3728775,1123861,Discharging,Good,370,2210503,3800000,3800000,0,1966882,1123861,3757421,4221,37085,resting
2026-07-26T07:42:37.714212,58,3749218,3727856,1238851,Discharging,Good,370,2207401,3800000,3800000,0,1781813,1238851,3749218,4644,37132,resting
2026-07-26T07:42:47.796757,57,3749804,3727433,1250350,Discharging,Good,370,2203928,3800000,3800000,0,1762648,1250350,3749804,4687,37203,resting
2026-07-26T07:42:57.799941,57,3689062,3726519,1955292,Discharging,Good,370,2199040,3800000,3800000,0,1124660,1955292,3689062,7213,37289,resting
2026-07-26T07:43:07.882494,57,3683984,3724348,2032331,Discharging,Good,370,2193718,3800000,3800000,0,1079409,2032331,3683984,7485,37414,resting
2026-07-26T07:43:17.968468,57,3739843,3723321,1270675,Discharging,Good,370,2190189,3800000,3800000,0,1723642,1270675,3739843,4750,37578,resting
2026-07-26T07:43:28.041024,57,3735742,3722433,1374068,Discharging,Good,370,2186373,3800000,3800000,0,1591167,1374068,3735742,5132,37617,resting
2026-07-26T07:43:38.124422,57,3700781,3719674,1746663,Discharging,Good,370,2182109,3800000,3800000,0,1249301,1746663,3700781,6462,37671,resting
2026-07-26T07:43:48.208750,57,3742773,3718901,1221700,Discharging,Good,370,2178716,3800000,3800000,0,1783347,1221700,3742773,4571,37703,resting
2026-07-26T07:43:58.281918,57,3743554,3718204,1237106,Discharging,Good,370,2175280,3800000,3800000,0,1758361,1237106,3743554,4630,37757,resting
2026-07-26T07:44:08.364767,57,3741992,3716310,1244540,Discharging,Good,370,2172109,3800000,3800000,0,1745310,1244540,3741992,4656,37781,resting
2026-07-26T07:44:18.444466,57,3735351,3715882,1293270,Discharging,Good,370,2168517,3800000,3800000,0,1676770,1293270,3735351,4829,37796,resting
2026-07-26T07:44:28.528763,56,3742382,3715537,1219625,Discharging,Good,370,2165130,3800000,3800000,0,1775242,1219625,3742382,4563,37804,resting
2026-07-26T07:44:38.620201,56,3730078,3714398,1360958,Discharging,Good,370,2161795,3800000,3800000,0,1588436,1360958,3730078,5075,37804,resting
2026-07-26T07:44:48.700562,56,3735742,3713855,1257650,Discharging,Good,370,2158302,3800000,3800000,0,1716138,1257650,3735742,4696,37796,resting
2026-07-26T07:44:58.784559,56,3750390,3713445,1103061,Discharging,Good,370,2155238,3800000,3800000,0,1953870,1103061,3750390,4136,37796,resting
2026-07-26T08:47:21.050419,85,3932226,3923725,1932038,Discharging,Good,370,3264454,3800000,3800000,0,1689642,1932038,3932226,7595,34093,resting
2026-07-26T08:47:31.129007,85,3992773,3923453,1088571,Discharging,Good,370,3261447,3800000,3800000,0,2996081,1088571,3992773,4346,34226,resting
2026-07-26T08:47:41.211268,85,3939062,3922867,1683699,Discharging,Good,370,3256771,3800000,3800000,0,1934295,1683699,3939062,6629,34460,resting
2026-07-26T08:47:51.288445,83,3979296,3844425,1133456,Discharging,Good,370,3189797,3800000,3800000,0,2814222,1133456,3979296,4510,34656,resting
2026-07-26T08:48:01.378298,83,3983007,3845247,1059579,Discharging,Good,370,3186854,3800000,3800000,0,3007660,1059579,3983007,4220,34742,resting
2026-07-26T08:48:11.459668,83,3975976,3846216,1136435,Discharging,Good,370,3183698,3800000,3800000,0,2801478,1136435,3975976,4518,34906,resting
2026-07-26T09:52:39.155688,82,3993554,3983561,1686592,Discharging,Good,370,3152085,3800000,3800000,0,1868907,1686592,3993554,6734,30976,resting
2026-07-26T09:52:49.251660,82,4040429,3983206,1084762,Discharging,Good,370,3149152,3800000,3800000,0,2903081,1084762,4040429,4382,31148,resting
2026-07-26T09:52:59.335551,82,3947265,3982567,2162543,Discharging,Good,370,3143145,3800000,3800000,0,1453448,2162543,3947265,8535,31320,resting
2026-07-26T09:53:09.418553,82,4031250,3964085,1124679,Discharging,Good,370,3140079,3800000,3800000,0,2791977,1124679,4031250,4533,31593,resting
2026-07-26T09:53:19.502252,82,4031054,3964249,1097116,Discharging,Good,370,3137032,3800000,3800000,0,2859343,1097116,4031054,4422,31804,resting
2026-07-26T09:53:29.583836,82,4030664,3964464,1085165,Discharging,Good,370,3134018,3800000,3800000,0,2888056,1085165,4030664,4373,31992,resting
2026-07-26T09:53:39.666296,82,3977148,3964974,1718196,Discharging,Good,370,3130076,3800000,3800000,0,1821722,1718196,3977148,6830,32289,resting
2026-07-26T09:53:49.751633,82,4016992,3965014,1164401,Discharging,Good,370,3126842,3800000,3800000,0,2685365,1164401,4016992,4677,32593,resting
2026-07-26T09:53:59.840883,82,3973242,3964599,1661214,Discharging,Good,370,3122228,3800000,3800000,0,1879485,1661214,3973242,6598,32820,resting
2026-07-26T09:54:09.923744,82,3961523,3963024,1798152,Discharging,Good,370,3117998,3800000,3800000,0,1734001,1798152,3961523,7120,33054,resting
2026-07-26T09:54:20.008393,81,3981445,3962238,1528108,Discharging,Good,370,3113754,3800000,3800000,0,2037653,1528108,3981445,6082,33289,resting
2026-07-26T09:54:30.097161,81,3978515,3961623,1486397,Discharging,Good,370,3109626,3800000,3800000,0,2092056,1486397,3978515,5911,33523,resting
2026-07-26T09:54:40.179942,81,3979882,3959653,1490377,Discharging,Good,370,3105834,3800000,3800000,0,2083925,1490377,3979882,5930,33734,resting
2026-07-26T09:54:50.274261,81,4003320,3959075,1144540,Discharging,Good,370,3102655,3800000,3800000,0,2710831,1144540,4003320,4581,33914,resting
2026-07-26T09:55:00.358443,81,3974414,3958395,1498543,Discharging,Good,370,3098493,3800000,3800000,0,2067670,1498543,3974414,5954,34062,resting
2026-07-26T09:55:10.442755,81,3968359,3955534,1521529,Discharging,Good,370,3094516,3800000,3800000,0,2033819,1521529,3968359,6038,34242,resting
2026-07-26T09:55:20.527593,81,3958789,3954656,1647725,Discharging,Good,370,3089939,3800000,3800000,0,1875275,1647725,3958789,6521,34429,resting
2026-07-26T09:55:30.615342,81,3958593,3953694,1623152,Discharging,Good,370,3085431,3800000,3800000,0,1900888,1623152,3958593,6424,34593,resting
2026-07-26T09:55:40.698712,81,3957812,3950720,1595198,Discharging,Good,370,3081441,3800000,3800000,0,1931698,1595198,3957812,6312,34726,resting
2026-07-26T09:55:50.783204,80,3944726,3949708,1761824,Discharging,Good,370,3076548,3800000,3800000,0,1746228,1761824,3944726,6949,34937,resting
2026-07-26T09:56:00.867781,80,3919140,3948576,2074250,Discharging,Good,370,3070787,3800000,3800000,0,1480432,2074250,3919140,8128,35093,resting
2026-07-26T09:56:10.950355,80,3969726,3945808,1436629,Discharging,Good,370,3067766,3800000,3800000,0,2135391,1436629,3969726,5699,35218,resting
2026-07-26T09:56:21.034324,80,3949609,3944810,1692732,Discharging,Good,370,3063064,3800000,3800000,0,1809538,1692732,3949609,6684,35367,resting
2026-07-26T09:56:31.118730,80,3967187,3943824,1406466,Discharging,Good,370,3059158,3800000,3800000,0,2175067,1406466,3967187,5577,35500,resting
2026-07-26T09:56:41.203433,80,3940625,3940936,1759944,Discharging,Good,370,3054808,3800000,3800000,0,1735741,1759944,3940625,6935,35632,resting
2026-07-26T09:56:51.286374,80,3964843,3940130,1438790,Discharging,Good,370,3050812,3800000,3800000,0,2120401,1438790,3964843,5701,35773,resting
2026-07-26T09:57:01.370296,80,3979101,3939513,1296017,Discharging,Good,370,3047212,3800000,3800000,0,2351212,1296017,3979101,5154,35875,resting
2026-07-26T09:57:11.456137,80,3983593,3937932,1195126,Discharging,Good,370,3044143,3800000,3800000,0,2547131,1195126,3983593,4757,35992,resting
2026-07-26T09:57:21.552696,80,3972265,3937642,1102939,Discharging,Good,370,3041080,3800000,3800000,0,2757251,1102939,3972265,4398,36054,resting
2026-07-26T09:57:31.637101,79,3930468,3937050,1854560,Discharging,Good,370,3035929,3800000,3800000,0,1637007,1854560,3930468,7289,36156,resting
2026-07-26T09:57:41.719485,79,3975390,3935046,1284640,Discharging,Good,370,3033008,3800000,3800000,0,2360978,1284640,3975390,5104,36281,resting
2026-07-26T09:57:51.802697,79,3973828,3934439,1251107,Discharging,Good,370,3029533,3800000,3800000,0,2421481,1251107,3973828,4969,36421,resting
2026-07-26T09:58:01.888598,79,3962109,3933984,1365609,Discharging,Good,370,3025740,3800000,3800000,0,2215670,1365609,3962109,5408,36562,resting
2026-07-26T09:58:11.965139,79,3968750,3932416,1368050,Discharging,Good,370,3022458,3800000,3800000,0,2209318,1368050,3968750,5427,36687,resting
2026-07-26T09:58:22.046734,79,3916601,3931489,1876716,Discharging,Good,370,3017245,3800000,3800000,0,1607725,1876716,3916601,7347,36734,resting
2026-07-26T09:58:32.140566,79,3971093,3930840,1268441,Discharging,Good,370,3013722,3800000,3800000,0,2375926,1268441,3971093,5036,36890,resting
2026-07-26T09:58:42.217174,79,3970312,3929388,1278207,Discharging,Good,370,3010789,3800000,3800000,0,2355478,1278207,3970312,5074,36945,resting
2026-07-26T09:58:52.314523,79,3990625,3929176,1004025,Discharging,Good,370,3008001,3800000,3800000,0,2995942,1004025,3990625,4006,37046,resting
2026-07-26T09:59:02.415229,79,3977539,3929118,1179940,Discharging,Good,370,3004724,3800000,3800000,0,2546505,1179940,3977539,4692,37132,resting
2026-07-26T09:59:12.502252,78,3933203,3927853,1687837,Discharging,Good,370,2999668,3800000,3800000,0,1777226,1687837,3933203,6637,37265,resting
2026-07-26T09:59:22.594642,78,3984765,3927630,1051169,Discharging,Good,370,2996749,3800000,3800000,0,2850872,1051169,3984765,4188,37375,resting
2026-07-26T09:59:32.680391,78,3971875,3927464,1197604,Discharging,Good,370,2993423,3800000,3800000,0,2499509,1197604,3971875,4756,37429,resting
2026-07-26T09:59:42.762423,78,3952734,3925736,1405465,Discharging,Good,370,2989086,3800000,3800000,0,2126759,1405465,3952734,5554,37632,resting
2026-07-26T09:59:52.846507,78,3964648,3925323,1269796,Discharging,Good,370,2985559,3800000,3800000,0,2351211,1269796,3964648,5033,37695,resting
2026-07-26T10:00:02.930994,78,3963476,3924160,1248031,Discharging,Good,370,2982010,3800000,3800000,0,2389371,1248031,3963476,4945,37765,resting
2026-07-26T10:00:13.010649,78,3957226,3922929,1341781,Discharging,Good,370,2978862,3800000,3800000,0,2220080,1341781,3957226,5308,37835,resting
2026-07-26T10:00:23.094357,78,3946875,3922240,1474568,Discharging,Good,370,2974766,3800000,3800000,0,2017381,1474568,3946875,5818,37921,resting
2026-07-26T10:00:33.178583,78,3900195,3921579,2061664,Discharging,Good,370,2969040,3800000,3800000,0,1440118,2061664,3900195,8040,37968,resting
2026-07-26T10:00:43.180562,78,3977539,3920669,1072177,Discharging,Good,370,2966656,3800000,3800000,0,2766946,1072177,3977539,4264,38023,resting
2026-07-26T10:00:53.262431,77,3941406,3919853,1526741,Discharging,Good,370,2962416,3800000,3800000,0,1940352,1526741,3941406,6017,38039,resting
2026-07-26T10:01:03.347630,77,3964843,3919341,1214779,Discharging,Good,370,2959042,3800000,3800000,0,2435868,1214779,3964843,4816,38117,resting
2026-07-26T10:01:13.349548,77,3976953,3918519,1064438,Discharging,Good,370,2955982,3800000,3800000,0,2777035,1064438,3976953,4233,38164,resting
2026-07-26T10:01:23.431041,77,3937695,3918188,1494710,Discharging,Good,370,2951831,3800000,3800000,0,1974851,1494710,3937695,5884,38281,resting
2026-07-26T10:01:33.515073,77,3941992,3917675,1487386,Discharging,Good,370,2947700,3800000,3800000,0,1981798,1487386,3941992,5862,38343,resting
2026-07-26T10:01:43.516976,77,3948437,3917257,1383663,Discharging,Good,370,2944241,3800000,3800000,0,2127859,1383663,3948437,5461,38406,resting
2026-07-26T10:01:53.598564,77,3944335,3916397,1412703,Discharging,Good,370,2940317,3800000,3800000,0,2081341,1412703,3944335,5570,38468,resting
2026-07-26T10:02:03.684971,77,3961132,3915926,1181491,Discharging,Good,370,2937036,3800000,3800000,0,2485872,1181491,3961132,4679,38484,resting
2026-07-26T10:02:13.686884,77,3918359,3915342,1721309,Discharging,Good,370,2932733,3800000,3800000,0,1703780,1721309,3918359,6744,38460,resting
2026-07-26T10:02:23.771154,77,3955078,3914457,1229330,Discharging,Good,370,2929308,3800000,3800000,0,2382849,1229330,3955078,4860,38453,resting
2026-07-26T10:02:33.855428,76,3959179,3914293,1210897,Discharging,Good,370,2925945,3800000,3800000,0,2416345,1210897,3959179,4792,38437,resting
2026-07-26T10:02:43.857350,76,3947656,3913926,1318844,Discharging,Good,370,2922648,3800000,3800000,0,2216068,1318844,3947656,5205,38414,resting
2026-07-26T10:02:53.938592,76,3935351,3913042,1509737,Discharging,Good,370,2918926,3800000,3800000,0,1933400,1509737,3935351,5940,38429,resting
2026-07-26T10:03:04.015028,76,3952929,3912664,1216952,Discharging,Good,370,2915546,3800000,3800000,0,2395777,1216952,3952929,4809,38437,resting
2026-07-26T10:03:14.100184,76,3917773,3911932,1670613,Discharging,Good,370,2910906,3800000,3800000,0,1742417,1670613,3917773,6543,38421,resting
2026-07-26T10:03:24.183493,76,3934960,3909822,1440670,Discharging,Good,370,2907302,3800000,3800000,0,2018020,1440670,3934960,5667,38453,resting
2026-07-26T10:03:34.266583,76,3953906,3909436,1210824,Discharging,Good,370,2903939,3800000,3800000,0,2398316,1210824,3953906,4786,38453,resting
2026-07-26T10:03:44.362299,76,3946484,3909154,1253549,Discharging,Good,370,2900457,3800000,3800000,0,2313796,1253549,3946484,4946,38429,resting
2026-07-26T10:03:54.446860,76,3959179,3908442,1104379,Discharging,Good,370,2897605,3800000,3800000,0,2623741,1104379,3959179,4371,38414,resting
2026-07-26T10:04:04.530713,76,3953710,3908434,1192916,Discharging,Good,370,2894292,3800000,3800000,0,2426232,1192916,3953710,4715,38398,resting
2026-07-26T10:04:14.614110,76,3930078,3908405,1502461,Discharging,Good,370,2890119,3800000,3800000,0,1923590,1502461,3930078,5902,38375,resting
2026-07-26T10:04:24.698483,75,3950195,3908273,1231185,Discharging,Good,370,2887031,3800000,3800000,0,2344920,1231185,3950195,4862,38375,resting
2026-07-26T10:04:34.782530,75,3938476,3907887,1323385,Discharging,Good,370,2883355,3800000,3800000,0,2178772,1323385,3938476,5210,38367,resting
2026-07-26T10:04:44.868671,75,3948632,3907394,1219613,Discharging,Good,370,2879968,3800000,3800000,0,2361378,1219613,3948632,4815,38367,resting
2026-07-26T10:04:54.950966,75,3951171,3906311,1184127,Discharging,Good,370,2876990,3800000,3800000,0,2429629,1184127,3951171,4677,38328,resting
2026-07-26T10:05:05.034398,75,3948632,3906137,1228866,Discharging,Good,370,2873952,3800000,3800000,0,2338702,1228866,3948632,4851,38320,resting
2026-07-26T10:05:15.119569,75,3945898,3906071,1242965,Discharging,Good,370,2870500,3800000,3800000,0,2309397,1242965,3945898,4903,38304,resting
2026-07-26T10:05:25.212112,75,3943164,3905439,1295980,Discharging,Good,370,2867346,3800000,3800000,0,2212492,1295980,3943164,5109,38296,resting
2026-07-26T10:05:35.294612,75,3957421,3905316,1086532,Discharging,Good,370,2864328,3800000,3800000,0,2636211,1086532,3957421,4298,38281,resting
2026-07-26T10:05:45.378775,75,3944335,3904901,1283004,Discharging,Good,370,2860765,3800000,3800000,0,2229739,1283004,3944335,5059,38250,resting
2026-07-26T10:05:55.462265,75,3940234,3903842,1293758,Discharging,Good,370,2857575,3800000,3800000,0,2208739,1293758,3940234,5096,38218,resting
2026-07-26T10:06:05.542554,75,3944531,3903592,1255282,Discharging,Good,370,2854089,3800000,3800000,0,2273663,1255282,3944531,4950,38179,resting
2026-07-26T10:06:15.624839,75,3947070,3903321,1170028,Discharging,Good,370,2850839,3800000,3800000,0,2436556,1170028,3947070,4617,38125,resting
2026-07-26T10:06:25.710076,74,3932617,3902655,1403975,Discharging,Good,370,2847541,3800000,3800000,0,2028199,1403975,3932617,5515,38101,resting
2026-07-26T10:06:35.790346,74,3922265,3902210,1495015,Discharging,Good,370,2843389,3800000,3800000,0,1901913,1495015,3922265,5860,38078,resting
2026-07-26T10:06:45.870498,74,3934960,3901819,1333102,Discharging,Good,370,2839686,3800000,3800000,0,2130134,1333102,3934960,5245,38054,resting
2026-07-26T10:06:55.955203,74,3935546,3900660,1316329,Discharging,Good,370,2836440,3800000,3800000,0,2154810,1316329,3935546,5179,38015,resting
2026-07-26T10:07:06.038443,74,3917578,3900142,1491487,Discharging,Good,370,2832297,3800000,3800000,0,1898975,1491487,3917578,5841,37960,resting
2026-07-26T10:07:16.122674,74,3937304,3899824,1266561,Discharging,Good,370,2828779,3800000,3800000,0,2233432,1266561,3937304,4986,37914,resting
2026-07-26T10:07:26.207507,74,3943945,3899085,1168331,Discharging,Good,370,2825907,3800000,3800000,0,2418755,1168331,3943945,4607,37859,resting
2026-07-26T10:07:36.287721,74,3935546,3898843,1279195,Discharging,Good,370,2822354,3800000,3800000,0,2206351,1279195,3935546,5033,37867,resting
2026-07-26T10:07:46.371054,74,3937890,3898713,1223922,Discharging,Good,370,2818955,3800000,3800000,0,2303214,1223922,3937890,4819,37835,resting
2026-07-26T10:07:56.454633,74,3931054,3898009,1304537,Discharging,Good,370,2816020,3800000,3800000,0,2158635,1304537,3931054,5127,37828,resting
2026-07-26T10:08:06.538280,74,3943359,3897864,1146298,Discharging,Good,370,2812836,3800000,3800000,0,2453843,1146298,3943359,4519,37875,resting
2026-07-26T10:08:16.623991,73,3938671,3897693,1191708,Discharging,Good,370,2809526,3800000,3800000,0,2357562,1191708,3938671,4693,37906,resting
2026-07-26T10:08:26.706769,73,3941992,3897314,1171298,Discharging,Good,370,2806650,3800000,3800000,0,2396187,1171298,3941992,4616,37929,resting
2026-07-26T10:08:36.806077,73,3956445,3897248,991806,Discharging,Good,370,2803895,3800000,3800000,0,2827059,991806,3956445,3923,37929,resting
2026-07-26T10:08:46.886578,73,3933007,3897242,1293710,Discharging,Good,370,2800302,3800000,3800000,0,2164551,1293710,3933007,5086,37937,resting
2026-07-26T10:08:56.969024,73,3918945,3897186,1449996,Discharging,Good,370,2796908,3800000,3800000,0,1928907,1449996,3918945,5681,37984,resting
2026-07-26T10:09:07.051130,73,3938085,3897051,1221176,Discharging,Good,370,2793516,3800000,3800000,0,2287562,1221176,3938085,4808,38000,resting
2026-07-26T10:09:17.134721,73,3925976,3896891,1332943,Discharging,Good,370,2789814,3800000,3800000,0,2092973,1332943,3925976,5231,37984,resting
2026-07-26T10:09:27.218860,73,3922851,3896354,1320480,Discharging,Good,370,2786622,3800000,3800000,0,2110309,1320480,3922851,5554,37984,resting
2026-07-26T10:09:37.303351,73,3900390,3895937,1648811,Discharging,Good,370,2782042,3800000,3800000,0,1687301,1648811,3900390,6430,37960,resting
2026-07-26T10:09:47.387280,73,3923242,3895489,1335274,Discharging,Good,370,2778333,3800000,3800000,0,2080721,1335274,3923242,5237,37953,resting
2026-07-26T10:09:57.470510,73,3914257,3893644,1410311,Discharging,Good,370,2775348,3800000,3800000,0,1967897,1410311,3914257,5518,37937,resting
2026-07-26T10:10:07.554258,72,3915625,3892255,1423702,Discharging,Good,370,2771869,3800000,3800000,0,1946944,1423702,3915625,5572,37921,resting
2026-07-26T10:10:17.638481,72,3920703,3891611,1367428,Discharging,Good,370,2768071,3800000,3800000,0,2024290,1367428,3920703,5360,37906,resting
2026-07-26T10:10:27.734732,72,3915234,3889701,1395113,Discharging,Good,370,2764654,3800000,3800000,0,1981670,1395113,3915234,5460,37890,resting
2026-07-26T10:10:37.818919,72,3926367,3889362,1247408,Discharging,Good,370,2761189,3800000,3800000,0,2213541,1247408,3926367,4896,37882,resting
2026-07-26T10:10:47.903859,72,3916796,3888892,1365426,Discharging,Good,370,2757397,3800000,3800000,0,2019440,1365426,3916796,5346,37851,resting
2026-07-26T10:10:57.986415,72,3904687,3887546,1486129,Discharging,Good,370,2753575,3800000,3800000,0,1852850,1486129,3904687,5801,37851,resting
2026-07-26T10:11:08.071001,72,3912695,3887115,1414925,Discharging,Good,370,2749645,3800000,3800000,0,1943315,1414925,3912695,5535,37851,resting
2026-07-26T10:11:18.154691,72,3925195,3886816,1213339,Discharging,Good,370,2746275,3800000,3800000,0,2263402,1213339,3925195,4761,37851,resting
2026-07-26T10:11:28.156698,72,3903906,3886003,1487105,Discharging,Good,370,2742789,3800000,3800000,0,1844381,1487105,3903906,5804,37875,resting
2026-07-26T10:11:38.238421,72,3899609,3885291,1532308,Discharging,Good,370,2738533,3800000,3800000,0,1787194,1532308,3899609,5973,37898,resting
2026-07-26T10:11:48.318464,71,3908593,3884708,1402938,Discharging,Good,370,2734636,3800000,3800000,0,1949220,1402938,3908593,5481,37898,resting
2026-07-26T10:11:58.396312,71,3898242,3883515,1514217,Discharging,Good,370,2731230,3800000,3800000,0,1803724,1514217,3898242,5902,37906,resting
2026-07-26T10:12:08.475662,71,3914648,3883019,1298531,Discharging,Good,370,2727623,3800000,3800000,0,2100545,1298531,3914648,5082,37921,resting
2026-07-26T10:12:18.558641,71,3916992,3882372,1279244,Discharging,Good,370,2724070,3800000,3800000,0,2129437,1279244,3916992,5009,37921,resting
2026-07-26T10:12:28.561183,71,3912695,3881941,1316000,Discharging,Good,370,2720780,3800000,3800000,0,2067462,1316000,3912695,5147,37937,resting
2026-07-26T10:12:38.654458,71,3916601,3881253,1281686,Discharging,Good,370,2717220,3800000,3800000,0,2120035,1281686,3916601,5018,37976,resting
2026-07-26T10:12:48.738427,71,3911328,3881095,1354684,Discharging,Good,370,2713457,3800000,3800000,0,2003018,1354684,3911328,5297,38023,resting
2026-07-26T10:12:58.740202,71,3909375,3880698,1358517,Discharging,Good,370,2710061,3800000,3800000,0,1994867,1358517,3909375,5309,38085,resting
2026-07-26T10:13:08.822331,71,3914453,3879658,1315035,Discharging,Good,370,2706801,3800000,3800000,0,2058349,1315035,3914453,5146,38125,resting
2026-07-26T10:13:18.902469,71,3896289,3879044,1496395,Discharging,Good,370,2702645,3800000,3800000,0,1806104,1496395,3896289,5829,38171,resting
2026-07-26T10:13:28.904530,71,3901171,3878450,1420919,Discharging,Good,370,2699093,3800000,3800000,0,1899540,1420919,3901171,5853,38218,resting
2026-07-26T10:13:38.987122,70,3917578,3877512,1245297,Discharging,Good,370,2695955,3800000,3800000,0,2164909,1245297,3917578,4877,38257,resting
2026-07-26T10:13:49.083216,70,3914843,3877305,1274374,Discharging,Good,370,2692416,3800000,3800000,0,2112736,1274374,3914843,4987,38257,resting
2026-07-26T10:13:59.085188,70,3921093,3877097,1185775,Discharging,Good,370,2689452,3800000,3800000,0,2268096,1185775,3921093,4648,38281,resting
2026-07-26T10:14:09.166387,70,3902734,3876653,1403768,Discharging,Good,370,2686070,3800000,3800000,0,1913471,1403768,3902734,5477,38281,resting
2026-07-26T10:14:19.248204,70,3910351,3876299,1299007,Discharging,Good,370,2682462,3800000,3800000,0,2065009,1299007,3910351,5078,38281,resting
2026-07-26T10:14:29.330592,70,3897265,3875781,1437728,Discharging,Good,370,2678469,3800000,3800000,0,1862987,1437728,3897265,5602,38296,resting
2026-07-26T10:14:39.414709,70,3902148,3874033,1367269,Discharging,Good,370,2674688,3800000,3800000,0,1956226,1367269,3902148,5333,38312,resting
2026-07-26T10:14:49.499964,70,3909765,3873722,1341598,Discharging,Good,370,2670962,3800000,3800000,0,1990881,1341598,3909765,5243,38335,resting
2026-07-26T10:14:59.599676,70,3890234,3873247,1528340,Discharging,Good,370,2666717,3800000,3800000,0,1744845,1528340,3890234,5943,38390,resting
2026-07-26T10:15:09.678521,70,3897265,3871759,1453279,Discharging,Good,370,2663597,3800000,3800000,0,1832818,1453279,3897265,5661,38437,resting
2026-07-26T10:15:19.762607,69,3898632,3871142,1437545,Discharging,Good,370,2659604,3800000,3800000,0,1850101,1437545,3898632,5603,38500,resting
2026-07-26T10:15:29.846702,69,3898437,3870480,1413814,Discharging,Good,370,2655677,3800000,3800000,0,1878377,1413814,3898437,5509,38523,resting
2026-07-26T10:15:39.930813,69,3897265,3868681,1398275,Discharging,Good,370,2652601,3800000,3800000,0,1897052,1398275,3897265,5447,38570,resting
2026-07-26T10:15:50.015805,69,3904687,3868184,1319442,Discharging,Good,370,2648936,3800000,3800000,0,2007618,1319442,3904687,5150,38593,resting
2026-07-26T10:16:00.098697,69,3898437,3867617,1421529,Discharging,Good,370,2644988,3800000,3800000,0,1860664,1421529,3898437,5540,38632,resting
2026-07-26T10:16:10.178644,69,3904296,3866070,1311666,Discharging,Good,370,2641786,3800000,3800000,0,2014069,1311666,3904296,5120,38632,resting
2026-07-26T10:16:20.266580,69,3875390,3865414,1667598,Discharging,Good,370,2637154,3800000,3800000,0,1581408,1667598,3875390,6461,38664,resting
2026-07-26T10:16:30.343245,69,3907226,3864867,1248226,Discharging,Good,370,2633687,3800000,3800000,0,2109944,1248226,3907226,4877,38695,resting
2026-07-26T10:16:40.426951,69,3869726,3863555,1710066,Discharging,Good,370,2630129,3800000,3800000,0,1538027,1710066,3869726,6615,38679,resting
2026-07-26T10:16:50.511030,69,3902929,3863230,1301730,Discharging,Good,370,2626514,3800000,3800000,0,2017710,1301730,3902929,5080,38726,resting
2026-07-26T10:17:00.596034,69,3915429,3863021,1133688,Discharging,Good,370,2623365,3800000,3800000,0,2314009,1133688,3915429,4438,38734,resting
2026-07-26T10:17:10.679973,68,3897265,3861895,1352621,Discharging,Good,370,2620143,3800000,3800000,0,1937085,1352621,3897265,5270,38734,resting
2026-07-26T10:17:20.774299,68,3897851,3861357,1346810,Discharging,Good,370,2616402,3800000,3800000,0,1942666,1346810,3897851,5248,38750,resting
2026-07-26T10:17:30.849913,68,3914453,3861019,1113339,Discharging,Good,370,2613310,3800000,3800000,0,2347272,1113339,3914453,4358,38765,resting
2026-07-26T10:17:40.928790,68,3902929,3860185,1268771,Discharging,Good,370,2610243,3800000,3800000,0,2057300,1268771,3902929,4951,38757,resting
2026-07-26T10:17:51.006468,68,3906445,3860027,1198226,Discharging,Good,370,2606915,3800000,3800000,0,2175645,1198226,3906445,4680,38726,resting
2026-07-26T11:52:50.271651,66,3890625,3882948,1736653,Discharging,Good,370,2543945,3800000,3800000,0,1464855,1736653,3890625,6756,34218,resting
2026-07-26T11:53:00.357495,66,3866015,3881788,2008625,Discharging,Good,370,2539165,3800000,3800000,0,1264130,2008625,3866015,7764,34328,resting
2026-07-26T11:53:10.438603,66,3864843,3880665,1930170,Discharging,Good,370,2533804,3800000,3800000,0,1312736,1930170,3864843,7459,34601,resting
2026-07-26T11:53:20.522368,66,3921679,3883915,1184481,Discharging,Good,370,2530843,3800000,3800000,0,2136668,1184481,3921679,4645,34679,resting
2026-07-26T11:53:30.603245,66,3862304,3883423,1918000,Discharging,Good,370,2525516,3800000,3800000,0,1316744,1918000,3862304,7406,34804,resting
2026-07-26T11:53:40.686414,66,3916992,3882885,1198019,Discharging,Good,370,2522189,3800000,3800000,0,2105299,1198019,3916992,4691,34960,resting
2026-07-26T11:53:50.766973,66,3904687,3881434,1335653,Discharging,Good,370,2518973,3800000,3800000,0,1885948,1335653,3904687,5214,35062,resting
2026-07-26T11:54:00.842383,66,3917578,3881159,1169625,Discharging,Good,370,2515725,3800000,3800000,0,2150881,1169625,3917578,4582,35164,resting
2026-07-26T11:54:10.919626,66,3917968,3880995,1179171,Discharging,Good,370,2512450,3800000,3800000,0,2130691,1179171,3917968,4619,35257,resting
2026-07-26T11:54:21.003665,66,3908984,3880402,1312691,Discharging,Good,370,2509282,3800000,3800000,0,1911555,1312691,3908984,5130,35335,resting
2026-07-26T11:54:31.086884,65,3927734,3880179,1102414,Discharging,Good,370,2506220,3800000,3800000,0,2273392,1102414,3927734,4329,35398,resting
2026-07-26T11:54:41.170414,65,3920312,3880054,1127353,Discharging,Good,370,2503089,3800000,3800000,0,2220324,1127353,3920312,4419,35460,resting
2026-07-26T11:54:51.255756,65,3915039,3879795,1115365,Discharging,Good,370,2500427,3800000,3800000,0,2241801,1115365,3915039,4365,35539,resting
2026-07-26T11:55:01.334225,65,3881835,3879344,1574593,Discharging,Good,370,2496054,3800000,3800000,0,1585205,1574593,3881835,6111,35617,resting
2026-07-26T12:21:41.046596,81,3882617,3883599,1788496,Discharging,Good,370,3112440,3800000,3800000,0,1740255,1788496,3882617,6943,30828,resting
2026-07-26T12:21:51.132739,81,3856445,3882378,2018818,Discharging,Good,370,3107585,3800000,3800000,0,1539309,2018818,3856445,7785,31054,resting
2026-07-26T12:22:01.214348,81,3903320,3881780,1307894,Discharging,Good,370,3103952,3800000,3800000,0,2373244,1307894,3903320,5103,31421,resting
2026-07-26T12:22:11.294707,72,3899609,3844000,1303902,Discharging,Good,370,2771465,3800000,3800000,0,2125516,1303902,3899609,5083,31773,resting
2026-07-26T12:22:21.378611,72,3895507,3844109,1330624,Discharging,Good,370,2767769,3800000,3800000,0,2080053,1330624,3895507,5182,32070,resting
2026-07-26T12:22:31.463983,72,3880859,3844071,1508834,Discharging,Good,370,2763578,3800000,3800000,0,1831598,1508834,3880859,5853,32367,resting
2026-07-26T12:22:41.546936,72,3886132,3843725,1431527,Discharging,Good,370,2760007,3800000,3800000,0,1928016,1431527,3886132,5561,32593,resting
2026-07-26T12:22:51.630474,72,3886132,3843544,1449532,Discharging,Good,370,2755981,3800000,3800000,0,1901290,1449532,3886132,5631,32796,resting
2026-07-26T12:23:01.714354,72,3889453,3843428,1412484,Discharging,Good,370,2752058,3800000,3800000,0,1948381,1412484,3889453,5492,33015,resting
2026-07-26T12:23:11.800874,72,3908984,3843238,1124460,Discharging,Good,370,2749238,3800000,3800000,0,2444940,1124460,3908984,4395,33179,resting
2026-07-26T12:23:21.887777,72,3920703,3843469,977573,Discharging,Good,370,2746523,3800000,3800000,0,2809532,977573,3920703,3832,33281,resting
2026-07-26T12:23:31.972082,72,3931054,3843842,875754,Discharging,Good,370,2744091,3800000,3800000,0,3133403,875754,3931054,3442,33382,resting
2026-07-26T12:23:42.054617,72,3922460,3845086,985629,Discharging,Good,370,2741717,3800000,3800000,0,2781692,985629,3922460,3866,33445,resting
2026-07-26T12:23:52.130610,72,3930664,3845594,883591,Discharging,Good,370,2739263,3800000,3800000,0,3100148,883591,3930664,3472,33492,resting
2026-07-26T12:24:02.215981,72,3925781,3846137,971274,Discharging,Good,370,2736566,3800000,3800000,0,2817501,971274,3925781,3812,33500,resting
2026-07-26T12:24:12.294616,71,3922070,3847759,983334,Discharging,Good,370,2734386,3800000,3800000,0,2780729,983334,3922070,3856,33507,resting
2026-07-26T12:24:22.389229,71,3922070,3848313,979953,Discharging,Good,370,2731664,3800000,3800000,0,2787545,979953,3922070,3843,33492,resting
2026-07-26T12:24:32.486671,71,3923046,3848871,959128,Discharging,Good,370,2729000,3800000,3800000,0,2845292,959128,3923046,3762,33460,resting
2026-07-26T12:24:42.573371,71,3928515,3850508,887583,Discharging,Good,370,2726674,3800000,3800000,0,3072021,887583,3928515,3486,33437,resting
2026-07-26T12:24:52.665148,71,3905078,3850935,1179379,Discharging,Good,370,2723398,3800000,3800000,0,2309179,1179379,3905078,4605,33398,resting
2026-07-26T12:25:02.763761,71,3927929,3851479,885739,Discharging,Good,370,2720221,3800000,3800000,0,3071131,885739,3927929,3479,33406,resting
2026-07-26T12:25:12.849383,71,3927539,3852464,884946,Discharging,Good,370,2717876,3800000,3800000,0,3071233,884946,3927539,3475,33382,resting
2026-07-26T12:25:22.935946,71,3925390,3852865,892868,Discharging,Good,370,2715396,3800000,3800000,0,3041206,892868,3925390,3504,33359,resting
2026-07-26T12:25:33.022908,71,3928320,3853298,864878,Discharging,Good,370,2712994,3800000,3800000,0,3136851,864878,3928320,3397,33335,resting
2026-07-26T12:25:43.109882,71,3927929,3854602,862497,Discharging,Good,370,2710965,3800000,3800000,0,3143158,862497,3927929,3387,33328,resting
2026-07-26T12:25:53.196877,71,3920507,3855048,962302,Discharging,Good,370,2708292,3800000,3800000,0,2814388,962302,3920507,3772,33312,resting
2026-07-26T12:26:03.280839,71,3919531,3855499,969894,Discharging,Good,370,2705598,3800000,3800000,0,2789581,969894,3919531,3801,33296,resting
2026-07-26T12:26:13.366641,71,3918359,3856822,967990,Discharging,Good,370,2703541,3800000,3800000,0,2792943,967990,3918359,3792,33296,resting
2026-07-26T12:26:23.464605,71,3918164,3857256,961655,Discharging,Good,370,2700870,3800000,3800000,0,2808564,961655,3918164,3767,33289,resting
2026-07-26T12:26:33.545408,71,3921093,3857687,930271,Discharging,Good,370,2698286,3800000,3800000,0,2900537,930271,3921093,3647,33281,resting
2026-07-26T12:26:43.638597,70,3925781,3858942,859861,Discharging,Good,370,2696045,3800000,3800000,0,3135442,859861,3925781,3375,33281,resting
2026-07-26T12:26:53.719959,70,3916992,3859349,964060,Discharging,Good,370,2693368,3800000,3800000,0,2793776,964060,3916992,3776,33265,resting
2026-07-26T12:27:03.799658,70,3907031,3859641,1053280,Discharging,Good,370,2690443,3800000,3800000,0,2554347,1053280,3907031,4115,33343,resting
2026-07-26T12:27:13.879936,70,3913085,3860320,983286,Discharging,Good,370,2687989,3800000,3800000,0,2733679,983286,3913085,3847,33351,resting
2026-07-26T12:27:23.959975,70,3913671,3860476,981149,Discharging,Good,370,2685264,3800000,3800000,0,2736856,981149,3913671,3839,33351,resting
2026-07-26T12:27:34.039991,70,3920703,3860707,885019,Discharging,Good,370,2682806,3800000,3800000,0,3031354,885019,3920703,3469,33359,resting
2026-07-26T12:27:44.119950,70,3912695,3861235,979074,Discharging,Good,370,2680368,3800000,3800000,0,2737656,979074,3912695,3830,33375,resting
2026-07-26T12:27:54.202015,70,3911328,3861357,981247,Discharging,Good,370,2677643,3800000,3800000,0,2728816,981247,3911328,3837,33390,resting
2026-07-26T12:28:04.281372,70,3911718,3861451,984811,Discharging,Good,370,2674908,3800000,3800000,0,2716163,984811,3911718,3852,33398,resting
2026-07-26T12:28:14.367618,70,3913085,3861714,953293,Discharging,Good,370,2672767,3800000,3800000,0,2803720,953293,3913085,3730,33421,resting
2026-07-26T12:28:24.444556,70,3918554,3861894,873215,Discharging,Good,370,2670342,3800000,3800000,0,3058057,873215,3918554,3421,33460,resting
2026-07-26T12:28:34.526459,70,3894531,3862023,1194161,Discharging,Good,370,2667025,3800000,3800000,0,2233388,1194161,3894531,4649,33484,resting
2026-07-26T12:28:44.610412,70,3886132,3862566,1265682,Discharging,Good,370,2664758,3800000,3800000,0,2105392,1265682,3886132,4917,33578,resting
2026-07-26T12:28:54.686805,70,3909570,3862684,976279,Discharging,Good,370,2662047,3800000,3800000,0,2726727,976279,3909570,3816,33671,resting
2026-07-26T12:29:04.770291,69,3891796,3862660,1159652,Discharging,Good,370,2658826,3800000,3800000,0,2292779,1159652,3891796,4513,33781,resting
2026-07-26T14:21:25.913946,68,3848632,3803892,1995600,Discharging,Good,370,2619935,3800000,3800000,0,1312855,1995600,3848632,7679,29632,resting
2026-07-26T14:21:36.001232,68,3910156,3804065,1115756,Discharging,Good,370,2616884,3800000,3800000,0,2345390,1115756,3910156,4362,29851,resting
2026-07-26T14:21:46.081858,68,3865039,3804100,1527083,Discharging,Good,370,2612643,3800000,3800000,0,1710871,1527083,3865039,5900,30109,resting
2026-07-26T14:21:56.588712,68,3907421,3844065,1063315,Discharging,Good,370,2609742,3800000,3800000,0,2454345,1063315,3907421,4154,30375,resting
2026-07-26T14:22:06.668761,68,3883007,3843999,1333834,Discharging,Good,370,2606037,3800000,3800000,0,1953794,1333834,3883007,5179,30601,resting
2026-07-26T14:22:16.764747,68,3898046,3844064,1111215,Discharging,Good,370,2602951,3800000,3800000,0,2342436,1111215,3898046,4331,30882,resting
2026-07-26T14:49:51.046590,67,3841210,3863038,2012275,Discharging,Good,370,2582345,3800000,3800000,0,1283296,2012275,3841210,7728,33484,resting
2026-07-26T14:50:01.131179,67,3839648,3862037,1906416,Discharging,Good,370,2577722,3800000,3800000,0,1352129,1906416,3839648,7318,33625,resting
2026-07-26T14:50:11.211691,67,3899218,3861568,1103659,Discharging,Good,370,2574657,3800000,3800000,0,2332837,1103659,3899218,4303,33828,resting
2026-07-26T14:50:21.294792,67,3895117,3863915,1145407,Discharging,Good,370,2571862,3800000,3800000,0,2245369,1145407,3895117,4460,33875,resting
2026-07-26T14:50:31.378516,67,3896679,3863860,1127426,Discharging,Good,370,2568731,3800000,3800000,0,2278403,1127426,3896679,4393,33960,resting
2026-07-26T14:50:41.474993,67,3893359,3863716,1142697,Discharging,Good,370,2565557,3800000,3800000,0,2245176,1142697,3893359,4448,34046,resting
2026-07-26T14:50:51.558314,67,3891992,3863046,1156478,Discharging,Good,370,2562452,3800000,3800000,0,2215737,1156478,3891992,4501,34109,resting
2026-07-26T14:51:01.651978,67,3890820,3862786,1133676,Discharging,Good,370,2559303,3800000,3800000,0,2257525,1133676,3890820,4410,34164,resting
2026-07-26T14:51:11.734297,67,3886523,3862513,1147799,Discharging,Good,370,2556115,3800000,3800000,0,2226970,1147799,3886523,4460,34210,resting
2026-07-26T14:51:21.830177,67,3904687,3861883,954562,Discharging,Good,370,2553672,3800000,3800000,0,2675229,954562,3904687,3727,34234,resting
2026-07-26T14:51:31.911850,67,3831445,3861241,1861677,Discharging,Good,370,2548501,3800000,3800000,0,1368927,1861677,3831445,7132,34226,resting
2026-07-26T16:33:56.226457,66,3837304,3843408,1882954,Discharging,Good,370,2544448,3800000,3800000,0,1351306,1882954,3837304,7221,31734,resting
2026-07-26T16:34:06.313747,66,3893554,3842904,1130526,Discharging,Good,370,2541338,3800000,3800000,0,2247925,1130526,3893554,4401,31906,resting
2026-07-26T16:34:16.392180,66,3898632,3842882,1039694,Discharging,Good,370,2538450,3800000,3800000,0,2441535,1039694,3898632,4053,31960,resting
2026-07-26T16:34:26.474356,66,3870898,3843915,1269430,Discharging,Good,370,2535391,3800000,3800000,0,1997267,1269430,3870898,4913,32226,resting
2026-07-26T16:34:36.552035,66,3884960,3843860,1122702,Discharging,Good,370,2532273,3800000,3800000,0,2255516,1122702,3884960,4361,32343,resting
2026-07-26T16:34:46.638279,66,3868750,3843716,1282577,Discharging,Good,370,2528711,3800000,3800000,0,1971586,1282577,3868750,4961,32429,resting
2026-07-26T16:34:56.721270,66,3900000,3843456,921469,Discharging,Good,370,2526296,3800000,3800000,0,2741596,921469,3900000,3593,32507,resting
2026-07-26T16:35:06.808194,66,3896289,3843421,954562,Discharging,Good,370,2523509,3800000,3800000,0,2643630,954562,3896289,3719,32554,resting
2026-07-26T16:35:16.896437,66,3903710,3843548,856430,Discharging,Good,370,2521131,3800000,3800000,0,2943767,856430,3903710,3343,32617,resting
2026-07-26T16:35:26.971592,66,3894921,3843981,961057,Discharging,Good,370,2518755,3800000,3800000,0,2620817,961057,3894921,3743,32648,resting
2026-07-26T16:35:37.050579,66,3893164,3844099,968015,Discharging,Good,370,2516067,3800000,3800000,0,2599202,968015,3893164,3768,32687,resting
2026-07-26T16:35:47.147169,66,3893750,3844176,956809,Discharging,Good,370,2513410,3800000,3800000,0,2626867,956809,3893750,3725,32703,resting
2026-07-26T16:35:57.239629,66,3877539,3844281,1139853,Discharging,Good,370,2510701,3800000,3800000,0,2202653,1139853,3877539,4419,32734,resting
2026-07-26T16:36:07.317801,66,3890039,3844262,966330,Discharging,Good,370,2508017,3800000,3800000,0,2595404,966330,3890039,3759,32773,resting
2026-07-26T16:36:17.404851,65,3888476,3844248,964218,Discharging,Good,370,2505339,3800000,3800000,0,2598311,964218,3888476,3749,32804,resting
2026-07-26T16:36:27.491448,65,3872070,3844016,1167562,Discharging,Good,370,2502897,3800000,3800000,0,2143695,1167562,3872070,4520,32828,resting
2026-07-26T16:36:37.574302,65,3866601,3843771,1191049,Discharging,Good,370,2499589,3800000,3800000,0,2098644,1191049,3866601,4604,32859,resting
2026-07-26T17:03:04.042464,64,3834179,3803457,1778218,Discharging,Good,370,2467927,3800000,3800000,0,1387865,1778218,3834179,6816,31789,resting
2026-07-26T17:03:14.140976,64,3880273,3803122,1148898,Discharging,Good,370,2464756,3800000,3800000,0,2145321,1148898,3880273,4457,31945,resting
2026-07-26T17:03:24.222314,64,3823242,3802772,1740437,Discharging,Good,370,2459922,3800000,3800000,0,1413393,1740437,3823242,6652,32140,resting
2026-07-26T17:03:34.310740,64,3882031,3844000,1037106,Discharging,Good,370,2457223,3800000,3800000,0,2369307,1037106,3882031,4026,32304,resting
2026-07-26T17:03:44.385622,64,3840625,3843673,1530708,Discharging,Good,370,2452972,3800000,3800000,0,1602508,1530708,3840625,5878,32390,resting
2026-07-26T17:03:54.481805,64,3880273,3843460,1012192,Discharging,Good,370,2450161,3800000,3800000,0,2420648,1012192,3880273,3927,32492,resting
2026-07-26T17:04:04.566559,64,3879492,3842868,1054538,Discharging,Good,370,2447586,3800000,3800000,0,2321003,1054538,3879492,4090,32570,resting
2026-07-26T17:04:14.646591,64,3892968,3842842,855368,Discharging,Good,370,2445210,3800000,3800000,0,2858664,855368,3892968,3329,32632,resting
2026-07-26T17:04:24.744810,64,3884960,3842831,952622,Discharging,Good,370,2442564,3800000,3800000,0,2564043,952622,3884960,3700,32695,resting
2026-07-26T17:04:34.831775,64,3892187,3842817,850107,Discharging,Good,370,2440376,3800000,3800000,0,2870669,850107,3892187,3308,32742,resting
2026-07-26T17:04:44.918738,64,3883007,3842822,950046,Discharging,Good,370,2437737,3800000,3800000,0,2565914,950046,3883007,3689,32789,resting
2026-07-26T17:04:54.998556,64,3890234,3842832,848471,Discharging,Good,370,2435381,3800000,3800000,0,2870317,848471,3890234,3300,32851,resting
2026-07-26T17:05:05.079924,64,3881640,3842713,951999,Discharging,Good,370,2433090,3800000,3800000,0,2555769,951999,3881640,3695,32906,resting
2026-07-26T17:05:15.166891,63,3880273,3842679,954282,Discharging,Good,370,2430440,3800000,3800000,0,2546878,954282,3880273,3702,32945,resting
2026-07-26T17:05:25.253892,63,3887304,3842664,865512,Discharging,Good,370,2428036,3800000,3800000,0,2805317,865512,3887304,3364,32968,resting
2026-07-26T17:05:35.340841,63,3879492,3842642,956540,Discharging,Good,370,2425763,3800000,3800000,0,2535976,956540,3879492,3710,33023,resting
2026-07-26T17:05:45.427869,63,3877148,3842539,987790,Discharging,Good,370,2423020,3800000,3800000,0,2452970,987790,3877148,3829,33078,resting
2026-07-26T17:05:55.503092,63,3860546,3842261,1157028,Discharging,Good,370,2419807,3800000,3800000,0,2091398,1157028,3860546,4466,33156,resting
2026-07-26T17:06:05.596529,63,3815234,3841109,1684944,Discharging,Good,370,2416320,3800000,3800000,0,1434065,1684944,3815234,6426,33265,resting
2026-07-26T17:06:15.683494,63,3877148,3840731,903476,Discharging,Good,370,2413811,3800000,3800000,0,2671693,903476,3877148,3502,33406,resting
2026-07-26T17:06:25.778265,63,3862500,3840173,1052743,Discharging,Good,370,2410887,3800000,3800000,0,2290100,1052743,3862500,4066,33570,resting
2026-07-26T17:06:35.865169,63,3864062,3838022,1018906,Discharging,Good,370,2407271,3800000,3800000,0,2362603,1018906,3864062,3937,33742,resting
2026-07-26T17:06:45.946320,63,3824023,3837071,1515926,Discharging,Good,370,2403061,3800000,3800000,0,1585209,1515926,3824023,5795,33851,resting
2026-07-26T17:06:56.034694,63,3860937,3836376,1025864,Discharging,Good,370,2400212,3800000,3800000,0,2339698,1025864,3860937,3960,34125,resting
2026-07-26T17:07:06.115936,63,3857617,3834453,1047775,Discharging,Good,370,2397804,3800000,3800000,0,2288472,1047775,3857617,4041,34226,resting
2026-07-26T17:50:58.222557,62,3817578,3823170,1733674,Discharging,Good,370,2391978,3800000,3800000,0,1379716,1733674,3817578,6617,30007,resting
2026-07-26T17:51:08.309932,62,3865820,3822418,1132943,Discharging,Good,370,2388889,3800000,3800000,0,2108569,1132943,3865820,4379,30164,resting
2026-07-26T17:51:18.390706,62,3800390,3821675,1890314,Discharging,Good,370,2383639,3800000,3800000,0,1260975,1890314,3800390,7181,30226,resting
2026-07-26T17:51:28.474294,62,3853906,3724340,1168966,Discharging,Good,370,2380215,3800000,3800000,0,2036171,1168966,3853906,4504,30500,resting
2026-07-26T17:51:38.556434,62,3855664,3724998,1128451,Discharging,Good,370,2377081,3800000,3800000,0,2106499,1128451,3855664,4350,30585,resting
2026-07-26T17:51:48.642226,62,3853906,3725861,1126461,Discharging,Good,370,2373952,3800000,3800000,0,2107442,1126461,3853906,4341,30687,resting
2026-07-26T17:51:58.728235,62,3876171,3728834,854172,Discharging,Good,370,2371755,3800000,3800000,0,2776671,854172,3876171,3310,30773,resting
2026-07-26T17:52:08.821804,62,3867773,3730109,951474,Discharging,Good,370,2369113,3800000,3800000,0,2489939,951474,3867773,3680,30867,resting
2026-07-26T17:52:18.907012,62,3848242,3731349,1177548,Discharging,Good,370,2365843,3800000,3800000,0,2009126,1177548,3848242,4530,30945,resting
2026-07-26T17:52:30.959857,61,3796093,3763428,1879450,Discharging,Good,370,2353939,3800000,3800000,0,1252461,1879450,3796093,7132,31367,resting
2026-07-26T17:52:41.046296,61,3852929,3763180,1129904,Discharging,Good,370,2350756,3800000,3800000,0,2080491,1129904,3852929,4353,31500,resting
2026-07-26T17:52:51.130320,61,3856054,3763509,1069736,Discharging,Good,370,2347785,3800000,3800000,0,2194733,1069736,3856054,4124,31562,resting
2026-07-26T17:53:01.211916,61,3792382,3803660,1709260,Discharging,Good,370,2343883,3800000,3800000,0,1371285,1709260,3792382,6481,31789,resting
2026-07-26T17:53:11.296856,61,3850195,3803439,1055551,Discharging,Good,370,2340951,3800000,3800000,0,2217752,1055551,3850195,4063,31953,resting
2026-07-26T17:59:21.876368,61,3808398,3802970,1556453,Discharging,Good,370,2336628,3800000,3800000,0,1501251,1556453,3808398,5927,32039,resting
2026-07-26T17:59:31.961279,61,3855078,3801768,964267,Discharging,Good,370,2334120,3800000,3800000,0,2420615,964267,3855078,3717,32164,resting
2026-07-26T17:59:42.047827,61,3851367,3801685,996652,Discharging,Good,370,2331352,3800000,3800000,0,2339183,996652,3851367,3838,32273,resting
2026-07-26T17:59:52.122258,61,3851562,3801643,997263,Discharging,Good,370,2328582,3800000,3800000,0,2334972,997263,3851562,3841,32320,resting
2026-07-26T18:00:02.124220,61,3819335,3801414,1388997,Discharging,Good,370,2325402,3800000,3800000,0,1674159,1388997,3819335,5304,32375,resting
2026-07-26T18:00:12.210500,61,3845117,3801320,1045260,Discharging,Good,370,2322499,3800000,3800000,0,2221934,1045260,3845117,4018,32429,resting
2026-07-26T18:00:22.294552,61,3846289,3801273,1018332,Discharging,Good,370,2319671,3800000,3800000,0,2277912,1018332,3846289,3916,32492,resting
2026-07-26T18:00:32.375607,60,3830273,3801054,1198764,Discharging,Good,370,2317160,3800000,3800000,0,1932957,1198764,3830273,4591,32539,resting
2026-07-26T18:00:42.457201,60,3830664,3800695,1181295,Discharging,Good,370,2314181,3800000,3800000,0,1959020,1181295,3830664,4525,32585,resting
2026-07-26T18:00:52.543939,60,3844335,3800263,1012607,Discharging,Good,370,2311369,3800000,3800000,0,2282592,1012607,3844335,3891,32617,resting
2026-07-26T18:01:02.630479,60,3852734,3799298,906052,Discharging,Good,370,2308990,3800000,3800000,0,2548407,906052,3852734,3490,32640,resting
2026-07-26T18:01:12.707927,60,3849609,3799161,911606,Discharging,Good,370,2306458,3800000,3800000,0,2530104,911606,3849609,3509,32671,resting
2026-07-26T18:01:22.794172,60,3841992,3799098,1020627,Discharging,Good,370,2303623,3800000,3800000,0,2257066,1020627,3841992,3921,32695,resting
2026-07-26T18:01:32.881298,60,3844531,3799009,978867,Discharging,Good,370,2301262,3800000,3800000,0,2350944,978867,3844531,3763,32703,resting
2026-07-26T18:01:42.962455,60,3839453,3799027,1021542,Discharging,Good,370,2298425,3800000,3800000,0,2249956,1021542,3839453,3922,32734,resting
2026-07-26T18:01:53.044517,60,3837304,3798957,1074631,Discharging,Good,370,2295440,3800000,3800000,0,2136026,1074631,3837304,4123,32757,resting
2026-07-26T18:02:03.127816,60,3847656,3798628,908884,Discharging,Good,370,2292747,3800000,3800000,0,2522595,908884,3847656,3497,32820,resting
2026-07-26T18:02:13.204114,60,3823046,3798376,1206430,Discharging,Good,370,2289396,3800000,3800000,0,1897661,1206430,3823046,4611,32843,resting
2026-07-26T18:02:23.286070,60,3823242,3798023,1183322,Discharging,Good,370,2286109,3800000,3800000,0,1931941,1183322,3823242,4524,32875,resting
2026-07-26T18:02:33.374506,60,3841992,3797137,942807,Discharging,Good,370,2283598,3800000,3800000,0,2422126,942807,3841992,3623,32921,resting
